<instance format="XCSP3" type="CSP">
  <variables>
    <array id="x" size="[225]"> 0..14 </array>
  </variables>
  <constraints>
    <group>
      <intension> gt(0,mul(sub(%0,%1),sub(%2,%3))) </intension>
      <args> x[0] x[101] x[101] x[0] </args>
      <args> x[0] x[168] x[168] x[0] </args>
      <args> x[0] x[98] x[98] x[0] </args>
      <args> x[1] x[109] x[109] x[1] </args>
      <args> x[1] x[136] x[136] x[1] </args>
      <args> x[1] x[160] x[160] x[1] </args>
      <args> x[1] x[178] x[178] x[1] </args>
      <args> x[1] x[188] x[188] x[1] </args>
      <args> x[1] x[29] x[29] x[1] </args>
      <args> x[1] x[51] x[51] x[1] </args>
      <args> x[1] x[8] x[8] x[1] </args>
      <args> x[10] x[16] x[16] x[10] </args>
      <args> x[10] x[20] x[20] x[10] </args>
      <args> x[10] x[87] x[87] x[10] </args>
      <args> x[10] x[96] x[96] x[10] </args>
      <args> x[100] x[180] x[180] x[100] </args>
      <args> x[100] x[199] x[199] x[100] </args>
      <args> x[101] x[162] x[162] x[101] </args>
      <args> x[101] x[163] x[163] x[101] </args>
      <args> x[103] x[84] x[84] x[103] </args>
      <args> x[103] x[88] x[88] x[103] </args>
      <args> x[103] x[93] x[93] x[103] </args>
      <args> x[106] x[127] x[127] x[106] </args>
      <args> x[106] x[15] x[15] x[106] </args>
      <args> x[106] x[152] x[152] x[106] </args>
      <args> x[106] x[217] x[217] x[106] </args>
      <args> x[106] x[73] x[73] x[106] </args>
      <args> x[107] x[124] x[124] x[107] </args>
      <args> x[107] x[134] x[134] x[107] </args>
      <args> x[107] x[190] x[190] x[107] </args>
      <args> x[107] x[215] x[215] x[107] </args>
      <args> x[108] x[67] x[67] x[108] </args>
      <args> x[110] x[111] x[111] x[110] </args>
      <args> x[112] x[207] x[207] x[112] </args>
      <args> x[112] x[71] x[71] x[112] </args>
      <args> x[113] x[14] x[14] x[113] </args>
      <args> x[113] x[162] x[162] x[113] </args>
      <args> x[113] x[163] x[163] x[113] </args>
      <args> x[113] x[55] x[55] x[113] </args>
      <args> x[114] x[105] x[105] x[114] </args>
      <args> x[114] x[119] x[119] x[114] </args>
      <args> x[114] x[211] x[211] x[114] </args>
      <args> x[114] x[24] x[24] x[114] </args>
      <args> x[115] x[221] x[221] x[115] </args>
      <args> x[117] x[10] x[10] x[117] </args>
      <args> x[117] x[155] x[155] x[117] </args>
      <args> x[117] x[16] x[16] x[117] </args>
      <args> x[117] x[20] x[20] x[117] </args>
      <args> x[117] x[213] x[213] x[117] </args>
      <args> x[117] x[32] x[32] x[117] </args>
      <args> x[117] x[87] x[87] x[117] </args>
      <args> x[117] x[91] x[91] x[117] </args>
      <args> x[118] x[47] x[47] x[118] </args>
      <args> x[120] x[111] x[111] x[120] </args>
      <args> x[120] x[157] x[157] x[120] </args>
      <args> x[120] x[184] x[184] x[120] </args>
      <args> x[120] x[26] x[26] x[120] </args>
      <args> x[120] x[83] x[83] x[120] </args>
      <args> x[122] x[105] x[105] x[122] </args>
      <args> x[122] x[119] x[119] x[122] </args>
      <args> x[122] x[211] x[211] x[122] </args>
      <args> x[123] x[112] x[112] x[123] </args>
      <args> x[123] x[167] x[167] x[123] </args>
      <args> x[124] x[128] x[128] x[124] </args>
      <args> x[124] x[134] x[134] x[124] </args>
      <args> x[124] x[150] x[150] x[124] </args>
      <args> x[124] x[151] x[151] x[124] </args>
      <args> x[124] x[190] x[190] x[124] </args>
      <args> x[127] x[217] x[217] x[127] </args>
      <args> x[129] x[11] x[11] x[129] </args>
      <args> x[129] x[146] x[146] x[129] </args>
      <args> x[129] x[153] x[153] x[129] </args>
      <args> x[129] x[78] x[78] x[129] </args>
      <args> x[13] x[199] x[199] x[13] </args>
      <args> x[130] x[136] x[136] x[130] </args>
      <args> x[130] x[140] x[140] x[130] </args>
      <args> x[130] x[160] x[160] x[130] </args>
      <args> x[130] x[178] x[178] x[130] </args>
      <args> x[130] x[192] x[192] x[130] </args>
      <args> x[130] x[29] x[29] x[130] </args>
      <args> x[130] x[4] x[4] x[130] </args>
      <args> x[130] x[64] x[64] x[130] </args>
      <args> x[130] x[68] x[68] x[130] </args>
      <args> x[131] x[10] x[10] x[131] </args>
      <args> x[131] x[16] x[16] x[131] </args>
      <args> x[131] x[166] x[166] x[131] </args>
      <args> x[131] x[32] x[32] x[131] </args>
      <args> x[131] x[75] x[75] x[131] </args>
      <args> x[131] x[91] x[91] x[131] </args>
      <args> x[131] x[96] x[96] x[131] </args>
      <args> x[133] x[17] x[17] x[133] </args>
      <args> x[133] x[93] x[93] x[133] </args>
      <args> x[134] x[128] x[128] x[134] </args>
      <args> x[134] x[150] x[150] x[134] </args>
      <args> x[134] x[151] x[151] x[134] </args>
      <args> x[134] x[190] x[190] x[134] </args>
      <args> x[134] x[216] x[216] x[134] </args>
      <args> x[135] x[148] x[148] x[135] </args>
      <args> x[135] x[165] x[165] x[135] </args>
      <args> x[135] x[208] x[208] x[135] </args>
      <args> x[135] x[210] x[210] x[135] </args>
      <args> x[135] x[57] x[57] x[135] </args>
      <args> x[135] x[58] x[58] x[135] </args>
      <args> x[136] x[109] x[109] x[136] </args>
      <args> x[136] x[140] x[140] x[136] </args>
      <args> x[136] x[188] x[188] x[136] </args>
      <args> x[136] x[192] x[192] x[136] </args>
      <args> x[136] x[29] x[29] x[136] </args>
      <args> x[136] x[4] x[4] x[136] </args>
      <args> x[136] x[64] x[64] x[136] </args>
      <args> x[137] x[214] x[214] x[137] </args>
      <args> x[137] x[224] x[224] x[137] </args>
      <args> x[137] x[53] x[53] x[137] </args>
      <args> x[137] x[56] x[56] x[137] </args>
      <args> x[138] x[167] x[167] x[138] </args>
      <args> x[138] x[207] x[207] x[138] </args>
      <args> x[139] x[137] x[137] x[139] </args>
      <args> x[139] x[214] x[214] x[139] </args>
      <args> x[139] x[224] x[224] x[139] </args>
      <args> x[139] x[46] x[46] x[139] </args>
      <args> x[139] x[53] x[53] x[139] </args>
      <args> x[14] x[101] x[101] x[14] </args>
      <args> x[14] x[162] x[162] x[14] </args>
      <args> x[14] x[168] x[168] x[14] </args>
      <args> x[141] x[170] x[170] x[141] </args>
      <args> x[141] x[31] x[31] x[141] </args>
      <args> x[141] x[33] x[33] x[141] </args>
      <args> x[142] x[108] x[108] x[142] </args>
      <args> x[142] x[67] x[67] x[142] </args>
      <args> x[143] x[17] x[17] x[143] </args>
      <args> x[143] x[221] x[221] x[143] </args>
      <args> x[143] x[84] x[84] x[143] </args>
      <args> x[143] x[88] x[88] x[143] </args>
      <args> x[143] x[93] x[93] x[143] </args>
      <args> x[145] x[102] x[102] x[145] </args>
      <args> x[145] x[135] x[135] x[145] </args>
      <args> x[145] x[154] x[154] x[145] </args>
      <args> x[145] x[185] x[185] x[145] </args>
      <args> x[145] x[66] x[66] x[145] </args>
      <args> x[146] x[11] x[11] x[146] </args>
      <args> x[146] x[153] x[153] x[146] </args>
      <args> x[146] x[195] x[195] x[146] </args>
      <args> x[146] x[200] x[200] x[146] </args>
      <args> x[146] x[35] x[35] x[146] </args>
      <args> x[146] x[78] x[78] x[146] </args>
      <args> x[147] x[141] x[141] x[147] </args>
      <args> x[147] x[31] x[31] x[147] </args>
      <args> x[147] x[33] x[33] x[147] </args>
      <args> x[147] x[36] x[36] x[147] </args>
      <args> x[147] x[42] x[42] x[147] </args>
      <args> x[147] x[80] x[80] x[147] </args>
      <args> x[147] x[9] x[9] x[147] </args>
      <args> x[147] x[92] x[92] x[147] </args>
      <args> x[148] x[197] x[197] x[148] </args>
      <args> x[148] x[208] x[208] x[148] </args>
      <args> x[148] x[210] x[210] x[148] </args>
      <args> x[148] x[58] x[58] x[148] </args>
      <args> x[149] x[138] x[138] x[149] </args>
      <args> x[149] x[172] x[172] x[149] </args>
      <args> x[149] x[189] x[189] x[149] </args>
      <args> x[15] x[217] x[217] x[15] </args>
      <args> x[151] x[128] x[128] x[151] </args>
      <args> x[152] x[126] x[126] x[152] </args>
      <args> x[152] x[217] x[217] x[152] </args>
      <args> x[152] x[219] x[219] x[152] </args>
      <args> x[152] x[47] x[47] x[152] </args>
      <args> x[153] x[183] x[183] x[153] </args>
      <args> x[153] x[2] x[2] x[153] </args>
      <args> x[155] x[16] x[16] x[155] </args>
      <args> x[156] x[11] x[11] x[156] </args>
      <args> x[156] x[153] x[153] x[156] </args>
      <args> x[156] x[183] x[183] x[156] </args>
      <args> x[157] x[110] x[110] x[157] </args>
      <args> x[157] x[26] x[26] x[157] </args>
      <args> x[157] x[83] x[83] x[157] </args>
      <args> x[158] x[146] x[146] x[158] </args>
      <args> x[158] x[153] x[153] x[158] </args>
      <args> x[158] x[156] x[156] x[158] </args>
      <args> x[158] x[183] x[183] x[158] </args>
      <args> x[158] x[35] x[35] x[158] </args>
      <args> x[158] x[78] x[78] x[158] </args>
      <args> x[159] x[13] x[13] x[159] </args>
      <args> x[159] x[179] x[179] x[159] </args>
      <args> x[159] x[3] x[3] x[159] </args>
      <args> x[159] x[40] x[40] x[159] </args>
      <args> x[16] x[166] x[166] x[16] </args>
      <args> x[16] x[213] x[213] x[16] </args>
      <args> x[160] x[136] x[136] x[160] </args>
      <args> x[160] x[64] x[64] x[160] </args>
      <args> x[161] x[141] x[141] x[161] </args>
      <args> x[161] x[170] x[170] x[161] </args>
      <args> x[161] x[31] x[31] x[161] </args>
      <args> x[161] x[42] x[42] x[161] </args>
      <args> x[161] x[80] x[80] x[161] </args>
      <args> x[164] x[107] x[107] x[164] </args>
      <args> x[164] x[124] x[124] x[164] </args>
      <args> x[164] x[134] x[134] x[164] </args>
      <args> x[164] x[216] x[216] x[164] </args>
      <args> x[165] x[148] x[148] x[165] </args>
      <args> x[165] x[208] x[208] x[165] </args>
      <args> x[165] x[210] x[210] x[165] </args>
      <args> x[165] x[99] x[99] x[165] </args>
      <args> x[168] x[163] x[163] x[168] </args>
      <args> x[169] x[115] x[115] x[169] </args>
      <args> x[169] x[221] x[221] x[169] </args>
      <args> x[169] x[69] x[69] x[169] </args>
      <args> x[169] x[93] x[93] x[169] </args>
      <args> x[17] x[221] x[221] x[17] </args>
      <args> x[17] x[93] x[93] x[17] </args>
      <args> x[170] x[31] x[31] x[170] </args>
      <args> x[170] x[5] x[5] x[170] </args>
      <args> x[170] x[80] x[80] x[170] </args>
      <args> x[170] x[92] x[92] x[170] </args>
      <args> x[172] x[112] x[112] x[172] </args>
      <args> x[172] x[167] x[167] x[172] </args>
      <args> x[172] x[71] x[71] x[172] </args>
      <args> x[173] x[13] x[13] x[173] </args>
      <args> x[173] x[180] x[180] x[173] </args>
      <args> x[173] x[199] x[199] x[173] </args>
      <args> x[173] x[212] x[212] x[173] </args>
      <args> x[173] x[3] x[3] x[173] </args>
      <args> x[173] x[40] x[40] x[173] </args>
      <args> x[173] x[60] x[60] x[173] </args>
      <args> x[174] x[13] x[13] x[174] </args>
      <args> x[174] x[159] x[159] x[174] </args>
      <args> x[174] x[176] x[176] x[174] </args>
      <args> x[174] x[199] x[199] x[174] </args>
      <args> x[174] x[60] x[60] x[174] </args>
      <args> x[175] x[124] x[124] x[175] </args>
      <args> x[175] x[134] x[134] x[175] </args>
      <args> x[175] x[150] x[150] x[175] </args>
      <args> x[175] x[45] x[45] x[175] </args>
      <args> x[176] x[13] x[13] x[176] </args>
      <args> x[176] x[159] x[159] x[176] </args>
      <args> x[176] x[203] x[203] x[176] </args>
      <args> x[176] x[212] x[212] x[176] </args>
      <args> x[176] x[40] x[40] x[176] </args>
      <args> x[176] x[60] x[60] x[176] </args>
      <args> x[177] x[137] x[137] x[177] </args>
      <args> x[177] x[181] x[181] x[177] </args>
      <args> x[177] x[224] x[224] x[177] </args>
      <args> x[177] x[53] x[53] x[177] </args>
      <args> x[177] x[62] x[62] x[177] </args>
      <args> x[178] x[109] x[109] x[178] </args>
      <args> x[178] x[140] x[140] x[178] </args>
      <args> x[178] x[4] x[4] x[178] </args>
      <args> x[179] x[199] x[199] x[179] </args>
      <args> x[179] x[203] x[203] x[179] </args>
      <args> x[18] x[191] x[191] x[18] </args>
      <args> x[18] x[59] x[59] x[18] </args>
      <args> x[18] x[67] x[67] x[18] </args>
      <args> x[180] x[13] x[13] x[180] </args>
      <args> x[180] x[179] x[179] x[180] </args>
      <args> x[180] x[199] x[199] x[180] </args>
      <args> x[180] x[212] x[212] x[180] </args>
      <args> x[180] x[3] x[3] x[180] </args>
      <args> x[181] x[224] x[224] x[181] </args>
      <args> x[182] x[139] x[139] x[182] </args>
      <args> x[182] x[181] x[181] x[182] </args>
      <args> x[182] x[220] x[220] x[182] </args>
      <args> x[182] x[53] x[53] x[182] </args>
      <args> x[183] x[2] x[2] x[183] </args>
      <args> x[184] x[111] x[111] x[184] </args>
      <args> x[184] x[121] x[121] x[184] </args>
      <args> x[184] x[41] x[41] x[184] </args>
      <args> x[184] x[83] x[83] x[184] </args>
      <args> x[184] x[89] x[89] x[184] </args>
      <args> x[184] x[95] x[95] x[184] </args>
      <args> x[185] x[102] x[102] x[185] </args>
      <args> x[185] x[154] x[154] x[185] </args>
      <args> x[185] x[165] x[165] x[185] </args>
      <args> x[185] x[210] x[210] x[185] </args>
      <args> x[185] x[57] x[57] x[185] </args>
      <args> x[185] x[66] x[66] x[185] </args>
      <args> x[186] x[105] x[105] x[186] </args>
      <args> x[186] x[114] x[114] x[186] </args>
      <args> x[186] x[119] x[119] x[186] </args>
      <args> x[186] x[193] x[193] x[186] </args>
      <args> x[186] x[206] x[206] x[186] </args>
      <args> x[186] x[223] x[223] x[186] </args>
      <args> x[187] x[101] x[101] x[187] </args>
      <args> x[187] x[14] x[14] x[187] </args>
      <args> x[187] x[37] x[37] x[187] </args>
      <args> x[188] x[109] x[109] x[188] </args>
      <args> x[188] x[140] x[140] x[188] </args>
      <args> x[188] x[29] x[29] x[188] </args>
      <args> x[188] x[4] x[4] x[188] </args>
      <args> x[189] x[112] x[112] x[189] </args>
      <args> x[189] x[71] x[71] x[189] </args>
      <args> x[19] x[191] x[191] x[19] </args>
      <args> x[19] x[194] x[194] x[19] </args>
      <args> x[19] x[59] x[59] x[19] </args>
      <args> x[19] x[67] x[67] x[19] </args>
      <args> x[19] x[72] x[72] x[19] </args>
      <args> x[19] x[81] x[81] x[19] </args>
      <args> x[191] x[108] x[108] x[191] </args>
      <args> x[191] x[67] x[67] x[191] </args>
      <args> x[192] x[109] x[109] x[192] </args>
      <args> x[192] x[178] x[178] x[192] </args>
      <args> x[192] x[188] x[188] x[192] </args>
      <args> x[192] x[29] x[29] x[192] </args>
      <args> x[192] x[64] x[64] x[192] </args>
      <args> x[193] x[114] x[114] x[193] </args>
      <args> x[193] x[122] x[122] x[193] </args>
      <args> x[193] x[211] x[211] x[193] </args>
      <args> x[193] x[24] x[24] x[193] </args>
      <args> x[193] x[50] x[50] x[193] </args>
      <args> x[194] x[108] x[108] x[194] </args>
      <args> x[194] x[142] x[142] x[194] </args>
      <args> x[194] x[18] x[18] x[194] </args>
      <args> x[194] x[191] x[191] x[194] </args>
      <args> x[195] x[153] x[153] x[195] </args>
      <args> x[195] x[2] x[2] x[195] </args>
      <args> x[195] x[35] x[35] x[195] </args>
      <args> x[195] x[78] x[78] x[195] </args>
      <args> x[196] x[112] x[112] x[196] </args>
      <args> x[196] x[123] x[123] x[196] </args>
      <args> x[196] x[167] x[167] x[196] </args>
      <args> x[196] x[207] x[207] x[196] </args>
      <args> x[196] x[71] x[71] x[196] </args>
      <args> x[197] x[154] x[154] x[197] </args>
      <args> x[197] x[208] x[208] x[197] </args>
      <args> x[197] x[210] x[210] x[197] </args>
      <args> x[197] x[57] x[57] x[197] </args>
      <args> x[197] x[66] x[66] x[197] </args>
      <args> x[197] x[99] x[99] x[197] </args>
      <args> x[2] x[78] x[78] x[2] </args>
      <args> x[20] x[16] x[16] x[20] </args>
      <args> x[20] x[213] x[213] x[20] </args>
      <args> x[20] x[87] x[87] x[20] </args>
      <args> x[200] x[183] x[183] x[200] </args>
      <args> x[200] x[195] x[195] x[200] </args>
      <args> x[200] x[78] x[78] x[200] </args>
      <args> x[202] x[118] x[118] x[202] </args>
      <args> x[202] x[15] x[15] x[202] </args>
      <args> x[202] x[152] x[152] x[202] </args>
      <args> x[202] x[217] x[217] x[202] </args>
      <args> x[202] x[219] x[219] x[202] </args>
      <args> x[202] x[47] x[47] x[202] </args>
      <args> x[202] x[73] x[73] x[202] </args>
      <args> x[203] x[3] x[3] x[203] </args>
      <args> x[204] x[110] x[110] x[204] </args>
      <args> x[204] x[120] x[120] x[204] </args>
      <args> x[204] x[121] x[121] x[204] </args>
      <args> x[204] x[157] x[157] x[204] </args>
      <args> x[204] x[184] x[184] x[204] </args>
      <args> x[204] x[26] x[26] x[204] </args>
      <args> x[204] x[41] x[41] x[204] </args>
      <args> x[204] x[89] x[89] x[204] </args>
      <args> x[204] x[95] x[95] x[204] </args>
      <args> x[205] x[108] x[108] x[205] </args>
      <args> x[205] x[59] x[59] x[205] </args>
      <args> x[205] x[63] x[63] x[205] </args>
      <args> x[205] x[67] x[67] x[205] </args>
      <args> x[206] x[50] x[50] x[206] </args>
      <args> x[207] x[71] x[71] x[207] </args>
      <args> x[208] x[57] x[57] x[208] </args>
      <args> x[209] x[101] x[101] x[209] </args>
      <args> x[209] x[113] x[113] x[209] </args>
      <args> x[209] x[163] x[163] x[209] </args>
      <args> x[209] x[168] x[168] x[209] </args>
      <args> x[209] x[55] x[55] x[209] </args>
      <args> x[209] x[61] x[61] x[209] </args>
      <args> x[209] x[85] x[85] x[209] </args>
      <args> x[21] x[112] x[112] x[21] </args>
      <args> x[21] x[123] x[123] x[21] </args>
      <args> x[21] x[167] x[167] x[21] </args>
      <args> x[21] x[196] x[196] x[21] </args>
      <args> x[21] x[207] x[207] x[21] </args>
      <args> x[21] x[71] x[71] x[21] </args>
      <args> x[210] x[102] x[102] x[210] </args>
      <args> x[210] x[154] x[154] x[210] </args>
      <args> x[211] x[119] x[119] x[211] </args>
      <args> x[212] x[203] x[203] x[212] </args>
      <args> x[212] x[3] x[3] x[212] </args>
      <args> x[213] x[166] x[166] x[213] </args>
      <args> x[214] x[181] x[181] x[214] </args>
      <args> x[214] x[224] x[224] x[214] </args>
      <args> x[214] x[56] x[56] x[214] </args>
      <args> x[215] x[124] x[124] x[215] </args>
      <args> x[215] x[134] x[134] x[215] </args>
      <args> x[215] x[151] x[151] x[215] </args>
      <args> x[216] x[190] x[190] x[216] </args>
      <args> x[219] x[217] x[217] x[219] </args>
      <args> x[219] x[47] x[47] x[219] </args>
      <args> x[219] x[73] x[73] x[219] </args>
      <args> x[22] x[106] x[106] x[22] </args>
      <args> x[22] x[118] x[118] x[22] </args>
      <args> x[22] x[152] x[152] x[22] </args>
      <args> x[22] x[219] x[219] x[22] </args>
      <args> x[22] x[28] x[28] x[22] </args>
      <args> x[220] x[139] x[139] x[220] </args>
      <args> x[220] x[181] x[181] x[220] </args>
      <args> x[220] x[46] x[46] x[220] </args>
      <args> x[220] x[56] x[56] x[220] </args>
      <args> x[222] x[153] x[153] x[222] </args>
      <args> x[222] x[156] x[156] x[222] </args>
      <args> x[222] x[2] x[2] x[222] </args>
      <args> x[222] x[78] x[78] x[222] </args>
      <args> x[223] x[119] x[119] x[223] </args>
      <args> x[223] x[193] x[193] x[223] </args>
      <args> x[223] x[24] x[24] x[223] </args>
      <args> x[24] x[105] x[105] x[24] </args>
      <args> x[24] x[119] x[119] x[24] </args>
      <args> x[24] x[122] x[122] x[24] </args>
      <args> x[25] x[115] x[115] x[25] </args>
      <args> x[25] x[143] x[143] x[25] </args>
      <args> x[25] x[169] x[169] x[25] </args>
      <args> x[25] x[69] x[69] x[25] </args>
      <args> x[25] x[88] x[88] x[25] </args>
      <args> x[27] x[117] x[117] x[27] </args>
      <args> x[27] x[16] x[16] x[27] </args>
      <args> x[27] x[32] x[32] x[27] </args>
      <args> x[27] x[96] x[96] x[27] </args>
      <args> x[28] x[126] x[126] x[28] </args>
      <args> x[28] x[152] x[152] x[28] </args>
      <args> x[28] x[202] x[202] x[28] </args>
      <args> x[28] x[217] x[217] x[28] </args>
      <args> x[29] x[140] x[140] x[29] </args>
      <args> x[30] x[147] x[147] x[30] </args>
      <args> x[30] x[161] x[161] x[30] </args>
      <args> x[30] x[170] x[170] x[30] </args>
      <args> x[30] x[31] x[31] x[30] </args>
      <args> x[30] x[42] x[42] x[30] </args>
      <args> x[30] x[80] x[80] x[30] </args>
      <args> x[30] x[9] x[9] x[30] </args>
      <args> x[30] x[92] x[92] x[30] </args>
      <args> x[31] x[33] x[33] x[31] </args>
      <args> x[31] x[5] x[5] x[31] </args>
      <args> x[32] x[16] x[16] x[32] </args>
      <args> x[32] x[213] x[213] x[32] </args>
      <args> x[34] x[105] x[105] x[34] </args>
      <args> x[34] x[119] x[119] x[34] </args>
      <args> x[34] x[122] x[122] x[34] </args>
      <args> x[34] x[211] x[211] x[34] </args>
      <args> x[34] x[50] x[50] x[34] </args>
      <args> x[35] x[2] x[2] x[35] </args>
      <args> x[35] x[78] x[78] x[35] </args>
      <args> x[36] x[42] x[42] x[36] </args>
      <args> x[36] x[80] x[80] x[36] </args>
      <args> x[36] x[9] x[9] x[36] </args>
      <args> x[36] x[92] x[92] x[36] </args>
      <args> x[37] x[14] x[14] x[37] </args>
      <args> x[37] x[162] x[162] x[37] </args>
      <args> x[37] x[163] x[163] x[37] </args>
      <args> x[37] x[168] x[168] x[37] </args>
      <args> x[37] x[61] x[61] x[37] </args>
      <args> x[38] x[112] x[112] x[38] </args>
      <args> x[38] x[123] x[123] x[38] </args>
      <args> x[38] x[149] x[149] x[38] </args>
      <args> x[38] x[189] x[189] x[38] </args>
      <args> x[38] x[196] x[196] x[38] </args>
      <args> x[38] x[207] x[207] x[38] </args>
      <args> x[38] x[94] x[94] x[38] </args>
      <args> x[39] x[138] x[138] x[39] </args>
      <args> x[40] x[199] x[199] x[40] </args>
      <args> x[40] x[212] x[212] x[40] </args>
      <args> x[41] x[121] x[121] x[41] </args>
      <args> x[41] x[95] x[95] x[41] </args>
      <args> x[42] x[170] x[170] x[42] </args>
      <args> x[42] x[31] x[31] x[42] </args>
      <args> x[42] x[5] x[5] x[42] </args>
      <args> x[42] x[80] x[80] x[42] </args>
      <args> x[42] x[9] x[9] x[42] </args>
      <args> x[42] x[92] x[92] x[42] </args>
      <args> x[43] x[103] x[103] x[43] </args>
      <args> x[43] x[84] x[84] x[43] </args>
      <args> x[43] x[93] x[93] x[43] </args>
      <args> x[44] x[115] x[115] x[44] </args>
      <args> x[44] x[17] x[17] x[44] </args>
      <args> x[44] x[221] x[221] x[44] </args>
      <args> x[44] x[25] x[25] x[44] </args>
      <args> x[44] x[43] x[43] x[44] </args>
      <args> x[44] x[69] x[69] x[44] </args>
      <args> x[44] x[84] x[84] x[44] </args>
      <args> x[44] x[88] x[88] x[44] </args>
      <args> x[44] x[93] x[93] x[44] </args>
      <args> x[45] x[128] x[128] x[45] </args>
      <args> x[45] x[151] x[151] x[45] </args>
      <args> x[45] x[164] x[164] x[45] </args>
      <args> x[46] x[137] x[137] x[46] </args>
      <args> x[46] x[181] x[181] x[46] </args>
      <args> x[46] x[214] x[214] x[46] </args>
      <args> x[46] x[53] x[53] x[46] </args>
      <args> x[47] x[127] x[127] x[47] </args>
      <args> x[47] x[15] x[15] x[47] </args>
      <args> x[47] x[73] x[73] x[47] </args>
      <args> x[48] x[181] x[181] x[48] </args>
      <args> x[48] x[214] x[214] x[48] </args>
      <args> x[48] x[224] x[224] x[48] </args>
      <args> x[48] x[46] x[46] x[48] </args>
      <args> x[48] x[56] x[56] x[48] </args>
      <args> x[50] x[105] x[105] x[50] </args>
      <args> x[50] x[119] x[119] x[50] </args>
      <args> x[51] x[160] x[160] x[51] </args>
      <args> x[51] x[178] x[178] x[51] </args>
      <args> x[51] x[188] x[188] x[51] </args>
      <args> x[51] x[29] x[29] x[51] </args>
      <args> x[51] x[4] x[4] x[51] </args>
      <args> x[51] x[64] x[64] x[51] </args>
      <args> x[51] x[68] x[68] x[51] </args>
      <args> x[51] x[8] x[8] x[51] </args>
      <args> x[53] x[224] x[224] x[53] </args>
      <args> x[53] x[56] x[56] x[53] </args>
      <args> x[54] x[128] x[128] x[54] </args>
      <args> x[54] x[134] x[134] x[54] </args>
      <args> x[54] x[151] x[151] x[54] </args>
      <args> x[55] x[14] x[14] x[55] </args>
      <args> x[55] x[168] x[168] x[55] </args>
      <args> x[55] x[187] x[187] x[55] </args>
      <args> x[55] x[85] x[85] x[55] </args>
      <args> x[55] x[98] x[98] x[55] </args>
      <args> x[56] x[181] x[181] x[56] </args>
      <args> x[57] x[102] x[102] x[57] </args>
      <args> x[57] x[154] x[154] x[57] </args>
      <args> x[57] x[210] x[210] x[57] </args>
      <args> x[58] x[102] x[102] x[58] </args>
      <args> x[58] x[210] x[210] x[58] </args>
      <args> x[6] x[124] x[124] x[6] </args>
      <args> x[6] x[128] x[128] x[6] </args>
      <args> x[6] x[150] x[150] x[6] </args>
      <args> x[6] x[164] x[164] x[6] </args>
      <args> x[6] x[190] x[190] x[6] </args>
      <args> x[60] x[100] x[100] x[60] </args>
      <args> x[60] x[159] x[159] x[60] </args>
      <args> x[60] x[179] x[179] x[60] </args>
      <args> x[60] x[180] x[180] x[60] </args>
      <args> x[60] x[203] x[203] x[60] </args>
      <args> x[60] x[212] x[212] x[60] </args>
      <args> x[61] x[14] x[14] x[61] </args>
      <args> x[61] x[162] x[162] x[61] </args>
      <args> x[61] x[168] x[168] x[61] </args>
      <args> x[61] x[85] x[85] x[61] </args>
      <args> x[62] x[137] x[137] x[62] </args>
      <args> x[62] x[214] x[214] x[62] </args>
      <args> x[62] x[46] x[46] x[62] </args>
      <args> x[62] x[53] x[53] x[62] </args>
      <args> x[62] x[56] x[56] x[62] </args>
      <args> x[63] x[108] x[108] x[63] </args>
      <args> x[63] x[198] x[198] x[63] </args>
      <args> x[64] x[140] x[140] x[64] </args>
      <args> x[65] x[111] x[111] x[65] </args>
      <args> x[65] x[184] x[184] x[65] </args>
      <args> x[65] x[26] x[26] x[65] </args>
      <args> x[65] x[41] x[41] x[65] </args>
      <args> x[65] x[95] x[95] x[65] </args>
      <args> x[66] x[208] x[208] x[66] </args>
      <args> x[66] x[57] x[57] x[66] </args>
      <args> x[66] x[58] x[58] x[66] </args>
      <args> x[67] x[59] x[59] x[67] </args>
      <args> x[68] x[109] x[109] x[68] </args>
      <args> x[68] x[136] x[136] x[68] </args>
      <args> x[68] x[140] x[140] x[68] </args>
      <args> x[68] x[192] x[192] x[68] </args>
      <args> x[69] x[115] x[115] x[69] </args>
      <args> x[69] x[133] x[133] x[69] </args>
      <args> x[69] x[88] x[88] x[69] </args>
      <args> x[7] x[108] x[108] x[7] </args>
      <args> x[7] x[142] x[142] x[7] </args>
      <args> x[7] x[191] x[191] x[7] </args>
      <args> x[70] x[118] x[118] x[70] </args>
      <args> x[70] x[127] x[127] x[70] </args>
      <args> x[70] x[15] x[15] x[70] </args>
      <args> x[70] x[152] x[152] x[70] </args>
      <args> x[70] x[202] x[202] x[70] </args>
      <args> x[70] x[219] x[219] x[70] </args>
      <args> x[70] x[22] x[22] x[70] </args>
      <args> x[70] x[28] x[28] x[70] </args>
      <args> x[70] x[47] x[47] x[70] </args>
      <args> x[72] x[108] x[108] x[72] </args>
      <args> x[72] x[191] x[191] x[72] </args>
      <args> x[72] x[194] x[194] x[72] </args>
      <args> x[72] x[198] x[198] x[72] </args>
      <args> x[72] x[59] x[59] x[72] </args>
      <args> x[72] x[63] x[63] x[72] </args>
      <args> x[72] x[7] x[7] x[72] </args>
      <args> x[73] x[15] x[15] x[73] </args>
      <args> x[74] x[110] x[110] x[74] </args>
      <args> x[74] x[111] x[111] x[74] </args>
      <args> x[74] x[120] x[120] x[74] </args>
      <args> x[74] x[157] x[157] x[74] </args>
      <args> x[74] x[184] x[184] x[74] </args>
      <args> x[74] x[26] x[26] x[74] </args>
      <args> x[74] x[65] x[65] x[74] </args>
      <args> x[74] x[83] x[83] x[74] </args>
      <args> x[74] x[89] x[89] x[74] </args>
      <args> x[74] x[95] x[95] x[74] </args>
      <args> x[75] x[117] x[117] x[75] </args>
      <args> x[75] x[166] x[166] x[75] </args>
      <args> x[75] x[20] x[20] x[75] </args>
      <args> x[75] x[32] x[32] x[75] </args>
      <args> x[75] x[91] x[91] x[75] </args>
      <args> x[75] x[96] x[96] x[75] </args>
      <args> x[76] x[161] x[161] x[76] </args>
      <args> x[76] x[30] x[30] x[76] </args>
      <args> x[76] x[31] x[31] x[76] </args>
      <args> x[76] x[33] x[33] x[76] </args>
      <args> x[76] x[5] x[5] x[76] </args>
      <args> x[76] x[80] x[80] x[76] </args>
      <args> x[76] x[9] x[9] x[76] </args>
      <args> x[76] x[92] x[92] x[76] </args>
      <args> x[77] x[181] x[181] x[77] </args>
      <args> x[77] x[220] x[220] x[77] </args>
      <args> x[77] x[224] x[224] x[77] </args>
      <args> x[77] x[48] x[48] x[77] </args>
      <args> x[77] x[56] x[56] x[77] </args>
      <args> x[8] x[109] x[109] x[8] </args>
      <args> x[8] x[136] x[136] x[8] </args>
      <args> x[8] x[140] x[140] x[8] </args>
      <args> x[8] x[160] x[160] x[8] </args>
      <args> x[8] x[178] x[178] x[8] </args>
      <args> x[8] x[188] x[188] x[8] </args>
      <args> x[8] x[29] x[29] x[8] </args>
      <args> x[8] x[64] x[64] x[8] </args>
      <args> x[80] x[5] x[5] x[80] </args>
      <args> x[81] x[142] x[142] x[81] </args>
      <args> x[81] x[191] x[191] x[81] </args>
      <args> x[81] x[194] x[194] x[81] </args>
      <args> x[81] x[198] x[198] x[81] </args>
      <args> x[81] x[205] x[205] x[81] </args>
      <args> x[81] x[63] x[63] x[81] </args>
      <args> x[81] x[7] x[7] x[81] </args>
      <args> x[83] x[111] x[111] x[83] </args>
      <args> x[83] x[121] x[121] x[83] </args>
      <args> x[84] x[17] x[17] x[84] </args>
      <args> x[84] x[221] x[221] x[84] </args>
      <args> x[85] x[101] x[101] x[85] </args>
      <args> x[85] x[14] x[14] x[85] </args>
      <args> x[85] x[168] x[168] x[85] </args>
      <args> x[86] x[119] x[119] x[86] </args>
      <args> x[86] x[122] x[122] x[86] </args>
      <args> x[86] x[206] x[206] x[86] </args>
      <args> x[86] x[211] x[211] x[86] </args>
      <args> x[86] x[24] x[24] x[86] </args>
      <args> x[88] x[133] x[133] x[88] </args>
      <args> x[88] x[17] x[17] x[88] </args>
      <args> x[89] x[111] x[111] x[89] </args>
      <args> x[89] x[121] x[121] x[89] </args>
      <args> x[89] x[26] x[26] x[89] </args>
      <args> x[9] x[170] x[170] x[9] </args>
      <args> x[9] x[31] x[31] x[9] </args>
      <args> x[9] x[33] x[33] x[9] </args>
      <args> x[9] x[5] x[5] x[9] </args>
      <args> x[9] x[80] x[80] x[9] </args>
      <args> x[90] x[146] x[146] x[90] </args>
      <args> x[90] x[156] x[156] x[90] </args>
      <args> x[90] x[195] x[195] x[90] </args>
      <args> x[90] x[2] x[2] x[90] </args>
      <args> x[90] x[200] x[200] x[90] </args>
      <args> x[90] x[222] x[222] x[90] </args>
      <args> x[90] x[35] x[35] x[90] </args>
      <args> x[90] x[78] x[78] x[90] </args>
      <args> x[91] x[155] x[155] x[91] </args>
      <args> x[91] x[16] x[16] x[91] </args>
      <args> x[91] x[20] x[20] x[91] </args>
      <args> x[91] x[32] x[32] x[91] </args>
      <args> x[91] x[87] x[87] x[91] </args>
      <args> x[92] x[31] x[31] x[92] </args>
      <args> x[92] x[33] x[33] x[92] </args>
      <args> x[93] x[115] x[115] x[93] </args>
      <args> x[94] x[112] x[112] x[94] </args>
      <args> x[94] x[123] x[123] x[94] </args>
      <args> x[94] x[138] x[138] x[94] </args>
      <args> x[94] x[149] x[149] x[94] </args>
      <args> x[94] x[172] x[172] x[94] </args>
      <args> x[94] x[196] x[196] x[94] </args>
      <args> x[94] x[207] x[207] x[94] </args>
      <args> x[94] x[71] x[71] x[94] </args>
      <args> x[95] x[121] x[121] x[95] </args>
      <args> x[95] x[26] x[26] x[95] </args>
      <args> x[96] x[16] x[16] x[96] </args>
      <args> x[96] x[166] x[166] x[96] </args>
      <args> x[96] x[32] x[32] x[96] </args>
      <args> x[97] x[105] x[105] x[97] </args>
      <args> x[97] x[122] x[122] x[97] </args>
      <args> x[97] x[186] x[186] x[97] </args>
      <args> x[97] x[211] x[211] x[97] </args>
      <args> x[97] x[34] x[34] x[97] </args>
      <args> x[97] x[50] x[50] x[97] </args>
      <args> x[98] x[101] x[101] x[98] </args>
      <args> x[98] x[14] x[14] x[98] </args>
      <args> x[98] x[163] x[163] x[98] </args>
      <args> x[98] x[85] x[85] x[98] </args>
      <args> x[99] x[102] x[102] x[99] </args>
      <args> x[99] x[208] x[208] x[99] </args>
      <args> x[99] x[210] x[210] x[99] </args>
      <args> x[99] x[57] x[57] x[99] </args>
    </group>
    <group>
      <intension> ne(%0,%1) </intension>
      <args> x[0] x[14] </args>
      <args> x[0] x[162] </args>
      <args> x[0] x[163] </args>
      <args> x[0] x[187] </args>
      <args> x[0] x[37] </args>
      <args> x[0] x[61] </args>
      <args> x[0] x[85] </args>
      <args> x[1] x[130] </args>
      <args> x[1] x[140] </args>
      <args> x[1] x[192] </args>
      <args> x[1] x[4] </args>
      <args> x[1] x[64] </args>
      <args> x[1] x[68] </args>
      <args> x[10] x[155] </args>
      <args> x[10] x[166] </args>
      <args> x[10] x[213] </args>
      <args> x[10] x[32] </args>
      <args> x[100] x[13] </args>
      <args> x[100] x[179] </args>
      <args> x[100] x[203] </args>
      <args> x[100] x[212] </args>
      <args> x[100] x[3] </args>
      <args> x[100] x[40] </args>
      <args> x[102] x[154] </args>
      <args> x[103] x[115] </args>
      <args> x[103] x[133] </args>
      <args> x[103] x[143] </args>
      <args> x[103] x[17] </args>
      <args> x[103] x[221] </args>
      <args> x[103] x[69] </args>
      <args> x[105] x[119] </args>
      <args> x[105] x[211] </args>
      <args> x[106] x[118] </args>
      <args> x[106] x[126] </args>
      <args> x[106] x[219] </args>
      <args> x[106] x[47] </args>
      <args> x[107] x[128] </args>
      <args> x[107] x[150] </args>
      <args> x[107] x[151] </args>
      <args> x[107] x[216] </args>
      <args> x[107] x[54] </args>
      <args> x[108] x[59] </args>
      <args> x[11] x[153] </args>
      <args> x[11] x[183] </args>
      <args> x[11] x[2] </args>
      <args> x[11] x[35] </args>
      <args> x[11] x[78] </args>
      <args> x[110] x[121] </args>
      <args> x[110] x[26] </args>
      <args> x[110] x[41] </args>
      <args> x[110] x[83] </args>
      <args> x[110] x[89] </args>
      <args> x[110] x[95] </args>
      <args> x[111] x[121] </args>
      <args> x[111] x[26] </args>
      <args> x[111] x[95] </args>
      <args> x[112] x[167] </args>
      <args> x[113] x[0] </args>
      <args> x[113] x[101] </args>
      <args> x[113] x[168] </args>
      <args> x[113] x[187] </args>
      <args> x[113] x[37] </args>
      <args> x[113] x[61] </args>
      <args> x[113] x[85] </args>
      <args> x[113] x[98] </args>
      <args> x[114] x[122] </args>
      <args> x[114] x[50] </args>
      <args> x[117] x[166] </args>
      <args> x[117] x[96] </args>
      <args> x[118] x[126] </args>
      <args> x[118] x[127] </args>
      <args> x[118] x[15] </args>
      <args> x[118] x[217] </args>
      <args> x[118] x[219] </args>
      <args> x[118] x[73] </args>
      <args> x[120] x[110] </args>
      <args> x[120] x[121] </args>
      <args> x[120] x[41] </args>
      <args> x[120] x[89] </args>
      <args> x[120] x[95] </args>
      <args> x[121] x[26] </args>
      <args> x[123] x[138] </args>
      <args> x[123] x[172] </args>
      <args> x[123] x[189] </args>
      <args> x[123] x[207] </args>
      <args> x[123] x[71] </args>
      <args> x[124] x[216] </args>
      <args> x[124] x[54] </args>
      <args> x[127] x[126] </args>
      <args> x[127] x[15] </args>
      <args> x[128] x[190] </args>
      <args> x[129] x[156] </args>
      <args> x[129] x[183] </args>
      <args> x[129] x[195] </args>
      <args> x[129] x[2] </args>
      <args> x[129] x[200] </args>
      <args> x[129] x[222] </args>
      <args> x[129] x[35] </args>
      <args> x[13] x[179] </args>
      <args> x[13] x[203] </args>
      <args> x[13] x[212] </args>
      <args> x[13] x[3] </args>
      <args> x[130] x[109] </args>
      <args> x[130] x[188] </args>
      <args> x[131] x[117] </args>
      <args> x[131] x[155] </args>
      <args> x[131] x[20] </args>
      <args> x[131] x[213] </args>
      <args> x[131] x[27] </args>
      <args> x[131] x[87] </args>
      <args> x[133] x[115] </args>
      <args> x[133] x[221] </args>
      <args> x[133] x[84] </args>
      <args> x[135] x[102] </args>
      <args> x[135] x[154] </args>
      <args> x[135] x[197] </args>
      <args> x[135] x[66] </args>
      <args> x[135] x[99] </args>
      <args> x[136] x[178] </args>
      <args> x[137] x[181] </args>
      <args> x[138] x[112] </args>
      <args> x[138] x[172] </args>
      <args> x[138] x[189] </args>
      <args> x[138] x[71] </args>
      <args> x[139] x[181] </args>
      <args> x[139] x[48] </args>
      <args> x[139] x[56] </args>
      <args> x[14] x[163] </args>
      <args> x[140] x[109] </args>
      <args> x[140] x[4] </args>
      <args> x[141] x[42] </args>
      <args> x[141] x[5] </args>
      <args> x[141] x[80] </args>
      <args> x[141] x[9] </args>
      <args> x[141] x[92] </args>
      <args> x[142] x[198] </args>
      <args> x[142] x[59] </args>
      <args> x[142] x[63] </args>
      <args> x[143] x[115] </args>
      <args> x[143] x[133] </args>
      <args> x[143] x[69] </args>
      <args> x[145] x[148] </args>
      <args> x[145] x[165] </args>
      <args> x[145] x[197] </args>
      <args> x[145] x[208] </args>
      <args> x[145] x[210] </args>
      <args> x[145] x[57] </args>
      <args> x[145] x[58] </args>
      <args> x[145] x[99] </args>
      <args> x[146] x[156] </args>
      <args> x[146] x[183] </args>
      <args> x[146] x[2] </args>
      <args> x[147] x[161] </args>
      <args> x[147] x[170] </args>
      <args> x[147] x[5] </args>
      <args> x[148] x[102] </args>
      <args> x[148] x[154] </args>
      <args> x[148] x[57] </args>
      <args> x[148] x[66] </args>
      <args> x[148] x[99] </args>
      <args> x[149] x[112] </args>
      <args> x[149] x[123] </args>
      <args> x[149] x[167] </args>
      <args> x[149] x[196] </args>
      <args> x[149] x[207] </args>
      <args> x[149] x[71] </args>
      <args> x[15] x[126] </args>
      <args> x[150] x[128] </args>
      <args> x[150] x[190] </args>
      <args> x[151] x[150] </args>
      <args> x[151] x[190] </args>
      <args> x[152] x[118] </args>
      <args> x[152] x[127] </args>
      <args> x[152] x[15] </args>
      <args> x[152] x[73] </args>
      <args> x[153] x[78] </args>
      <args> x[155] x[166] </args>
      <args> x[155] x[20] </args>
      <args> x[155] x[213] </args>
      <args> x[155] x[32] </args>
      <args> x[155] x[87] </args>
      <args> x[156] x[195] </args>
      <args> x[156] x[2] </args>
      <args> x[156] x[200] </args>
      <args> x[156] x[35] </args>
      <args> x[156] x[78] </args>
      <args> x[157] x[111] </args>
      <args> x[157] x[121] </args>
      <args> x[157] x[41] </args>
      <args> x[157] x[89] </args>
      <args> x[157] x[95] </args>
      <args> x[158] x[11] </args>
      <args> x[158] x[129] </args>
      <args> x[158] x[195] </args>
      <args> x[158] x[2] </args>
      <args> x[158] x[200] </args>
      <args> x[158] x[222] </args>
      <args> x[158] x[90] </args>
      <args> x[159] x[100] </args>
      <args> x[159] x[180] </args>
      <args> x[159] x[199] </args>
      <args> x[159] x[203] </args>
      <args> x[159] x[212] </args>
      <args> x[16] x[87] </args>
      <args> x[160] x[109] </args>
      <args> x[160] x[140] </args>
      <args> x[160] x[178] </args>
      <args> x[160] x[188] </args>
      <args> x[160] x[192] </args>
      <args> x[160] x[29] </args>
      <args> x[160] x[4] </args>
      <args> x[161] x[33] </args>
      <args> x[161] x[5] </args>
      <args> x[161] x[9] </args>
      <args> x[161] x[92] </args>
      <args> x[163] x[162] </args>
      <args> x[164] x[128] </args>
      <args> x[164] x[150] </args>
      <args> x[164] x[151] </args>
      <args> x[164] x[190] </args>
      <args> x[164] x[215] </args>
      <args> x[164] x[54] </args>
      <args> x[165] x[102] </args>
      <args> x[165] x[154] </args>
      <args> x[165] x[197] </args>
      <args> x[165] x[57] </args>
      <args> x[165] x[58] </args>
      <args> x[165] x[66] </args>
      <args> x[166] x[87] </args>
      <args> x[168] x[101] </args>
      <args> x[168] x[162] </args>
      <args> x[169] x[103] </args>
      <args> x[169] x[133] </args>
      <args> x[169] x[143] </args>
      <args> x[169] x[17] </args>
      <args> x[169] x[84] </args>
      <args> x[169] x[88] </args>
      <args> x[17] x[115] </args>
      <args> x[170] x[33] </args>
      <args> x[172] x[189] </args>
      <args> x[172] x[207] </args>
      <args> x[173] x[100] </args>
      <args> x[173] x[159] </args>
      <args> x[173] x[179] </args>
      <args> x[173] x[203] </args>
      <args> x[174] x[100] </args>
      <args> x[174] x[173] </args>
      <args> x[174] x[179] </args>
      <args> x[174] x[180] </args>
      <args> x[174] x[203] </args>
      <args> x[174] x[212] </args>
      <args> x[174] x[3] </args>
      <args> x[174] x[40] </args>
      <args> x[175] x[107] </args>
      <args> x[175] x[128] </args>
      <args> x[175] x[151] </args>
      <args> x[175] x[164] </args>
      <args> x[175] x[190] </args>
      <args> x[175] x[215] </args>
      <args> x[175] x[216] </args>
      <args> x[175] x[54] </args>
      <args> x[176] x[100] </args>
      <args> x[176] x[173] </args>
      <args> x[176] x[179] </args>
      <args> x[176] x[180] </args>
      <args> x[176] x[199] </args>
      <args> x[176] x[3] </args>
      <args> x[177] x[139] </args>
      <args> x[177] x[182] </args>
      <args> x[177] x[214] </args>
      <args> x[177] x[220] </args>
      <args> x[177] x[46] </args>
      <args> x[177] x[48] </args>
      <args> x[177] x[56] </args>
      <args> x[177] x[77] </args>
      <args> x[178] x[29] </args>
      <args> x[178] x[64] </args>
      <args> x[179] x[3] </args>
      <args> x[18] x[108] </args>
      <args> x[18] x[142] </args>
      <args> x[18] x[198] </args>
      <args> x[18] x[205] </args>
      <args> x[18] x[63] </args>
      <args> x[180] x[203] </args>
      <args> x[180] x[40] </args>
      <args> x[182] x[137] </args>
      <args> x[182] x[214] </args>
      <args> x[182] x[224] </args>
      <args> x[182] x[46] </args>
      <args> x[182] x[48] </args>
      <args> x[182] x[56] </args>
      <args> x[182] x[62] </args>
      <args> x[182] x[77] </args>
      <args> x[183] x[78] </args>
      <args> x[184] x[110] </args>
      <args> x[184] x[157] </args>
      <args> x[184] x[26] </args>
      <args> x[185] x[135] </args>
      <args> x[185] x[148] </args>
      <args> x[185] x[197] </args>
      <args> x[185] x[208] </args>
      <args> x[185] x[58] </args>
      <args> x[185] x[99] </args>
      <args> x[186] x[122] </args>
      <args> x[186] x[211] </args>
      <args> x[186] x[24] </args>
      <args> x[186] x[34] </args>
      <args> x[186] x[50] </args>
      <args> x[186] x[86] </args>
      <args> x[187] x[162] </args>
      <args> x[187] x[163] </args>
      <args> x[187] x[168] </args>
      <args> x[187] x[61] </args>
      <args> x[187] x[85] </args>
      <args> x[187] x[98] </args>
      <args> x[188] x[178] </args>
      <args> x[188] x[64] </args>
      <args> x[189] x[167] </args>
      <args> x[189] x[207] </args>
      <args> x[19] x[108] </args>
      <args> x[19] x[142] </args>
      <args> x[19] x[18] </args>
      <args> x[19] x[198] </args>
      <args> x[19] x[205] </args>
      <args> x[19] x[63] </args>
      <args> x[19] x[7] </args>
      <args> x[191] x[142] </args>
      <args> x[191] x[198] </args>
      <args> x[191] x[205] </args>
      <args> x[191] x[59] </args>
      <args> x[191] x[63] </args>
      <args> x[192] x[140] </args>
      <args> x[192] x[4] </args>
      <args> x[193] x[105] </args>
      <args> x[193] x[119] </args>
      <args> x[194] x[198] </args>
      <args> x[194] x[205] </args>
      <args> x[194] x[59] </args>
      <args> x[194] x[63] </args>
      <args> x[194] x[67] </args>
      <args> x[194] x[7] </args>
      <args> x[195] x[11] </args>
      <args> x[195] x[183] </args>
      <args> x[196] x[138] </args>
      <args> x[196] x[172] </args>
      <args> x[196] x[189] </args>
      <args> x[197] x[102] </args>
      <args> x[197] x[58] </args>
      <args> x[198] x[108] </args>
      <args> x[198] x[59] </args>
      <args> x[198] x[67] </args>
      <args> x[199] x[203] </args>
      <args> x[199] x[3] </args>
      <args> x[20] x[166] </args>
      <args> x[20] x[32] </args>
      <args> x[200] x[11] </args>
      <args> x[200] x[153] </args>
      <args> x[200] x[2] </args>
      <args> x[200] x[35] </args>
      <args> x[202] x[106] </args>
      <args> x[202] x[126] </args>
      <args> x[202] x[127] </args>
      <args> x[204] x[111] </args>
      <args> x[204] x[65] </args>
      <args> x[204] x[74] </args>
      <args> x[204] x[83] </args>
      <args> x[205] x[142] </args>
      <args> x[205] x[198] </args>
      <args> x[206] x[105] </args>
      <args> x[206] x[114] </args>
      <args> x[206] x[119] </args>
      <args> x[206] x[122] </args>
      <args> x[206] x[193] </args>
      <args> x[206] x[211] </args>
      <args> x[206] x[223] </args>
      <args> x[206] x[24] </args>
      <args> x[206] x[34] </args>
      <args> x[207] x[167] </args>
      <args> x[208] x[102] </args>
      <args> x[208] x[154] </args>
      <args> x[208] x[210] </args>
      <args> x[209] x[0] </args>
      <args> x[209] x[14] </args>
      <args> x[209] x[162] </args>
      <args> x[209] x[187] </args>
      <args> x[209] x[37] </args>
      <args> x[209] x[98] </args>
      <args> x[21] x[138] </args>
      <args> x[21] x[149] </args>
      <args> x[21] x[172] </args>
      <args> x[21] x[189] </args>
      <args> x[21] x[38] </args>
      <args> x[21] x[39] </args>
      <args> x[21] x[94] </args>
      <args> x[212] x[179] </args>
      <args> x[212] x[199] </args>
      <args> x[213] x[87] </args>
      <args> x[214] x[53] </args>
      <args> x[215] x[128] </args>
      <args> x[215] x[150] </args>
      <args> x[215] x[190] </args>
      <args> x[215] x[216] </args>
      <args> x[215] x[54] </args>
      <args> x[216] x[128] </args>
      <args> x[216] x[150] </args>
      <args> x[216] x[151] </args>
      <args> x[217] x[126] </args>
      <args> x[219] x[126] </args>
      <args> x[219] x[127] </args>
      <args> x[219] x[15] </args>
      <args> x[22] x[126] </args>
      <args> x[22] x[127] </args>
      <args> x[22] x[15] </args>
      <args> x[22] x[202] </args>
      <args> x[22] x[217] </args>
      <args> x[22] x[47] </args>
      <args> x[22] x[73] </args>
      <args> x[220] x[137] </args>
      <args> x[220] x[214] </args>
      <args> x[220] x[224] </args>
      <args> x[220] x[48] </args>
      <args> x[220] x[53] </args>
      <args> x[222] x[11] </args>
      <args> x[222] x[146] </args>
      <args> x[222] x[183] </args>
      <args> x[222] x[195] </args>
      <args> x[222] x[200] </args>
      <args> x[222] x[35] </args>
      <args> x[223] x[105] </args>
      <args> x[223] x[114] </args>
      <args> x[223] x[122] </args>
      <args> x[223] x[211] </args>
      <args> x[223] x[34] </args>
      <args> x[223] x[50] </args>
      <args> x[24] x[211] </args>
      <args> x[24] x[50] </args>
      <args> x[25] x[103] </args>
      <args> x[25] x[133] </args>
      <args> x[25] x[17] </args>
      <args> x[25] x[221] </args>
      <args> x[25] x[43] </args>
      <args> x[25] x[84] </args>
      <args> x[25] x[93] </args>
      <args> x[27] x[10] </args>
      <args> x[27] x[155] </args>
      <args> x[27] x[166] </args>
      <args> x[27] x[20] </args>
      <args> x[27] x[213] </args>
      <args> x[27] x[75] </args>
      <args> x[27] x[87] </args>
      <args> x[27] x[91] </args>
      <args> x[28] x[106] </args>
      <args> x[28] x[118] </args>
      <args> x[28] x[127] </args>
      <args> x[28] x[15] </args>
      <args> x[28] x[219] </args>
      <args> x[28] x[47] </args>
      <args> x[28] x[73] </args>
      <args> x[29] x[109] </args>
      <args> x[29] x[4] </args>
      <args> x[29] x[64] </args>
      <args> x[30] x[141] </args>
      <args> x[30] x[33] </args>
      <args> x[30] x[36] </args>
      <args> x[30] x[5] </args>
      <args> x[32] x[166] </args>
      <args> x[32] x[87] </args>
      <args> x[33] x[5] </args>
      <args> x[34] x[114] </args>
      <args> x[34] x[193] </args>
      <args> x[34] x[24] </args>
      <args> x[35] x[153] </args>
      <args> x[35] x[183] </args>
      <args> x[36] x[141] </args>
      <args> x[36] x[161] </args>
      <args> x[36] x[170] </args>
      <args> x[36] x[31] </args>
      <args> x[36] x[33] </args>
      <args> x[36] x[5] </args>
      <args> x[37] x[101] </args>
      <args> x[37] x[85] </args>
      <args> x[37] x[98] </args>
      <args> x[38] x[138] </args>
      <args> x[38] x[167] </args>
      <args> x[38] x[172] </args>
      <args> x[38] x[71] </args>
      <args> x[39] x[112] </args>
      <args> x[39] x[123] </args>
      <args> x[39] x[149] </args>
      <args> x[39] x[167] </args>
      <args> x[39] x[172] </args>
      <args> x[39] x[189] </args>
      <args> x[39] x[196] </args>
      <args> x[39] x[207] </args>
      <args> x[39] x[38] </args>
      <args> x[39] x[71] </args>
      <args> x[39] x[94] </args>
      <args> x[4] x[109] </args>
      <args> x[40] x[13] </args>
      <args> x[40] x[179] </args>
      <args> x[40] x[203] </args>
      <args> x[40] x[3] </args>
      <args> x[41] x[111] </args>
      <args> x[41] x[26] </args>
      <args> x[42] x[33] </args>
      <args> x[43] x[115] </args>
      <args> x[43] x[133] </args>
      <args> x[43] x[143] </args>
      <args> x[43] x[169] </args>
      <args> x[43] x[17] </args>
      <args> x[43] x[221] </args>
      <args> x[43] x[69] </args>
      <args> x[43] x[88] </args>
      <args> x[44] x[103] </args>
      <args> x[44] x[133] </args>
      <args> x[44] x[143] </args>
      <args> x[44] x[169] </args>
      <args> x[45] x[107] </args>
      <args> x[45] x[124] </args>
      <args> x[45] x[134] </args>
      <args> x[45] x[150] </args>
      <args> x[45] x[190] </args>
      <args> x[45] x[215] </args>
      <args> x[45] x[216] </args>
      <args> x[45] x[54] </args>
      <args> x[46] x[224] </args>
      <args> x[46] x[56] </args>
      <args> x[47] x[126] </args>
      <args> x[47] x[217] </args>
      <args> x[48] x[137] </args>
      <args> x[48] x[53] </args>
      <args> x[50] x[122] </args>
      <args> x[50] x[211] </args>
      <args> x[51] x[109] </args>
      <args> x[51] x[130] </args>
      <args> x[51] x[136] </args>
      <args> x[51] x[140] </args>
      <args> x[51] x[192] </args>
      <args> x[53] x[181] </args>
      <args> x[54] x[150] </args>
      <args> x[54] x[190] </args>
      <args> x[54] x[216] </args>
      <args> x[55] x[0] </args>
      <args> x[55] x[101] </args>
      <args> x[55] x[162] </args>
      <args> x[55] x[163] </args>
      <args> x[55] x[37] </args>
      <args> x[55] x[61] </args>
      <args> x[56] x[224] </args>
      <args> x[58] x[154] </args>
      <args> x[58] x[208] </args>
      <args> x[58] x[57] </args>
      <args> x[58] x[99] </args>
      <args> x[6] x[107] </args>
      <args> x[6] x[134] </args>
      <args> x[6] x[151] </args>
      <args> x[6] x[175] </args>
      <args> x[6] x[215] </args>
      <args> x[6] x[216] </args>
      <args> x[6] x[45] </args>
      <args> x[6] x[54] </args>
      <args> x[60] x[13] </args>
      <args> x[60] x[199] </args>
      <args> x[60] x[3] </args>
      <args> x[60] x[40] </args>
      <args> x[61] x[101] </args>
      <args> x[61] x[163] </args>
      <args> x[61] x[98] </args>
      <args> x[62] x[139] </args>
      <args> x[62] x[181] </args>
      <args> x[62] x[220] </args>
      <args> x[62] x[224] </args>
      <args> x[62] x[48] </args>
      <args> x[63] x[59] </args>
      <args> x[63] x[67] </args>
      <args> x[64] x[109] </args>
      <args> x[64] x[4] </args>
      <args> x[65] x[110] </args>
      <args> x[65] x[120] </args>
      <args> x[65] x[121] </args>
      <args> x[65] x[157] </args>
      <args> x[65] x[83] </args>
      <args> x[65] x[89] </args>
      <args> x[66] x[102] </args>
      <args> x[66] x[154] </args>
      <args> x[66] x[210] </args>
      <args> x[66] x[99] </args>
      <args> x[68] x[160] </args>
      <args> x[68] x[178] </args>
      <args> x[68] x[188] </args>
      <args> x[68] x[29] </args>
      <args> x[68] x[4] </args>
      <args> x[68] x[64] </args>
      <args> x[69] x[17] </args>
      <args> x[69] x[221] </args>
      <args> x[69] x[84] </args>
      <args> x[69] x[93] </args>
      <args> x[7] x[18] </args>
      <args> x[7] x[198] </args>
      <args> x[7] x[205] </args>
      <args> x[7] x[59] </args>
      <args> x[7] x[63] </args>
      <args> x[7] x[67] </args>
      <args> x[70] x[106] </args>
      <args> x[70] x[126] </args>
      <args> x[70] x[217] </args>
      <args> x[70] x[73] </args>
      <args> x[71] x[167] </args>
      <args> x[72] x[142] </args>
      <args> x[72] x[18] </args>
      <args> x[72] x[205] </args>
      <args> x[72] x[67] </args>
      <args> x[72] x[81] </args>
      <args> x[73] x[126] </args>
      <args> x[73] x[127] </args>
      <args> x[73] x[217] </args>
      <args> x[74] x[121] </args>
      <args> x[74] x[41] </args>
      <args> x[75] x[10] </args>
      <args> x[75] x[155] </args>
      <args> x[75] x[16] </args>
      <args> x[75] x[213] </args>
      <args> x[75] x[87] </args>
      <args> x[76] x[141] </args>
      <args> x[76] x[147] </args>
      <args> x[76] x[170] </args>
      <args> x[76] x[36] </args>
      <args> x[76] x[42] </args>
      <args> x[77] x[137] </args>
      <args> x[77] x[139] </args>
      <args> x[77] x[214] </args>
      <args> x[77] x[46] </args>
      <args> x[77] x[53] </args>
      <args> x[77] x[62] </args>
      <args> x[8] x[130] </args>
      <args> x[8] x[192] </args>
      <args> x[8] x[4] </args>
      <args> x[8] x[68] </args>
      <args> x[80] x[31] </args>
      <args> x[80] x[33] </args>
      <args> x[80] x[92] </args>
      <args> x[81] x[108] </args>
      <args> x[81] x[18] </args>
      <args> x[81] x[59] </args>
      <args> x[81] x[67] </args>
      <args> x[83] x[26] </args>
      <args> x[83] x[41] </args>
      <args> x[83] x[89] </args>
      <args> x[83] x[95] </args>
      <args> x[84] x[115] </args>
      <args> x[84] x[93] </args>
      <args> x[85] x[162] </args>
      <args> x[85] x[163] </args>
      <args> x[86] x[105] </args>
      <args> x[86] x[114] </args>
      <args> x[86] x[193] </args>
      <args> x[86] x[223] </args>
      <args> x[86] x[34] </args>
      <args> x[86] x[50] </args>
      <args> x[88] x[115] </args>
      <args> x[88] x[221] </args>
      <args> x[88] x[84] </args>
      <args> x[88] x[93] </args>
      <args> x[89] x[41] </args>
      <args> x[89] x[95] </args>
      <args> x[9] x[92] </args>
      <args> x[90] x[11] </args>
      <args> x[90] x[129] </args>
      <args> x[90] x[153] </args>
      <args> x[90] x[183] </args>
      <args> x[91] x[10] </args>
      <args> x[91] x[166] </args>
      <args> x[91] x[213] </args>
      <args> x[91] x[96] </args>
      <args> x[92] x[5] </args>
      <args> x[93] x[221] </args>
      <args> x[94] x[167] </args>
      <args> x[94] x[189] </args>
      <args> x[96] x[155] </args>
      <args> x[96] x[20] </args>
      <args> x[96] x[213] </args>
      <args> x[96] x[87] </args>
      <args> x[97] x[114] </args>
      <args> x[97] x[119] </args>
      <args> x[97] x[193] </args>
      <args> x[97] x[206] </args>
      <args> x[97] x[223] </args>
      <args> x[97] x[24] </args>
      <args> x[97] x[86] </args>
      <args> x[98] x[162] </args>
      <args> x[98] x[168] </args>
      <args> x[99] x[154] </args>
    </group>
    <group>
      <intension> eq(%0,%1) </intension>
      <args> x[1] x[116] </args>
      <args> x[130] x[52] </args>
      <args> x[136] x[201] </args>
      <args> x[140] x[218] </args>
      <args> x[160] x[132] </args>
      <args> x[178] x[49] </args>
      <args> x[188] x[12] </args>
      <args> x[192] x[23] </args>
      <args> x[29] x[79] </args>
      <args> x[4] x[144] </args>
      <args> x[51] x[104] </args>
      <args> x[64] x[82] </args>
      <args> x[68] x[171] </args>
      <args> x[8] x[125] </args>
    </group>
    <group>
      <intension> and(ne(%0,%1),ge(add(%2,%3),2)) </intension>
      <args> x[104] x[108] x[104] x[108] </args>
      <args> x[104] x[142] x[104] x[142] </args>
      <args> x[104] x[18] x[104] x[18] </args>
      <args> x[104] x[19] x[104] x[19] </args>
      <args> x[104] x[191] x[104] x[191] </args>
      <args> x[104] x[194] x[104] x[194] </args>
      <args> x[104] x[198] x[104] x[198] </args>
      <args> x[104] x[205] x[104] x[205] </args>
      <args> x[104] x[59] x[104] x[59] </args>
      <args> x[104] x[63] x[104] x[63] </args>
      <args> x[104] x[67] x[104] x[67] </args>
      <args> x[104] x[7] x[104] x[7] </args>
      <args> x[104] x[72] x[104] x[72] </args>
      <args> x[104] x[81] x[104] x[81] </args>
      <args> x[116] x[141] x[116] x[141] </args>
      <args> x[116] x[147] x[116] x[147] </args>
      <args> x[116] x[161] x[116] x[161] </args>
      <args> x[116] x[170] x[116] x[170] </args>
      <args> x[116] x[30] x[116] x[30] </args>
      <args> x[116] x[31] x[116] x[31] </args>
      <args> x[116] x[33] x[116] x[33] </args>
      <args> x[116] x[36] x[116] x[36] </args>
      <args> x[116] x[42] x[116] x[42] </args>
      <args> x[116] x[5] x[116] x[5] </args>
      <args> x[116] x[76] x[116] x[76] </args>
      <args> x[116] x[80] x[116] x[80] </args>
      <args> x[116] x[9] x[116] x[9] </args>
      <args> x[116] x[92] x[116] x[92] </args>
      <args> x[12] x[103] x[12] x[103] </args>
      <args> x[12] x[115] x[12] x[115] </args>
      <args> x[12] x[133] x[12] x[133] </args>
      <args> x[12] x[143] x[12] x[143] </args>
      <args> x[12] x[169] x[12] x[169] </args>
      <args> x[12] x[17] x[12] x[17] </args>
      <args> x[12] x[221] x[12] x[221] </args>
      <args> x[12] x[25] x[12] x[25] </args>
      <args> x[12] x[43] x[12] x[43] </args>
      <args> x[12] x[44] x[12] x[44] </args>
      <args> x[12] x[69] x[12] x[69] </args>
      <args> x[12] x[84] x[12] x[84] </args>
      <args> x[12] x[88] x[12] x[88] </args>
      <args> x[12] x[93] x[12] x[93] </args>
      <args> x[125] x[110] x[125] x[110] </args>
      <args> x[125] x[111] x[125] x[111] </args>
      <args> x[125] x[120] x[125] x[120] </args>
      <args> x[125] x[121] x[125] x[121] </args>
      <args> x[125] x[157] x[125] x[157] </args>
      <args> x[125] x[184] x[125] x[184] </args>
      <args> x[125] x[204] x[125] x[204] </args>
      <args> x[125] x[26] x[125] x[26] </args>
      <args> x[125] x[41] x[125] x[41] </args>
      <args> x[125] x[65] x[125] x[65] </args>
      <args> x[125] x[74] x[125] x[74] </args>
      <args> x[125] x[83] x[125] x[83] </args>
      <args> x[125] x[89] x[125] x[89] </args>
      <args> x[125] x[95] x[125] x[95] </args>
      <args> x[132] x[106] x[132] x[106] </args>
      <args> x[132] x[118] x[132] x[118] </args>
      <args> x[132] x[126] x[132] x[126] </args>
      <args> x[132] x[127] x[132] x[127] </args>
      <args> x[132] x[15] x[132] x[15] </args>
      <args> x[132] x[152] x[132] x[152] </args>
      <args> x[132] x[202] x[132] x[202] </args>
      <args> x[132] x[217] x[132] x[217] </args>
      <args> x[132] x[219] x[132] x[219] </args>
      <args> x[132] x[22] x[132] x[22] </args>
      <args> x[132] x[28] x[132] x[28] </args>
      <args> x[132] x[47] x[132] x[47] </args>
      <args> x[132] x[70] x[132] x[70] </args>
      <args> x[132] x[73] x[132] x[73] </args>
      <args> x[144] x[137] x[144] x[137] </args>
      <args> x[144] x[139] x[144] x[139] </args>
      <args> x[144] x[177] x[144] x[177] </args>
      <args> x[144] x[181] x[144] x[181] </args>
      <args> x[144] x[182] x[144] x[182] </args>
      <args> x[144] x[214] x[144] x[214] </args>
      <args> x[144] x[220] x[144] x[220] </args>
      <args> x[144] x[224] x[144] x[224] </args>
      <args> x[144] x[46] x[144] x[46] </args>
      <args> x[144] x[48] x[144] x[48] </args>
      <args> x[144] x[53] x[144] x[53] </args>
      <args> x[144] x[56] x[144] x[56] </args>
      <args> x[144] x[62] x[144] x[62] </args>
      <args> x[144] x[77] x[144] x[77] </args>
      <args> x[171] x[0] x[171] x[0] </args>
      <args> x[171] x[101] x[171] x[101] </args>
      <args> x[171] x[113] x[171] x[113] </args>
      <args> x[171] x[14] x[171] x[14] </args>
      <args> x[171] x[162] x[171] x[162] </args>
      <args> x[171] x[163] x[171] x[163] </args>
      <args> x[171] x[168] x[171] x[168] </args>
      <args> x[171] x[187] x[171] x[187] </args>
      <args> x[171] x[209] x[171] x[209] </args>
      <args> x[171] x[37] x[171] x[37] </args>
      <args> x[171] x[55] x[171] x[55] </args>
      <args> x[171] x[61] x[171] x[61] </args>
      <args> x[171] x[85] x[171] x[85] </args>
      <args> x[171] x[98] x[171] x[98] </args>
      <args> x[201] x[10] x[201] x[10] </args>
      <args> x[201] x[117] x[201] x[117] </args>
      <args> x[201] x[131] x[201] x[131] </args>
      <args> x[201] x[155] x[201] x[155] </args>
      <args> x[201] x[16] x[201] x[16] </args>
      <args> x[201] x[166] x[201] x[166] </args>
      <args> x[201] x[20] x[201] x[20] </args>
      <args> x[201] x[213] x[201] x[213] </args>
      <args> x[201] x[27] x[201] x[27] </args>
      <args> x[201] x[32] x[201] x[32] </args>
      <args> x[201] x[75] x[201] x[75] </args>
      <args> x[201] x[87] x[201] x[87] </args>
      <args> x[201] x[91] x[201] x[91] </args>
      <args> x[201] x[96] x[201] x[96] </args>
      <args> x[218] x[105] x[218] x[105] </args>
      <args> x[218] x[114] x[218] x[114] </args>
      <args> x[218] x[119] x[218] x[119] </args>
      <args> x[218] x[122] x[218] x[122] </args>
      <args> x[218] x[186] x[218] x[186] </args>
      <args> x[218] x[193] x[218] x[193] </args>
      <args> x[218] x[206] x[218] x[206] </args>
      <args> x[218] x[211] x[218] x[211] </args>
      <args> x[218] x[223] x[218] x[223] </args>
      <args> x[218] x[24] x[218] x[24] </args>
      <args> x[218] x[34] x[218] x[34] </args>
      <args> x[218] x[50] x[218] x[50] </args>
      <args> x[218] x[86] x[218] x[86] </args>
      <args> x[218] x[97] x[218] x[97] </args>
      <args> x[23] x[11] x[23] x[11] </args>
      <args> x[23] x[129] x[23] x[129] </args>
      <args> x[23] x[146] x[23] x[146] </args>
      <args> x[23] x[153] x[23] x[153] </args>
      <args> x[23] x[156] x[23] x[156] </args>
      <args> x[23] x[158] x[23] x[158] </args>
      <args> x[23] x[183] x[23] x[183] </args>
      <args> x[23] x[195] x[23] x[195] </args>
      <args> x[23] x[2] x[23] x[2] </args>
      <args> x[23] x[200] x[23] x[200] </args>
      <args> x[23] x[222] x[23] x[222] </args>
      <args> x[23] x[35] x[23] x[35] </args>
      <args> x[23] x[78] x[23] x[78] </args>
      <args> x[23] x[90] x[23] x[90] </args>
      <args> x[49] x[100] x[49] x[100] </args>
      <args> x[49] x[13] x[49] x[13] </args>
      <args> x[49] x[159] x[49] x[159] </args>
      <args> x[49] x[173] x[49] x[173] </args>
      <args> x[49] x[174] x[49] x[174] </args>
      <args> x[49] x[176] x[49] x[176] </args>
      <args> x[49] x[179] x[49] x[179] </args>
      <args> x[49] x[180] x[49] x[180] </args>
      <args> x[49] x[199] x[49] x[199] </args>
      <args> x[49] x[203] x[49] x[203] </args>
      <args> x[49] x[212] x[49] x[212] </args>
      <args> x[49] x[3] x[49] x[3] </args>
      <args> x[49] x[40] x[49] x[40] </args>
      <args> x[49] x[60] x[49] x[60] </args>
      <args> x[52] x[112] x[52] x[112] </args>
      <args> x[52] x[123] x[52] x[123] </args>
      <args> x[52] x[138] x[52] x[138] </args>
      <args> x[52] x[149] x[52] x[149] </args>
      <args> x[52] x[167] x[52] x[167] </args>
      <args> x[52] x[172] x[52] x[172] </args>
      <args> x[52] x[189] x[52] x[189] </args>
      <args> x[52] x[196] x[52] x[196] </args>
      <args> x[52] x[207] x[52] x[207] </args>
      <args> x[52] x[21] x[52] x[21] </args>
      <args> x[52] x[38] x[52] x[38] </args>
      <args> x[52] x[39] x[52] x[39] </args>
      <args> x[52] x[71] x[52] x[71] </args>
      <args> x[52] x[94] x[52] x[94] </args>
      <args> x[79] x[107] x[79] x[107] </args>
      <args> x[79] x[124] x[79] x[124] </args>
      <args> x[79] x[128] x[79] x[128] </args>
      <args> x[79] x[134] x[79] x[134] </args>
      <args> x[79] x[150] x[79] x[150] </args>
      <args> x[79] x[151] x[79] x[151] </args>
      <args> x[79] x[164] x[79] x[164] </args>
      <args> x[79] x[175] x[79] x[175] </args>
      <args> x[79] x[190] x[79] x[190] </args>
      <args> x[79] x[215] x[79] x[215] </args>
      <args> x[79] x[216] x[79] x[216] </args>
      <args> x[79] x[45] x[79] x[45] </args>
      <args> x[79] x[54] x[79] x[54] </args>
      <args> x[79] x[6] x[79] x[6] </args>
      <args> x[82] x[102] x[82] x[102] </args>
      <args> x[82] x[135] x[82] x[135] </args>
      <args> x[82] x[145] x[82] x[145] </args>
      <args> x[82] x[148] x[82] x[148] </args>
      <args> x[82] x[154] x[82] x[154] </args>
      <args> x[82] x[165] x[82] x[165] </args>
      <args> x[82] x[185] x[82] x[185] </args>
      <args> x[82] x[197] x[82] x[197] </args>
      <args> x[82] x[208] x[82] x[208] </args>
      <args> x[82] x[210] x[82] x[210] </args>
      <args> x[82] x[57] x[82] x[57] </args>
      <args> x[82] x[58] x[82] x[58] </args>
      <args> x[82] x[66] x[82] x[66] </args>
      <args> x[82] x[99] x[82] x[99] </args>
    </group>
  </constraints>
</instance>
