<instance format="XCSP3" type="CSP">
  <variables>
    <array id="x" size="[256]"> 0..15 </array>
  </variables>
  <constraints>
    <group>
      <intension> gt(0,mul(sub(%0,%1),sub(%2,%3))) </intension>
      <args> x[0] x[189] x[189] x[0] </args>
      <args> x[0] x[87] x[87] x[0] </args>
      <args> x[10] x[25] x[25] x[10] </args>
      <args> x[10] x[36] x[36] x[10] </args>
      <args> x[10] x[38] x[38] x[10] </args>
      <args> x[10] x[52] x[52] x[10] </args>
      <args> x[10] x[83] x[83] x[10] </args>
      <args> x[10] x[88] x[88] x[10] </args>
      <args> x[100] x[16] x[16] x[100] </args>
      <args> x[100] x[185] x[185] x[100] </args>
      <args> x[100] x[209] x[209] x[100] </args>
      <args> x[100] x[222] x[222] x[100] </args>
      <args> x[100] x[39] x[39] x[100] </args>
      <args> x[101] x[248] x[248] x[101] </args>
      <args> x[101] x[42] x[42] x[101] </args>
      <args> x[103] x[171] x[171] x[103] </args>
      <args> x[103] x[189] x[189] x[103] </args>
      <args> x[103] x[202] x[202] x[103] </args>
      <args> x[103] x[208] x[208] x[103] </args>
      <args> x[103] x[66] x[66] x[103] </args>
      <args> x[103] x[67] x[67] x[103] </args>
      <args> x[103] x[87] x[87] x[103] </args>
      <args> x[104] x[126] x[126] x[104] </args>
      <args> x[104] x[157] x[157] x[104] </args>
      <args> x[104] x[200] x[200] x[104] </args>
      <args> x[104] x[213] x[213] x[104] </args>
      <args> x[106] x[182] x[182] x[106] </args>
      <args> x[106] x[218] x[218] x[106] </args>
      <args> x[106] x[247] x[247] x[106] </args>
      <args> x[109] x[72] x[72] x[109] </args>
      <args> x[110] x[21] x[21] x[110] </args>
      <args> x[110] x[23] x[23] x[110] </args>
      <args> x[111] x[145] x[145] x[111] </args>
      <args> x[111] x[2] x[2] x[111] </args>
      <args> x[111] x[21] x[21] x[111] </args>
      <args> x[111] x[221] x[221] x[111] </args>
      <args> x[111] x[23] x[23] x[111] </args>
      <args> x[113] x[75] x[75] x[113] </args>
      <args> x[114] x[241] x[241] x[114] </args>
      <args> x[115] x[166] x[166] x[115] </args>
      <args> x[115] x[186] x[186] x[115] </args>
      <args> x[115] x[192] x[192] x[115] </args>
      <args> x[115] x[223] x[223] x[115] </args>
      <args> x[115] x[236] x[236] x[115] </args>
      <args> x[115] x[237] x[237] x[115] </args>
      <args> x[115] x[41] x[41] x[115] </args>
      <args> x[115] x[56] x[56] x[115] </args>
      <args> x[115] x[74] x[74] x[115] </args>
      <args> x[116] x[100] x[100] x[116] </args>
      <args> x[116] x[16] x[16] x[116] </args>
      <args> x[116] x[185] x[185] x[116] </args>
      <args> x[116] x[39] x[39] x[116] </args>
      <args> x[116] x[93] x[93] x[116] </args>
      <args> x[117] x[124] x[124] x[117] </args>
      <args> x[117] x[153] x[153] x[117] </args>
      <args> x[117] x[211] x[211] x[117] </args>
      <args> x[117] x[77] x[77] x[117] </args>
      <args> x[119] x[113] x[113] x[119] </args>
      <args> x[119] x[188] x[188] x[119] </args>
      <args> x[119] x[207] x[207] x[119] </args>
      <args> x[119] x[245] x[245] x[119] </args>
      <args> x[119] x[75] x[75] x[119] </args>
      <args> x[12] x[124] x[124] x[12] </args>
      <args> x[12] x[211] x[211] x[12] </args>
      <args> x[12] x[243] x[243] x[12] </args>
      <args> x[12] x[89] x[89] x[12] </args>
      <args> x[120] x[142] x[142] x[120] </args>
      <args> x[120] x[151] x[151] x[120] </args>
      <args> x[120] x[219] x[219] x[120] </args>
      <args> x[120] x[57] x[57] x[120] </args>
      <args> x[120] x[80] x[80] x[120] </args>
      <args> x[121] x[174] x[174] x[121] </args>
      <args> x[121] x[224] x[224] x[121] </args>
      <args> x[121] x[35] x[35] x[121] </args>
      <args> x[123] x[114] x[114] x[123] </args>
      <args> x[123] x[177] x[177] x[123] </args>
      <args> x[123] x[241] x[241] x[123] </args>
      <args> x[125] x[114] x[114] x[125] </args>
      <args> x[125] x[169] x[169] x[125] </args>
      <args> x[125] x[177] x[177] x[125] </args>
      <args> x[125] x[249] x[249] x[125] </args>
      <args> x[125] x[26] x[26] x[125] </args>
      <args> x[125] x[70] x[70] x[125] </args>
      <args> x[126] x[200] x[200] x[126] </args>
      <args> x[126] x[213] x[213] x[126] </args>
      <args> x[126] x[234] x[234] x[126] </args>
      <args> x[129] x[101] x[101] x[129] </args>
      <args> x[129] x[206] x[206] x[129] </args>
      <args> x[129] x[42] x[42] x[129] </args>
      <args> x[129] x[54] x[54] x[129] </args>
      <args> x[13] x[156] x[156] x[13] </args>
      <args> x[13] x[31] x[31] x[13] </args>
      <args> x[130] x[109] x[109] x[130] </args>
      <args> x[131] x[115] x[115] x[131] </args>
      <args> x[131] x[122] x[122] x[131] </args>
      <args> x[131] x[166] x[166] x[131] </args>
      <args> x[131] x[186] x[186] x[131] </args>
      <args> x[131] x[192] x[192] x[131] </args>
      <args> x[131] x[223] x[223] x[131] </args>
      <args> x[131] x[237] x[237] x[131] </args>
      <args> x[131] x[242] x[242] x[131] </args>
      <args> x[131] x[41] x[41] x[131] </args>
      <args> x[131] x[56] x[56] x[131] </args>
      <args> x[131] x[74] x[74] x[131] </args>
      <args> x[131] x[96] x[96] x[131] </args>
      <args> x[133] x[174] x[174] x[133] </args>
      <args> x[133] x[204] x[204] x[133] </args>
      <args> x[133] x[224] x[224] x[133] </args>
      <args> x[134] x[135] x[135] x[134] </args>
      <args> x[134] x[214] x[214] x[134] </args>
      <args> x[134] x[82] x[82] x[134] </args>
      <args> x[136] x[146] x[146] x[136] </args>
      <args> x[137] x[114] x[114] x[137] </args>
      <args> x[137] x[123] x[123] x[137] </args>
      <args> x[137] x[177] x[177] x[137] </args>
      <args> x[137] x[196] x[196] x[137] </args>
      <args> x[137] x[70] x[70] x[137] </args>
      <args> x[138] x[136] x[136] x[138] </args>
      <args> x[138] x[144] x[144] x[138] </args>
      <args> x[138] x[152] x[152] x[138] </args>
      <args> x[138] x[167] x[167] x[138] </args>
      <args> x[138] x[184] x[184] x[138] </args>
      <args> x[138] x[231] x[231] x[138] </args>
      <args> x[138] x[43] x[43] x[138] </args>
      <args> x[138] x[8] x[8] x[138] </args>
      <args> x[139] x[151] x[151] x[139] </args>
      <args> x[139] x[161] x[161] x[139] </args>
      <args> x[139] x[50] x[50] x[139] </args>
      <args> x[139] x[80] x[80] x[139] </args>
      <args> x[14] x[148] x[148] x[14] </args>
      <args> x[14] x[188] x[188] x[14] </args>
      <args> x[14] x[24] x[24] x[14] </args>
      <args> x[14] x[245] x[245] x[14] </args>
      <args> x[14] x[48] x[48] x[14] </args>
      <args> x[140] x[148] x[148] x[140] </args>
      <args> x[140] x[90] x[90] x[140] </args>
      <args> x[141] x[121] x[121] x[141] </args>
      <args> x[141] x[133] x[133] x[141] </args>
      <args> x[141] x[174] x[174] x[141] </args>
      <args> x[141] x[204] x[204] x[141] </args>
      <args> x[141] x[81] x[81] x[141] </args>
      <args> x[142] x[197] x[197] x[142] </args>
      <args> x[142] x[219] x[219] x[142] </args>
      <args> x[142] x[46] x[46] x[142] </args>
      <args> x[142] x[80] x[80] x[142] </args>
      <args> x[143] x[160] x[160] x[143] </args>
      <args> x[143] x[172] x[172] x[143] </args>
      <args> x[143] x[18] x[18] x[143] </args>
      <args> x[143] x[218] x[218] x[143] </args>
      <args> x[143] x[247] x[247] x[143] </args>
      <args> x[145] x[107] x[107] x[145] </args>
      <args> x[145] x[110] x[110] x[145] </args>
      <args> x[145] x[19] x[19] x[145] </args>
      <args> x[145] x[2] x[2] x[145] </args>
      <args> x[145] x[21] x[21] x[145] </args>
      <args> x[145] x[23] x[23] x[145] </args>
      <args> x[145] x[28] x[28] x[145] </args>
      <args> x[145] x[55] x[55] x[145] </args>
      <args> x[147] x[21] x[21] x[147] </args>
      <args> x[148] x[113] x[113] x[148] </args>
      <args> x[148] x[245] x[245] x[148] </args>
      <args> x[149] x[219] x[219] x[149] </args>
      <args> x[149] x[57] x[57] x[149] </args>
      <args> x[15] x[0] x[0] x[15] </args>
      <args> x[15] x[193] x[193] x[15] </args>
      <args> x[15] x[202] x[202] x[15] </args>
      <args> x[15] x[59] x[59] x[15] </args>
      <args> x[15] x[87] x[87] x[15] </args>
      <args> x[150] x[182] x[182] x[150] </args>
      <args> x[150] x[198] x[198] x[150] </args>
      <args> x[150] x[218] x[218] x[150] </args>
      <args> x[150] x[247] x[247] x[150] </args>
      <args> x[150] x[253] x[253] x[150] </args>
      <args> x[150] x[5] x[5] x[150] </args>
      <args> x[151] x[161] x[161] x[151] </args>
      <args> x[151] x[57] x[57] x[151] </args>
      <args> x[152] x[136] x[136] x[152] </args>
      <args> x[152] x[159] x[159] x[152] </args>
      <args> x[152] x[167] x[167] x[152] </args>
      <args> x[152] x[184] x[184] x[152] </args>
      <args> x[152] x[195] x[195] x[152] </args>
      <args> x[152] x[231] x[231] x[152] </args>
      <args> x[152] x[8] x[8] x[152] </args>
      <args> x[153] x[205] x[205] x[153] </args>
      <args> x[153] x[211] x[211] x[153] </args>
      <args> x[153] x[47] x[47] x[153] </args>
      <args> x[153] x[77] x[77] x[153] </args>
      <args> x[153] x[89] x[89] x[153] </args>
      <args> x[155] x[128] x[128] x[155] </args>
      <args> x[155] x[206] x[206] x[155] </args>
      <args> x[155] x[54] x[54] x[155] </args>
      <args> x[157] x[200] x[200] x[157] </args>
      <args> x[157] x[213] x[213] x[157] </args>
      <args> x[157] x[234] x[234] x[157] </args>
      <args> x[158] x[128] x[128] x[158] </args>
      <args> x[158] x[206] x[206] x[158] </args>
      <args> x[158] x[42] x[42] x[158] </args>
      <args> x[158] x[62] x[62] x[158] </args>
      <args> x[160] x[106] x[106] x[160] </args>
      <args> x[160] x[150] x[150] x[160] </args>
      <args> x[160] x[165] x[165] x[160] </args>
      <args> x[160] x[18] x[18] x[160] </args>
      <args> x[160] x[182] x[182] x[160] </args>
      <args> x[160] x[218] x[218] x[160] </args>
      <args> x[160] x[5] x[5] x[160] </args>
      <args> x[160] x[60] x[60] x[160] </args>
      <args> x[162] x[116] x[116] x[162] </args>
      <args> x[162] x[170] x[170] x[162] </args>
      <args> x[162] x[39] x[39] x[162] </args>
      <args> x[162] x[93] x[93] x[162] </args>
      <args> x[163] x[199] x[199] x[163] </args>
      <args> x[163] x[212] x[212] x[163] </args>
      <args> x[163] x[233] x[233] x[163] </args>
      <args> x[163] x[36] x[36] x[163] </args>
      <args> x[163] x[83] x[83] x[163] </args>
      <args> x[163] x[94] x[94] x[163] </args>
      <args> x[164] x[138] x[138] x[164] </args>
      <args> x[164] x[159] x[159] x[164] </args>
      <args> x[164] x[167] x[167] x[164] </args>
      <args> x[164] x[231] x[231] x[164] </args>
      <args> x[164] x[8] x[8] x[164] </args>
      <args> x[164] x[84] x[84] x[164] </args>
      <args> x[165] x[106] x[106] x[165] </args>
      <args> x[165] x[150] x[150] x[165] </args>
      <args> x[165] x[198] x[198] x[165] </args>
      <args> x[165] x[253] x[253] x[165] </args>
      <args> x[166] x[186] x[186] x[166] </args>
      <args> x[166] x[242] x[242] x[166] </args>
      <args> x[166] x[34] x[34] x[166] </args>
      <args> x[166] x[56] x[56] x[166] </args>
      <args> x[167] x[144] x[144] x[167] </args>
      <args> x[167] x[159] x[159] x[167] </args>
      <args> x[167] x[195] x[195] x[167] </args>
      <args> x[167] x[231] x[231] x[167] </args>
      <args> x[168] x[196] x[196] x[168] </args>
      <args> x[168] x[70] x[70] x[168] </args>
      <args> x[169] x[123] x[123] x[169] </args>
      <args> x[17] x[133] x[133] x[17] </args>
      <args> x[17] x[204] x[204] x[17] </args>
      <args> x[17] x[35] x[35] x[17] </args>
      <args> x[17] x[79] x[79] x[17] </args>
      <args> x[17] x[81] x[81] x[17] </args>
      <args> x[170] x[100] x[100] x[170] </args>
      <args> x[170] x[116] x[116] x[170] </args>
      <args> x[170] x[209] x[209] x[170] </args>
      <args> x[171] x[0] x[0] x[171] </args>
      <args> x[171] x[189] x[189] x[171] </args>
      <args> x[171] x[66] x[66] x[171] </args>
      <args> x[172] x[106] x[106] x[172] </args>
      <args> x[172] x[150] x[150] x[172] </args>
      <args> x[172] x[165] x[165] x[172] </args>
      <args> x[172] x[182] x[182] x[172] </args>
      <args> x[172] x[218] x[218] x[172] </args>
      <args> x[172] x[247] x[247] x[172] </args>
      <args> x[172] x[253] x[253] x[172] </args>
      <args> x[172] x[5] x[5] x[172] </args>
      <args> x[174] x[224] x[224] x[174] </args>
      <args> x[175] x[156] x[156] x[175] </args>
      <args> x[175] x[217] x[217] x[175] </args>
      <args> x[175] x[31] x[31] x[175] </args>
      <args> x[175] x[7] x[7] x[175] </args>
      <args> x[176] x[121] x[121] x[176] </args>
      <args> x[176] x[133] x[133] x[176] </args>
      <args> x[176] x[174] x[174] x[176] </args>
      <args> x[176] x[204] x[204] x[176] </args>
      <args> x[176] x[224] x[224] x[176] </args>
      <args> x[176] x[35] x[35] x[176] </args>
      <args> x[176] x[81] x[81] x[176] </args>
      <args> x[177] x[241] x[241] x[177] </args>
      <args> x[178] x[134] x[134] x[178] </args>
      <args> x[178] x[180] x[180] x[178] </args>
      <args> x[178] x[194] x[194] x[178] </args>
      <args> x[178] x[210] x[210] x[178] </args>
      <args> x[178] x[64] x[64] x[178] </args>
      <args> x[178] x[82] x[82] x[178] </args>
      <args> x[179] x[110] x[110] x[179] </args>
      <args> x[179] x[145] x[145] x[179] </args>
      <args> x[179] x[147] x[147] x[179] </args>
      <args> x[179] x[19] x[19] x[179] </args>
      <args> x[179] x[2] x[2] x[179] </args>
      <args> x[179] x[21] x[21] x[179] </args>
      <args> x[179] x[221] x[221] x[179] </args>
      <args> x[18] x[150] x[150] x[18] </args>
      <args> x[18] x[165] x[165] x[18] </args>
      <args> x[18] x[172] x[172] x[18] </args>
      <args> x[18] x[198] x[198] x[18] </args>
      <args> x[18] x[218] x[218] x[18] </args>
      <args> x[18] x[247] x[247] x[18] </args>
      <args> x[18] x[253] x[253] x[18] </args>
      <args> x[18] x[5] x[5] x[18] </args>
      <args> x[180] x[109] x[109] x[180] </args>
      <args> x[180] x[130] x[130] x[180] </args>
      <args> x[180] x[134] x[134] x[180] </args>
      <args> x[180] x[135] x[135] x[180] </args>
      <args> x[180] x[214] x[214] x[180] </args>
      <args> x[180] x[240] x[240] x[180] </args>
      <args> x[180] x[82] x[82] x[180] </args>
      <args> x[181] x[157] x[157] x[181] </args>
      <args> x[181] x[200] x[200] x[181] </args>
      <args> x[181] x[213] x[213] x[181] </args>
      <args> x[181] x[234] x[234] x[181] </args>
      <args> x[181] x[53] x[53] x[181] </args>
      <args> x[182] x[198] x[198] x[182] </args>
      <args> x[182] x[218] x[218] x[182] </args>
      <args> x[182] x[247] x[247] x[182] </args>
      <args> x[182] x[253] x[253] x[182] </args>
      <args> x[182] x[5] x[5] x[182] </args>
      <args> x[183] x[139] x[139] x[183] </args>
      <args> x[183] x[142] x[142] x[183] </args>
      <args> x[183] x[151] x[151] x[183] </args>
      <args> x[183] x[201] x[201] x[183] </args>
      <args> x[183] x[6] x[6] x[183] </args>
      <args> x[184] x[136] x[136] x[184] </args>
      <args> x[184] x[146] x[146] x[184] </args>
      <args> x[186] x[192] x[192] x[186] </args>
      <args> x[186] x[242] x[242] x[186] </args>
      <args> x[186] x[34] x[34] x[186] </args>
      <args> x[186] x[56] x[56] x[186] </args>
      <args> x[187] x[101] x[101] x[187] </args>
      <args> x[188] x[245] x[245] x[188] </args>
      <args> x[19] x[107] x[107] x[19] </args>
      <args> x[19] x[147] x[147] x[19] </args>
      <args> x[19] x[2] x[2] x[19] </args>
      <args> x[19] x[221] x[221] x[19] </args>
      <args> x[19] x[23] x[23] x[19] </args>
      <args> x[19] x[55] x[55] x[19] </args>
      <args> x[190] x[114] x[114] x[190] </args>
      <args> x[190] x[137] x[137] x[190] </args>
      <args> x[190] x[169] x[169] x[190] </args>
      <args> x[190] x[26] x[26] x[190] </args>
      <args> x[190] x[70] x[70] x[190] </args>
      <args> x[192] x[122] x[122] x[192] </args>
      <args> x[192] x[56] x[56] x[192] </args>
      <args> x[193] x[0] x[0] x[193] </args>
      <args> x[193] x[189] x[189] x[193] </args>
      <args> x[193] x[202] x[202] x[193] </args>
      <args> x[193] x[203] x[203] x[193] </args>
      <args> x[193] x[87] x[87] x[193] </args>
      <args> x[194] x[135] x[135] x[194] </args>
      <args> x[194] x[82] x[82] x[194] </args>
      <args> x[195] x[146] x[146] x[195] </args>
      <args> x[197] x[219] x[219] x[197] </args>
      <args> x[197] x[46] x[46] x[197] </args>
      <args> x[197] x[50] x[50] x[197] </args>
      <args> x[198] x[218] x[218] x[198] </args>
      <args> x[198] x[247] x[247] x[198] </args>
      <args> x[199] x[233] x[233] x[199] </args>
      <args> x[199] x[37] x[37] x[199] </args>
      <args> x[199] x[83] x[83] x[199] </args>
      <args> x[2] x[107] x[107] x[2] </args>
      <args> x[2] x[147] x[147] x[2] </args>
      <args> x[2] x[21] x[21] x[2] </args>
      <args> x[2] x[221] x[221] x[2] </args>
      <args> x[2] x[28] x[28] x[2] </args>
      <args> x[2] x[55] x[55] x[2] </args>
      <args> x[20] x[104] x[104] x[20] </args>
      <args> x[20] x[126] x[126] x[20] </args>
      <args> x[20] x[157] x[157] x[20] </args>
      <args> x[20] x[234] x[234] x[20] </args>
      <args> x[20] x[252] x[252] x[20] </args>
      <args> x[20] x[45] x[45] x[20] </args>
      <args> x[201] x[139] x[139] x[201] </args>
      <args> x[201] x[142] x[142] x[201] </args>
      <args> x[201] x[149] x[149] x[201] </args>
      <args> x[201] x[161] x[161] x[201] </args>
      <args> x[201] x[197] x[197] x[201] </args>
      <args> x[201] x[219] x[219] x[201] </args>
      <args> x[202] x[208] x[208] x[202] </args>
      <args> x[202] x[66] x[66] x[202] </args>
      <args> x[202] x[87] x[87] x[202] </args>
      <args> x[203] x[0] x[0] x[203] </args>
      <args> x[203] x[87] x[87] x[203] </args>
      <args> x[204] x[121] x[121] x[204] </args>
      <args> x[204] x[174] x[174] x[204] </args>
      <args> x[204] x[224] x[224] x[204] </args>
      <args> x[204] x[81] x[81] x[204] </args>
      <args> x[205] x[211] x[211] x[205] </args>
      <args> x[205] x[243] x[243] x[205] </args>
      <args> x[205] x[47] x[47] x[205] </args>
      <args> x[205] x[77] x[77] x[205] </args>
      <args> x[205] x[89] x[89] x[205] </args>
      <args> x[206] x[187] x[187] x[206] </args>
      <args> x[206] x[42] x[42] x[206] </args>
      <args> x[208] x[189] x[189] x[208] </args>
      <args> x[209] x[230] x[230] x[209] </args>
      <args> x[209] x[39] x[39] x[209] </args>
      <args> x[210] x[130] x[130] x[210] </args>
      <args> x[210] x[134] x[134] x[210] </args>
      <args> x[210] x[135] x[135] x[210] </args>
      <args> x[210] x[82] x[82] x[210] </args>
      <args> x[211] x[124] x[124] x[211] </args>
      <args> x[211] x[243] x[243] x[211] </args>
      <args> x[213] x[200] x[200] x[213] </args>
      <args> x[214] x[135] x[135] x[214] </args>
      <args> x[214] x[72] x[72] x[214] </args>
      <args> x[215] x[130] x[130] x[215] </args>
      <args> x[215] x[134] x[134] x[215] </args>
      <args> x[215] x[135] x[135] x[215] </args>
      <args> x[215] x[210] x[210] x[215] </args>
      <args> x[215] x[72] x[72] x[215] </args>
      <args> x[215] x[82] x[82] x[215] </args>
      <args> x[216] x[114] x[114] x[216] </args>
      <args> x[216] x[123] x[123] x[216] </args>
      <args> x[216] x[168] x[168] x[216] </args>
      <args> x[216] x[177] x[177] x[216] </args>
      <args> x[216] x[241] x[241] x[216] </args>
      <args> x[216] x[249] x[249] x[216] </args>
      <args> x[216] x[26] x[26] x[216] </args>
      <args> x[216] x[70] x[70] x[216] </args>
      <args> x[218] x[5] x[5] x[218] </args>
      <args> x[219] x[161] x[161] x[219] </args>
      <args> x[219] x[57] x[57] x[219] </args>
      <args> x[22] x[12] x[12] x[22] </args>
      <args> x[22] x[124] x[124] x[22] </args>
      <args> x[22] x[228] x[228] x[22] </args>
      <args> x[22] x[30] x[30] x[22] </args>
      <args> x[220] x[20] x[20] x[220] </args>
      <args> x[220] x[200] x[200] x[220] </args>
      <args> x[220] x[225] x[225] x[220] </args>
      <args> x[220] x[234] x[234] x[220] </args>
      <args> x[221] x[107] x[107] x[221] </args>
      <args> x[221] x[21] x[21] x[221] </args>
      <args> x[221] x[23] x[23] x[221] </args>
      <args> x[222] x[185] x[185] x[222] </args>
      <args> x[223] x[122] x[122] x[223] </args>
      <args> x[223] x[166] x[166] x[223] </args>
      <args> x[223] x[74] x[74] x[223] </args>
      <args> x[225] x[104] x[104] x[225] </args>
      <args> x[225] x[157] x[157] x[225] </args>
      <args> x[225] x[98] x[98] x[225] </args>
      <args> x[226] x[199] x[199] x[226] </args>
      <args> x[226] x[212] x[212] x[226] </args>
      <args> x[226] x[233] x[233] x[226] </args>
      <args> x[226] x[38] x[38] x[226] </args>
      <args> x[226] x[52] x[52] x[226] </args>
      <args> x[226] x[83] x[83] x[226] </args>
      <args> x[227] x[13] x[13] x[227] </args>
      <args> x[227] x[175] x[175] x[227] </args>
      <args> x[227] x[65] x[65] x[227] </args>
      <args> x[227] x[9] x[9] x[227] </args>
      <args> x[227] x[91] x[91] x[227] </args>
      <args> x[228] x[211] x[211] x[228] </args>
      <args> x[229] x[0] x[0] x[229] </args>
      <args> x[229] x[189] x[189] x[229] </args>
      <args> x[229] x[202] x[202] x[229] </args>
      <args> x[229] x[203] x[203] x[229] </args>
      <args> x[229] x[66] x[66] x[229] </args>
      <args> x[229] x[87] x[87] x[229] </args>
      <args> x[23] x[107] x[107] x[23] </args>
      <args> x[23] x[147] x[147] x[23] </args>
      <args> x[23] x[21] x[21] x[23] </args>
      <args> x[230] x[185] x[185] x[230] </args>
      <args> x[230] x[39] x[39] x[230] </args>
      <args> x[231] x[146] x[146] x[231] </args>
      <args> x[231] x[159] x[159] x[231] </args>
      <args> x[231] x[184] x[184] x[231] </args>
      <args> x[231] x[195] x[195] x[231] </args>
      <args> x[231] x[43] x[43] x[231] </args>
      <args> x[232] x[119] x[119] x[232] </args>
      <args> x[232] x[148] x[148] x[232] </args>
      <args> x[232] x[24] x[24] x[232] </args>
      <args> x[232] x[75] x[75] x[232] </args>
      <args> x[232] x[90] x[90] x[232] </args>
      <args> x[233] x[212] x[212] x[233] </args>
      <args> x[234] x[200] x[200] x[234] </args>
      <args> x[234] x[213] x[213] x[234] </args>
      <args> x[234] x[98] x[98] x[234] </args>
      <args> x[235] x[121] x[121] x[235] </args>
      <args> x[235] x[133] x[133] x[235] </args>
      <args> x[235] x[174] x[174] x[235] </args>
      <args> x[235] x[204] x[204] x[235] </args>
      <args> x[236] x[122] x[122] x[236] </args>
      <args> x[236] x[166] x[166] x[236] </args>
      <args> x[236] x[186] x[186] x[236] </args>
      <args> x[236] x[192] x[192] x[236] </args>
      <args> x[236] x[34] x[34] x[236] </args>
      <args> x[236] x[41] x[41] x[236] </args>
      <args> x[237] x[166] x[166] x[237] </args>
      <args> x[237] x[223] x[223] x[237] </args>
      <args> x[237] x[236] x[236] x[237] </args>
      <args> x[237] x[242] x[242] x[237] </args>
      <args> x[237] x[34] x[34] x[237] </args>
      <args> x[237] x[41] x[41] x[237] </args>
      <args> x[237] x[56] x[56] x[237] </args>
      <args> x[238] x[156] x[156] x[238] </args>
      <args> x[238] x[217] x[217] x[238] </args>
      <args> x[239] x[0] x[0] x[239] </args>
      <args> x[239] x[171] x[171] x[239] </args>
      <args> x[239] x[202] x[202] x[239] </args>
      <args> x[239] x[208] x[208] x[239] </args>
      <args> x[239] x[229] x[229] x[239] </args>
      <args> x[239] x[66] x[66] x[239] </args>
      <args> x[239] x[67] x[67] x[239] </args>
      <args> x[24] x[113] x[113] x[24] </args>
      <args> x[24] x[119] x[119] x[24] </args>
      <args> x[24] x[148] x[148] x[24] </args>
      <args> x[24] x[188] x[188] x[24] </args>
      <args> x[24] x[245] x[245] x[24] </args>
      <args> x[24] x[75] x[75] x[24] </args>
      <args> x[240] x[109] x[109] x[240] </args>
      <args> x[240] x[194] x[194] x[240] </args>
      <args> x[240] x[210] x[210] x[240] </args>
      <args> x[240] x[214] x[214] x[240] </args>
      <args> x[240] x[72] x[72] x[240] </args>
      <args> x[241] x[196] x[196] x[241] </args>
      <args> x[242] x[122] x[122] x[242] </args>
      <args> x[242] x[56] x[56] x[242] </args>
      <args> x[244] x[133] x[133] x[244] </args>
      <args> x[244] x[141] x[141] x[244] </args>
      <args> x[244] x[17] x[17] x[244] </args>
      <args> x[244] x[204] x[204] x[244] </args>
      <args> x[244] x[224] x[224] x[244] </args>
      <args> x[244] x[235] x[235] x[244] </args>
      <args> x[244] x[246] x[246] x[244] </args>
      <args> x[244] x[79] x[79] x[244] </args>
      <args> x[246] x[121] x[121] x[246] </args>
      <args> x[246] x[176] x[176] x[246] </args>
      <args> x[246] x[235] x[235] x[246] </args>
      <args> x[246] x[35] x[35] x[246] </args>
      <args> x[246] x[79] x[79] x[246] </args>
      <args> x[247] x[218] x[218] x[247] </args>
      <args> x[248] x[42] x[42] x[248] </args>
      <args> x[249] x[114] x[114] x[249] </args>
      <args> x[249] x[168] x[168] x[249] </args>
      <args> x[249] x[169] x[169] x[249] </args>
      <args> x[249] x[241] x[241] x[249] </args>
      <args> x[249] x[26] x[26] x[249] </args>
      <args> x[25] x[199] x[199] x[25] </args>
      <args> x[25] x[212] x[212] x[25] </args>
      <args> x[25] x[37] x[37] x[25] </args>
      <args> x[250] x[100] x[100] x[250] </args>
      <args> x[250] x[222] x[222] x[250] </args>
      <args> x[250] x[230] x[230] x[250] </args>
      <args> x[250] x[39] x[39] x[250] </args>
      <args> x[250] x[93] x[93] x[250] </args>
      <args> x[251] x[206] x[206] x[251] </args>
      <args> x[251] x[42] x[42] x[251] </args>
      <args> x[251] x[54] x[54] x[251] </args>
      <args> x[252] x[104] x[104] x[252] </args>
      <args> x[252] x[157] x[157] x[252] </args>
      <args> x[252] x[200] x[200] x[252] </args>
      <args> x[252] x[234] x[234] x[252] </args>
      <args> x[252] x[53] x[53] x[252] </args>
      <args> x[252] x[98] x[98] x[252] </args>
      <args> x[253] x[218] x[218] x[253] </args>
      <args> x[254] x[116] x[116] x[254] </args>
      <args> x[254] x[16] x[16] x[254] </args>
      <args> x[254] x[162] x[162] x[254] </args>
      <args> x[254] x[170] x[170] x[254] </args>
      <args> x[254] x[185] x[185] x[254] </args>
      <args> x[254] x[222] x[222] x[254] </args>
      <args> x[254] x[250] x[250] x[254] </args>
      <args> x[254] x[29] x[29] x[254] </args>
      <args> x[254] x[39] x[39] x[254] </args>
      <args> x[254] x[93] x[93] x[254] </args>
      <args> x[255] x[13] x[13] x[255] </args>
      <args> x[255] x[175] x[175] x[255] </args>
      <args> x[255] x[238] x[238] x[255] </args>
      <args> x[255] x[31] x[31] x[255] </args>
      <args> x[255] x[65] x[65] x[255] </args>
      <args> x[255] x[78] x[78] x[255] </args>
      <args> x[255] x[91] x[91] x[255] </args>
      <args> x[26] x[168] x[168] x[26] </args>
      <args> x[26] x[169] x[169] x[26] </args>
      <args> x[26] x[241] x[241] x[26] </args>
      <args> x[28] x[23] x[23] x[28] </args>
      <args> x[28] x[55] x[55] x[28] </args>
      <args> x[29] x[116] x[116] x[29] </args>
      <args> x[29] x[16] x[16] x[29] </args>
      <args> x[29] x[170] x[170] x[29] </args>
      <args> x[29] x[230] x[230] x[29] </args>
      <args> x[29] x[93] x[93] x[29] </args>
      <args> x[3] x[100] x[100] x[3] </args>
      <args> x[3] x[116] x[116] x[3] </args>
      <args> x[3] x[16] x[16] x[3] </args>
      <args> x[3] x[230] x[230] x[3] </args>
      <args> x[3] x[250] x[250] x[3] </args>
      <args> x[3] x[254] x[254] x[3] </args>
      <args> x[3] x[29] x[29] x[3] </args>
      <args> x[3] x[39] x[39] x[3] </args>
      <args> x[30] x[153] x[153] x[30] </args>
      <args> x[30] x[211] x[211] x[30] </args>
      <args> x[30] x[32] x[32] x[30] </args>
      <args> x[30] x[47] x[47] x[30] </args>
      <args> x[30] x[77] x[77] x[30] </args>
      <args> x[31] x[217] x[217] x[31] </args>
      <args> x[31] x[238] x[238] x[31] </args>
      <args> x[32] x[243] x[243] x[32] </args>
      <args> x[33] x[113] x[113] x[33] </args>
      <args> x[33] x[119] x[119] x[33] </args>
      <args> x[33] x[14] x[14] x[33] </args>
      <args> x[33] x[148] x[148] x[33] </args>
      <args> x[33] x[232] x[232] x[33] </args>
      <args> x[33] x[24] x[24] x[33] </args>
      <args> x[33] x[245] x[245] x[33] </args>
      <args> x[33] x[75] x[75] x[33] </args>
      <args> x[35] x[224] x[224] x[35] </args>
      <args> x[36] x[94] x[94] x[36] </args>
      <args> x[38] x[199] x[199] x[38] </args>
      <args> x[38] x[212] x[212] x[38] </args>
      <args> x[38] x[233] x[233] x[38] </args>
      <args> x[38] x[25] x[25] x[38] </args>
      <args> x[38] x[36] x[36] x[38] </args>
      <args> x[38] x[37] x[37] x[38] </args>
      <args> x[38] x[40] x[40] x[38] </args>
      <args> x[38] x[83] x[83] x[38] </args>
      <args> x[38] x[88] x[88] x[38] </args>
      <args> x[38] x[94] x[94] x[38] </args>
      <args> x[39] x[185] x[185] x[39] </args>
      <args> x[4] x[129] x[129] x[4] </args>
      <args> x[4] x[158] x[158] x[4] </args>
      <args> x[4] x[251] x[251] x[4] </args>
      <args> x[4] x[42] x[42] x[4] </args>
      <args> x[4] x[62] x[62] x[4] </args>
      <args> x[40] x[163] x[163] x[40] </args>
      <args> x[40] x[199] x[199] x[40] </args>
      <args> x[40] x[233] x[233] x[40] </args>
      <args> x[40] x[36] x[36] x[40] </args>
      <args> x[40] x[88] x[88] x[40] </args>
      <args> x[41] x[166] x[166] x[41] </args>
      <args> x[41] x[186] x[186] x[41] </args>
      <args> x[41] x[192] x[192] x[41] </args>
      <args> x[41] x[242] x[242] x[41] </args>
      <args> x[41] x[34] x[34] x[41] </args>
      <args> x[42] x[128] x[128] x[42] </args>
      <args> x[43] x[144] x[144] x[43] </args>
      <args> x[43] x[146] x[146] x[43] </args>
      <args> x[43] x[159] x[159] x[43] </args>
      <args> x[43] x[184] x[184] x[43] </args>
      <args> x[43] x[195] x[195] x[43] </args>
      <args> x[43] x[63] x[63] x[43] </args>
      <args> x[43] x[8] x[8] x[43] </args>
      <args> x[44] x[101] x[101] x[44] </args>
      <args> x[44] x[155] x[155] x[44] </args>
      <args> x[44] x[248] x[248] x[44] </args>
      <args> x[44] x[251] x[251] x[44] </args>
      <args> x[44] x[4] x[4] x[44] </args>
      <args> x[44] x[61] x[61] x[44] </args>
      <args> x[44] x[62] x[62] x[44] </args>
      <args> x[45] x[157] x[157] x[45] </args>
      <args> x[45] x[200] x[200] x[45] </args>
      <args> x[45] x[234] x[234] x[45] </args>
      <args> x[45] x[53] x[53] x[45] </args>
      <args> x[46] x[57] x[57] x[46] </args>
      <args> x[47] x[124] x[124] x[47] </args>
      <args> x[47] x[211] x[211] x[47] </args>
      <args> x[47] x[228] x[228] x[47] </args>
      <args> x[47] x[243] x[243] x[47] </args>
      <args> x[47] x[89] x[89] x[47] </args>
      <args> x[48] x[119] x[119] x[48] </args>
      <args> x[48] x[207] x[207] x[48] </args>
      <args> x[48] x[24] x[24] x[48] </args>
      <args> x[48] x[76] x[76] x[48] </args>
      <args> x[49] x[12] x[12] x[49] </args>
      <args> x[49] x[124] x[124] x[49] </args>
      <args> x[49] x[211] x[211] x[49] </args>
      <args> x[49] x[228] x[228] x[49] </args>
      <args> x[49] x[30] x[30] x[49] </args>
      <args> x[49] x[32] x[32] x[49] </args>
      <args> x[49] x[47] x[47] x[49] </args>
      <args> x[50] x[151] x[151] x[50] </args>
      <args> x[50] x[161] x[161] x[50] </args>
      <args> x[50] x[219] x[219] x[50] </args>
      <args> x[50] x[57] x[57] x[50] </args>
      <args> x[50] x[80] x[80] x[50] </args>
      <args> x[51] x[106] x[106] x[51] </args>
      <args> x[51] x[143] x[143] x[51] </args>
      <args> x[51] x[182] x[182] x[51] </args>
      <args> x[51] x[198] x[198] x[51] </args>
      <args> x[51] x[253] x[253] x[51] </args>
      <args> x[51] x[5] x[5] x[51] </args>
      <args> x[51] x[60] x[60] x[51] </args>
      <args> x[52] x[212] x[212] x[52] </args>
      <args> x[52] x[233] x[233] x[52] </args>
      <args> x[52] x[25] x[25] x[52] </args>
      <args> x[52] x[36] x[36] x[52] </args>
      <args> x[52] x[37] x[37] x[52] </args>
      <args> x[52] x[40] x[40] x[52] </args>
      <args> x[52] x[83] x[83] x[52] </args>
      <args> x[53] x[104] x[104] x[53] </args>
      <args> x[53] x[157] x[157] x[53] </args>
      <args> x[53] x[213] x[213] x[53] </args>
      <args> x[53] x[234] x[234] x[53] </args>
      <args> x[54] x[101] x[101] x[54] </args>
      <args> x[54] x[206] x[206] x[54] </args>
      <args> x[54] x[248] x[248] x[54] </args>
      <args> x[54] x[42] x[42] x[54] </args>
      <args> x[55] x[107] x[107] x[55] </args>
      <args> x[55] x[21] x[21] x[55] </args>
      <args> x[55] x[23] x[23] x[55] </args>
      <args> x[57] x[161] x[161] x[57] </args>
      <args> x[59] x[193] x[193] x[59] </args>
      <args> x[59] x[208] x[208] x[59] </args>
      <args> x[59] x[229] x[229] x[59] </args>
      <args> x[59] x[87] x[87] x[59] </args>
      <args> x[6] x[161] x[161] x[6] </args>
      <args> x[6] x[197] x[197] x[6] </args>
      <args> x[6] x[219] x[219] x[6] </args>
      <args> x[6] x[46] x[46] x[6] </args>
      <args> x[60] x[106] x[106] x[60] </args>
      <args> x[60] x[150] x[150] x[60] </args>
      <args> x[60] x[165] x[165] x[60] </args>
      <args> x[60] x[182] x[182] x[60] </args>
      <args> x[60] x[198] x[198] x[60] </args>
      <args> x[61] x[187] x[187] x[61] </args>
      <args> x[61] x[248] x[248] x[61] </args>
      <args> x[61] x[251] x[251] x[61] </args>
      <args> x[62] x[101] x[101] x[62] </args>
      <args> x[62] x[128] x[128] x[62] </args>
      <args> x[62] x[206] x[206] x[62] </args>
      <args> x[62] x[251] x[251] x[62] </args>
      <args> x[62] x[54] x[54] x[62] </args>
      <args> x[63] x[144] x[144] x[63] </args>
      <args> x[63] x[159] x[159] x[63] </args>
      <args> x[64] x[134] x[134] x[64] </args>
      <args> x[64] x[135] x[135] x[64] </args>
      <args> x[64] x[215] x[215] x[64] </args>
      <args> x[64] x[82] x[82] x[64] </args>
      <args> x[64] x[85] x[85] x[64] </args>
      <args> x[65] x[118] x[118] x[65] </args>
      <args> x[65] x[13] x[13] x[65] </args>
      <args> x[65] x[156] x[156] x[65] </args>
      <args> x[65] x[238] x[238] x[65] </args>
      <args> x[65] x[31] x[31] x[65] </args>
      <args> x[67] x[0] x[0] x[67] </args>
      <args> x[67] x[171] x[171] x[67] </args>
      <args> x[67] x[202] x[202] x[67] </args>
      <args> x[67] x[66] x[66] x[67] </args>
      <args> x[67] x[87] x[87] x[67] </args>
      <args> x[68] x[126] x[126] x[68] </args>
      <args> x[68] x[200] x[200] x[68] </args>
      <args> x[68] x[220] x[220] x[68] </args>
      <args> x[68] x[225] x[225] x[68] </args>
      <args> x[68] x[234] x[234] x[68] </args>
      <args> x[68] x[252] x[252] x[68] </args>
      <args> x[68] x[98] x[98] x[68] </args>
      <args> x[69] x[110] x[110] x[69] </args>
      <args> x[69] x[145] x[145] x[69] </args>
      <args> x[69] x[2] x[2] x[69] </args>
      <args> x[69] x[23] x[23] x[69] </args>
      <args> x[7] x[156] x[156] x[7] </args>
      <args> x[70] x[123] x[123] x[70] </args>
      <args> x[71] x[121] x[121] x[71] </args>
      <args> x[71] x[17] x[17] x[71] </args>
      <args> x[71] x[204] x[204] x[71] </args>
      <args> x[71] x[244] x[244] x[71] </args>
      <args> x[71] x[79] x[79] x[71] </args>
      <args> x[73] x[115] x[115] x[73] </args>
      <args> x[73] x[122] x[122] x[73] </args>
      <args> x[73] x[236] x[236] x[73] </args>
      <args> x[73] x[237] x[237] x[73] </args>
      <args> x[73] x[34] x[34] x[73] </args>
      <args> x[73] x[41] x[41] x[73] </args>
      <args> x[73] x[96] x[96] x[73] </args>
      <args> x[74] x[122] x[122] x[74] </args>
      <args> x[74] x[166] x[166] x[74] </args>
      <args> x[74] x[242] x[242] x[74] </args>
      <args> x[74] x[56] x[56] x[74] </args>
      <args> x[75] x[207] x[207] x[75] </args>
      <args> x[75] x[245] x[245] x[75] </args>
      <args> x[76] x[113] x[113] x[76] </args>
      <args> x[76] x[188] x[188] x[76] </args>
      <args> x[76] x[207] x[207] x[76] </args>
      <args> x[76] x[232] x[232] x[76] </args>
      <args> x[76] x[245] x[245] x[76] </args>
      <args> x[76] x[75] x[75] x[76] </args>
      <args> x[76] x[90] x[90] x[76] </args>
      <args> x[77] x[12] x[12] x[77] </args>
      <args> x[77] x[211] x[211] x[77] </args>
      <args> x[77] x[243] x[243] x[77] </args>
      <args> x[77] x[32] x[32] x[77] </args>
      <args> x[77] x[47] x[47] x[77] </args>
      <args> x[77] x[89] x[89] x[77] </args>
      <args> x[78] x[13] x[13] x[78] </args>
      <args> x[78] x[175] x[175] x[78] </args>
      <args> x[78] x[217] x[217] x[78] </args>
      <args> x[78] x[65] x[65] x[78] </args>
      <args> x[79] x[174] x[174] x[79] </args>
      <args> x[79] x[204] x[204] x[79] </args>
      <args> x[79] x[224] x[224] x[79] </args>
      <args> x[79] x[35] x[35] x[79] </args>
      <args> x[8] x[144] x[144] x[8] </args>
      <args> x[8] x[146] x[146] x[8] </args>
      <args> x[8] x[184] x[184] x[8] </args>
      <args> x[80] x[151] x[151] x[80] </args>
      <args> x[80] x[161] x[161] x[80] </args>
      <args> x[81] x[224] x[224] x[81] </args>
      <args> x[82] x[135] x[135] x[82] </args>
      <args> x[82] x[214] x[214] x[82] </args>
      <args> x[82] x[72] x[72] x[82] </args>
      <args> x[83] x[94] x[94] x[83] </args>
      <args> x[84] x[138] x[138] x[84] </args>
      <args> x[84] x[146] x[146] x[84] </args>
      <args> x[84] x[152] x[152] x[84] </args>
      <args> x[84] x[159] x[159] x[84] </args>
      <args> x[84] x[184] x[184] x[84] </args>
      <args> x[84] x[195] x[195] x[84] </args>
      <args> x[84] x[231] x[231] x[84] </args>
      <args> x[84] x[43] x[43] x[84] </args>
      <args> x[84] x[63] x[63] x[84] </args>
      <args> x[84] x[8] x[8] x[84] </args>
      <args> x[85] x[109] x[109] x[85] </args>
      <args> x[85] x[180] x[180] x[85] </args>
      <args> x[85] x[215] x[215] x[85] </args>
      <args> x[85] x[240] x[240] x[85] </args>
      <args> x[87] x[189] x[189] x[87] </args>
      <args> x[88] x[212] x[212] x[88] </args>
      <args> x[88] x[233] x[233] x[88] </args>
      <args> x[88] x[36] x[36] x[88] </args>
      <args> x[88] x[37] x[37] x[88] </args>
      <args> x[88] x[94] x[94] x[88] </args>
      <args> x[9] x[118] x[118] x[9] </args>
      <args> x[9] x[175] x[175] x[9] </args>
      <args> x[9] x[217] x[217] x[9] </args>
      <args> x[90] x[245] x[245] x[90] </args>
      <args> x[90] x[75] x[75] x[90] </args>
      <args> x[91] x[13] x[13] x[91] </args>
      <args> x[91] x[238] x[238] x[91] </args>
      <args> x[91] x[65] x[65] x[91] </args>
      <args> x[91] x[7] x[7] x[91] </args>
      <args> x[91] x[78] x[78] x[91] </args>
      <args> x[91] x[9] x[9] x[91] </args>
      <args> x[92] x[118] x[118] x[92] </args>
      <args> x[92] x[217] x[217] x[92] </args>
      <args> x[92] x[238] x[238] x[92] </args>
      <args> x[92] x[255] x[255] x[92] </args>
      <args> x[92] x[78] x[78] x[92] </args>
      <args> x[93] x[185] x[185] x[93] </args>
      <args> x[93] x[209] x[209] x[93] </args>
      <args> x[93] x[222] x[222] x[93] </args>
      <args> x[95] x[114] x[114] x[95] </args>
      <args> x[95] x[123] x[123] x[95] </args>
      <args> x[95] x[168] x[168] x[95] </args>
      <args> x[95] x[169] x[169] x[95] </args>
      <args> x[95] x[196] x[196] x[95] </args>
      <args> x[95] x[26] x[26] x[95] </args>
      <args> x[95] x[70] x[70] x[95] </args>
      <args> x[96] x[115] x[115] x[96] </args>
      <args> x[96] x[122] x[122] x[96] </args>
      <args> x[96] x[242] x[242] x[96] </args>
      <args> x[96] x[34] x[34] x[96] </args>
      <args> x[96] x[41] x[41] x[96] </args>
      <args> x[97] x[107] x[107] x[97] </args>
      <args> x[97] x[110] x[110] x[97] </args>
      <args> x[97] x[145] x[145] x[97] </args>
      <args> x[97] x[147] x[147] x[97] </args>
      <args> x[97] x[179] x[179] x[97] </args>
      <args> x[97] x[19] x[19] x[97] </args>
      <args> x[97] x[221] x[221] x[97] </args>
      <args> x[97] x[23] x[23] x[97] </args>
      <args> x[98] x[200] x[200] x[98] </args>
    </group>
    <group>
      <intension> and(ne(%0,%1),ge(add(%2,%3),2)) </intension>
      <args> x[1] x[113] x[1] x[113] </args>
      <args> x[1] x[119] x[1] x[119] </args>
      <args> x[1] x[14] x[1] x[14] </args>
      <args> x[1] x[140] x[1] x[140] </args>
      <args> x[1] x[148] x[1] x[148] </args>
      <args> x[1] x[188] x[1] x[188] </args>
      <args> x[1] x[207] x[1] x[207] </args>
      <args> x[1] x[232] x[1] x[232] </args>
      <args> x[1] x[24] x[1] x[24] </args>
      <args> x[1] x[245] x[1] x[245] </args>
      <args> x[1] x[33] x[1] x[33] </args>
      <args> x[1] x[48] x[1] x[48] </args>
      <args> x[1] x[75] x[1] x[75] </args>
      <args> x[1] x[76] x[1] x[76] </args>
      <args> x[1] x[90] x[1] x[90] </args>
      <args> x[102] x[10] x[102] x[10] </args>
      <args> x[102] x[163] x[102] x[163] </args>
      <args> x[102] x[199] x[102] x[199] </args>
      <args> x[102] x[212] x[102] x[212] </args>
      <args> x[102] x[226] x[102] x[226] </args>
      <args> x[102] x[233] x[102] x[233] </args>
      <args> x[102] x[25] x[102] x[25] </args>
      <args> x[102] x[36] x[102] x[36] </args>
      <args> x[102] x[37] x[102] x[37] </args>
      <args> x[102] x[38] x[102] x[38] </args>
      <args> x[102] x[40] x[102] x[40] </args>
      <args> x[102] x[52] x[102] x[52] </args>
      <args> x[102] x[83] x[102] x[83] </args>
      <args> x[102] x[88] x[102] x[88] </args>
      <args> x[102] x[94] x[102] x[94] </args>
      <args> x[105] x[100] x[105] x[100] </args>
      <args> x[105] x[116] x[105] x[116] </args>
      <args> x[105] x[16] x[105] x[16] </args>
      <args> x[105] x[162] x[105] x[162] </args>
      <args> x[105] x[170] x[105] x[170] </args>
      <args> x[105] x[185] x[105] x[185] </args>
      <args> x[105] x[209] x[105] x[209] </args>
      <args> x[105] x[222] x[105] x[222] </args>
      <args> x[105] x[230] x[105] x[230] </args>
      <args> x[105] x[250] x[105] x[250] </args>
      <args> x[105] x[254] x[105] x[254] </args>
      <args> x[105] x[29] x[105] x[29] </args>
      <args> x[105] x[3] x[105] x[3] </args>
      <args> x[105] x[39] x[105] x[39] </args>
      <args> x[105] x[93] x[105] x[93] </args>
      <args> x[108] x[0] x[108] x[0] </args>
      <args> x[108] x[103] x[108] x[103] </args>
      <args> x[108] x[15] x[108] x[15] </args>
      <args> x[108] x[171] x[108] x[171] </args>
      <args> x[108] x[189] x[108] x[189] </args>
      <args> x[108] x[193] x[108] x[193] </args>
      <args> x[108] x[202] x[108] x[202] </args>
      <args> x[108] x[203] x[108] x[203] </args>
      <args> x[108] x[208] x[108] x[208] </args>
      <args> x[108] x[229] x[108] x[229] </args>
      <args> x[108] x[239] x[108] x[239] </args>
      <args> x[108] x[59] x[108] x[59] </args>
      <args> x[108] x[66] x[108] x[66] </args>
      <args> x[108] x[67] x[108] x[67] </args>
      <args> x[108] x[87] x[108] x[87] </args>
      <args> x[11] x[109] x[11] x[109] </args>
      <args> x[11] x[130] x[11] x[130] </args>
      <args> x[11] x[134] x[11] x[134] </args>
      <args> x[11] x[135] x[11] x[135] </args>
      <args> x[11] x[178] x[11] x[178] </args>
      <args> x[11] x[180] x[11] x[180] </args>
      <args> x[11] x[194] x[11] x[194] </args>
      <args> x[11] x[210] x[11] x[210] </args>
      <args> x[11] x[214] x[11] x[214] </args>
      <args> x[11] x[215] x[11] x[215] </args>
      <args> x[11] x[240] x[11] x[240] </args>
      <args> x[11] x[64] x[11] x[64] </args>
      <args> x[11] x[72] x[11] x[72] </args>
      <args> x[11] x[82] x[11] x[82] </args>
      <args> x[11] x[85] x[11] x[85] </args>
      <args> x[112] x[104] x[112] x[104] </args>
      <args> x[112] x[126] x[112] x[126] </args>
      <args> x[112] x[157] x[112] x[157] </args>
      <args> x[112] x[181] x[112] x[181] </args>
      <args> x[112] x[20] x[112] x[20] </args>
      <args> x[112] x[200] x[112] x[200] </args>
      <args> x[112] x[213] x[112] x[213] </args>
      <args> x[112] x[220] x[112] x[220] </args>
      <args> x[112] x[225] x[112] x[225] </args>
      <args> x[112] x[234] x[112] x[234] </args>
      <args> x[112] x[252] x[112] x[252] </args>
      <args> x[112] x[45] x[112] x[45] </args>
      <args> x[112] x[53] x[112] x[53] </args>
      <args> x[112] x[68] x[112] x[68] </args>
      <args> x[112] x[98] x[112] x[98] </args>
      <args> x[127] x[118] x[127] x[118] </args>
      <args> x[127] x[13] x[127] x[13] </args>
      <args> x[127] x[156] x[127] x[156] </args>
      <args> x[127] x[175] x[127] x[175] </args>
      <args> x[127] x[217] x[127] x[217] </args>
      <args> x[127] x[227] x[127] x[227] </args>
      <args> x[127] x[238] x[127] x[238] </args>
      <args> x[127] x[255] x[127] x[255] </args>
      <args> x[127] x[31] x[127] x[31] </args>
      <args> x[127] x[65] x[127] x[65] </args>
      <args> x[127] x[7] x[127] x[7] </args>
      <args> x[127] x[78] x[127] x[78] </args>
      <args> x[127] x[9] x[127] x[9] </args>
      <args> x[127] x[91] x[127] x[91] </args>
      <args> x[127] x[92] x[127] x[92] </args>
      <args> x[132] x[114] x[132] x[114] </args>
      <args> x[132] x[123] x[132] x[123] </args>
      <args> x[132] x[125] x[132] x[125] </args>
      <args> x[132] x[137] x[132] x[137] </args>
      <args> x[132] x[168] x[132] x[168] </args>
      <args> x[132] x[169] x[132] x[169] </args>
      <args> x[132] x[177] x[132] x[177] </args>
      <args> x[132] x[190] x[132] x[190] </args>
      <args> x[132] x[196] x[132] x[196] </args>
      <args> x[132] x[216] x[132] x[216] </args>
      <args> x[132] x[241] x[132] x[241] </args>
      <args> x[132] x[249] x[132] x[249] </args>
      <args> x[132] x[26] x[132] x[26] </args>
      <args> x[132] x[70] x[132] x[70] </args>
      <args> x[132] x[95] x[132] x[95] </args>
      <args> x[154] x[120] x[154] x[120] </args>
      <args> x[154] x[139] x[154] x[139] </args>
      <args> x[154] x[142] x[154] x[142] </args>
      <args> x[154] x[149] x[154] x[149] </args>
      <args> x[154] x[151] x[154] x[151] </args>
      <args> x[154] x[161] x[154] x[161] </args>
      <args> x[154] x[183] x[154] x[183] </args>
      <args> x[154] x[197] x[154] x[197] </args>
      <args> x[154] x[201] x[154] x[201] </args>
      <args> x[154] x[219] x[154] x[219] </args>
      <args> x[154] x[46] x[154] x[46] </args>
      <args> x[154] x[50] x[154] x[50] </args>
      <args> x[154] x[57] x[154] x[57] </args>
      <args> x[154] x[6] x[154] x[6] </args>
      <args> x[154] x[80] x[154] x[80] </args>
      <args> x[173] x[136] x[173] x[136] </args>
      <args> x[173] x[138] x[173] x[138] </args>
      <args> x[173] x[144] x[173] x[144] </args>
      <args> x[173] x[146] x[173] x[146] </args>
      <args> x[173] x[152] x[173] x[152] </args>
      <args> x[173] x[159] x[173] x[159] </args>
      <args> x[173] x[164] x[173] x[164] </args>
      <args> x[173] x[167] x[173] x[167] </args>
      <args> x[173] x[184] x[173] x[184] </args>
      <args> x[173] x[195] x[173] x[195] </args>
      <args> x[173] x[231] x[173] x[231] </args>
      <args> x[173] x[43] x[173] x[43] </args>
      <args> x[173] x[63] x[173] x[63] </args>
      <args> x[173] x[8] x[173] x[8] </args>
      <args> x[173] x[84] x[173] x[84] </args>
      <args> x[191] x[106] x[191] x[106] </args>
      <args> x[191] x[143] x[191] x[143] </args>
      <args> x[191] x[150] x[191] x[150] </args>
      <args> x[191] x[160] x[191] x[160] </args>
      <args> x[191] x[165] x[191] x[165] </args>
      <args> x[191] x[172] x[191] x[172] </args>
      <args> x[191] x[18] x[191] x[18] </args>
      <args> x[191] x[182] x[191] x[182] </args>
      <args> x[191] x[198] x[191] x[198] </args>
      <args> x[191] x[218] x[191] x[218] </args>
      <args> x[191] x[247] x[191] x[247] </args>
      <args> x[191] x[253] x[191] x[253] </args>
      <args> x[191] x[5] x[191] x[5] </args>
      <args> x[191] x[51] x[191] x[51] </args>
      <args> x[191] x[60] x[191] x[60] </args>
      <args> x[27] x[101] x[27] x[101] </args>
      <args> x[27] x[128] x[27] x[128] </args>
      <args> x[27] x[129] x[27] x[129] </args>
      <args> x[27] x[155] x[27] x[155] </args>
      <args> x[27] x[158] x[27] x[158] </args>
      <args> x[27] x[187] x[27] x[187] </args>
      <args> x[27] x[206] x[27] x[206] </args>
      <args> x[27] x[248] x[27] x[248] </args>
      <args> x[27] x[251] x[27] x[251] </args>
      <args> x[27] x[4] x[27] x[4] </args>
      <args> x[27] x[42] x[27] x[42] </args>
      <args> x[27] x[44] x[27] x[44] </args>
      <args> x[27] x[54] x[27] x[54] </args>
      <args> x[27] x[61] x[27] x[61] </args>
      <args> x[27] x[62] x[27] x[62] </args>
      <args> x[58] x[107] x[58] x[107] </args>
      <args> x[58] x[110] x[58] x[110] </args>
      <args> x[58] x[111] x[58] x[111] </args>
      <args> x[58] x[145] x[58] x[145] </args>
      <args> x[58] x[147] x[58] x[147] </args>
      <args> x[58] x[179] x[58] x[179] </args>
      <args> x[58] x[19] x[58] x[19] </args>
      <args> x[58] x[2] x[58] x[2] </args>
      <args> x[58] x[21] x[58] x[21] </args>
      <args> x[58] x[221] x[58] x[221] </args>
      <args> x[58] x[23] x[58] x[23] </args>
      <args> x[58] x[28] x[58] x[28] </args>
      <args> x[58] x[55] x[58] x[55] </args>
      <args> x[58] x[69] x[58] x[69] </args>
      <args> x[58] x[97] x[58] x[97] </args>
      <args> x[86] x[117] x[86] x[117] </args>
      <args> x[86] x[12] x[86] x[12] </args>
      <args> x[86] x[124] x[86] x[124] </args>
      <args> x[86] x[153] x[86] x[153] </args>
      <args> x[86] x[205] x[86] x[205] </args>
      <args> x[86] x[211] x[86] x[211] </args>
      <args> x[86] x[22] x[86] x[22] </args>
      <args> x[86] x[228] x[86] x[228] </args>
      <args> x[86] x[243] x[86] x[243] </args>
      <args> x[86] x[30] x[86] x[30] </args>
      <args> x[86] x[32] x[86] x[32] </args>
      <args> x[86] x[47] x[86] x[47] </args>
      <args> x[86] x[49] x[86] x[49] </args>
      <args> x[86] x[77] x[86] x[77] </args>
      <args> x[86] x[89] x[86] x[89] </args>
      <args> x[99] x[121] x[99] x[121] </args>
      <args> x[99] x[133] x[99] x[133] </args>
      <args> x[99] x[141] x[99] x[141] </args>
      <args> x[99] x[17] x[99] x[17] </args>
      <args> x[99] x[174] x[99] x[174] </args>
      <args> x[99] x[176] x[99] x[176] </args>
      <args> x[99] x[204] x[99] x[204] </args>
      <args> x[99] x[224] x[99] x[224] </args>
      <args> x[99] x[235] x[99] x[235] </args>
      <args> x[99] x[244] x[99] x[244] </args>
      <args> x[99] x[246] x[99] x[246] </args>
      <args> x[99] x[35] x[99] x[35] </args>
      <args> x[99] x[71] x[99] x[71] </args>
      <args> x[99] x[79] x[99] x[79] </args>
      <args> x[99] x[81] x[99] x[81] </args>
    </group>
    <group>
      <intension> ne(%0,%1) </intension>
      <args> x[10] x[163] </args>
      <args> x[10] x[199] </args>
      <args> x[10] x[212] </args>
      <args> x[10] x[233] </args>
      <args> x[10] x[37] </args>
      <args> x[10] x[40] </args>
      <args> x[10] x[94] </args>
      <args> x[100] x[230] </args>
      <args> x[100] x[93] </args>
      <args> x[101] x[128] </args>
      <args> x[103] x[0] </args>
      <args> x[103] x[193] </args>
      <args> x[103] x[203] </args>
      <args> x[103] x[229] </args>
      <args> x[103] x[59] </args>
      <args> x[104] x[234] </args>
      <args> x[104] x[98] </args>
      <args> x[106] x[198] </args>
      <args> x[106] x[253] </args>
      <args> x[106] x[5] </args>
      <args> x[107] x[21] </args>
      <args> x[109] x[135] </args>
      <args> x[109] x[214] </args>
      <args> x[110] x[107] </args>
      <args> x[110] x[147] </args>
      <args> x[110] x[221] </args>
      <args> x[111] x[107] </args>
      <args> x[111] x[110] </args>
      <args> x[111] x[147] </args>
      <args> x[111] x[179] </args>
      <args> x[111] x[19] </args>
      <args> x[111] x[28] </args>
      <args> x[111] x[55] </args>
      <args> x[113] x[207] </args>
      <args> x[113] x[245] </args>
      <args> x[114] x[196] </args>
      <args> x[115] x[122] </args>
      <args> x[115] x[242] </args>
      <args> x[115] x[34] </args>
      <args> x[116] x[209] </args>
      <args> x[116] x[222] </args>
      <args> x[116] x[230] </args>
      <args> x[117] x[12] </args>
      <args> x[117] x[205] </args>
      <args> x[117] x[22] </args>
      <args> x[117] x[228] </args>
      <args> x[117] x[243] </args>
      <args> x[117] x[30] </args>
      <args> x[117] x[32] </args>
      <args> x[117] x[47] </args>
      <args> x[117] x[49] </args>
      <args> x[117] x[89] </args>
      <args> x[118] x[156] </args>
      <args> x[118] x[217] </args>
      <args> x[119] x[148] </args>
      <args> x[119] x[90] </args>
      <args> x[120] x[139] </args>
      <args> x[120] x[149] </args>
      <args> x[120] x[161] </args>
      <args> x[120] x[197] </args>
      <args> x[120] x[46] </args>
      <args> x[120] x[50] </args>
      <args> x[120] x[6] </args>
      <args> x[121] x[81] </args>
      <args> x[123] x[196] </args>
      <args> x[124] x[243] </args>
      <args> x[124] x[89] </args>
      <args> x[125] x[123] </args>
      <args> x[125] x[137] </args>
      <args> x[125] x[168] </args>
      <args> x[125] x[196] </args>
      <args> x[125] x[241] </args>
      <args> x[125] x[95] </args>
      <args> x[126] x[157] </args>
      <args> x[126] x[98] </args>
      <args> x[129] x[128] </args>
      <args> x[129] x[155] </args>
      <args> x[129] x[158] </args>
      <args> x[129] x[187] </args>
      <args> x[129] x[248] </args>
      <args> x[129] x[251] </args>
      <args> x[129] x[61] </args>
      <args> x[129] x[62] </args>
      <args> x[13] x[118] </args>
      <args> x[13] x[175] </args>
      <args> x[13] x[217] </args>
      <args> x[13] x[238] </args>
      <args> x[13] x[7] </args>
      <args> x[13] x[9] </args>
      <args> x[130] x[134] </args>
      <args> x[130] x[135] </args>
      <args> x[130] x[214] </args>
      <args> x[130] x[72] </args>
      <args> x[130] x[82] </args>
      <args> x[131] x[236] </args>
      <args> x[131] x[34] </args>
      <args> x[131] x[73] </args>
      <args> x[133] x[121] </args>
      <args> x[133] x[35] </args>
      <args> x[133] x[81] </args>
      <args> x[134] x[109] </args>
      <args> x[134] x[72] </args>
      <args> x[136] x[144] </args>
      <args> x[136] x[159] </args>
      <args> x[136] x[195] </args>
      <args> x[137] x[168] </args>
      <args> x[137] x[169] </args>
      <args> x[137] x[241] </args>
      <args> x[137] x[249] </args>
      <args> x[137] x[26] </args>
      <args> x[137] x[95] </args>
      <args> x[138] x[146] </args>
      <args> x[138] x[159] </args>
      <args> x[138] x[195] </args>
      <args> x[138] x[63] </args>
      <args> x[139] x[219] </args>
      <args> x[139] x[46] </args>
      <args> x[139] x[57] </args>
      <args> x[14] x[113] </args>
      <args> x[14] x[119] </args>
      <args> x[14] x[140] </args>
      <args> x[14] x[207] </args>
      <args> x[14] x[232] </args>
      <args> x[14] x[75] </args>
      <args> x[14] x[76] </args>
      <args> x[14] x[90] </args>
      <args> x[140] x[113] </args>
      <args> x[140] x[119] </args>
      <args> x[140] x[188] </args>
      <args> x[140] x[207] </args>
      <args> x[140] x[232] </args>
      <args> x[140] x[24] </args>
      <args> x[140] x[245] </args>
      <args> x[140] x[75] </args>
      <args> x[140] x[76] </args>
      <args> x[141] x[17] </args>
      <args> x[141] x[176] </args>
      <args> x[141] x[224] </args>
      <args> x[141] x[235] </args>
      <args> x[141] x[246] </args>
      <args> x[141] x[35] </args>
      <args> x[141] x[79] </args>
      <args> x[142] x[139] </args>
      <args> x[142] x[151] </args>
      <args> x[142] x[161] </args>
      <args> x[142] x[50] </args>
      <args> x[142] x[57] </args>
      <args> x[143] x[106] </args>
      <args> x[143] x[150] </args>
      <args> x[143] x[165] </args>
      <args> x[143] x[182] </args>
      <args> x[143] x[198] </args>
      <args> x[143] x[253] </args>
      <args> x[143] x[5] </args>
      <args> x[143] x[60] </args>
      <args> x[145] x[147] </args>
      <args> x[145] x[221] </args>
      <args> x[146] x[144] </args>
      <args> x[147] x[107] </args>
      <args> x[148] x[188] </args>
      <args> x[148] x[207] </args>
      <args> x[148] x[75] </args>
      <args> x[148] x[90] </args>
      <args> x[149] x[139] </args>
      <args> x[149] x[142] </args>
      <args> x[149] x[151] </args>
      <args> x[149] x[161] </args>
      <args> x[149] x[197] </args>
      <args> x[149] x[46] </args>
      <args> x[149] x[50] </args>
      <args> x[149] x[80] </args>
      <args> x[15] x[103] </args>
      <args> x[15] x[171] </args>
      <args> x[15] x[189] </args>
      <args> x[15] x[203] </args>
      <args> x[15] x[208] </args>
      <args> x[15] x[229] </args>
      <args> x[15] x[66] </args>
      <args> x[15] x[67] </args>
      <args> x[150] x[106] </args>
      <args> x[152] x[144] </args>
      <args> x[152] x[146] </args>
      <args> x[152] x[43] </args>
      <args> x[152] x[63] </args>
      <args> x[153] x[12] </args>
      <args> x[153] x[124] </args>
      <args> x[153] x[228] </args>
      <args> x[153] x[243] </args>
      <args> x[153] x[32] </args>
      <args> x[155] x[101] </args>
      <args> x[155] x[187] </args>
      <args> x[155] x[248] </args>
      <args> x[155] x[251] </args>
      <args> x[155] x[42] </args>
      <args> x[156] x[217] </args>
      <args> x[157] x[98] </args>
      <args> x[158] x[101] </args>
      <args> x[158] x[155] </args>
      <args> x[158] x[187] </args>
      <args> x[158] x[248] </args>
      <args> x[158] x[251] </args>
      <args> x[158] x[54] </args>
      <args> x[158] x[61] </args>
      <args> x[159] x[144] </args>
      <args> x[159] x[146] </args>
      <args> x[16] x[185] </args>
      <args> x[160] x[172] </args>
      <args> x[160] x[198] </args>
      <args> x[160] x[247] </args>
      <args> x[160] x[253] </args>
      <args> x[162] x[100] </args>
      <args> x[162] x[16] </args>
      <args> x[162] x[185] </args>
      <args> x[162] x[209] </args>
      <args> x[162] x[222] </args>
      <args> x[162] x[230] </args>
      <args> x[162] x[250] </args>
      <args> x[163] x[25] </args>
      <args> x[163] x[37] </args>
      <args> x[163] x[88] </args>
      <args> x[164] x[136] </args>
      <args> x[164] x[144] </args>
      <args> x[164] x[146] </args>
      <args> x[164] x[152] </args>
      <args> x[164] x[184] </args>
      <args> x[164] x[195] </args>
      <args> x[164] x[43] </args>
      <args> x[164] x[63] </args>
      <args> x[165] x[182] </args>
      <args> x[165] x[218] </args>
      <args> x[165] x[247] </args>
      <args> x[165] x[5] </args>
      <args> x[166] x[122] </args>
      <args> x[166] x[192] </args>
      <args> x[167] x[136] </args>
      <args> x[167] x[146] </args>
      <args> x[167] x[184] </args>
      <args> x[167] x[43] </args>
      <args> x[167] x[63] </args>
      <args> x[167] x[8] </args>
      <args> x[168] x[114] </args>
      <args> x[168] x[123] </args>
      <args> x[168] x[169] </args>
      <args> x[168] x[177] </args>
      <args> x[168] x[241] </args>
      <args> x[169] x[114] </args>
      <args> x[169] x[177] </args>
      <args> x[169] x[196] </args>
      <args> x[169] x[241] </args>
      <args> x[169] x[70] </args>
      <args> x[17] x[121] </args>
      <args> x[17] x[174] </args>
      <args> x[17] x[176] </args>
      <args> x[17] x[224] </args>
      <args> x[17] x[235] </args>
      <args> x[170] x[16] </args>
      <args> x[170] x[185] </args>
      <args> x[170] x[222] </args>
      <args> x[170] x[230] </args>
      <args> x[170] x[39] </args>
      <args> x[170] x[93] </args>
      <args> x[171] x[203] </args>
      <args> x[171] x[208] </args>
      <args> x[171] x[87] </args>
      <args> x[172] x[198] </args>
      <args> x[174] x[35] </args>
      <args> x[174] x[81] </args>
      <args> x[175] x[118] </args>
      <args> x[175] x[238] </args>
      <args> x[176] x[235] </args>
      <args> x[176] x[79] </args>
      <args> x[177] x[114] </args>
      <args> x[177] x[196] </args>
      <args> x[178] x[109] </args>
      <args> x[178] x[130] </args>
      <args> x[178] x[135] </args>
      <args> x[178] x[214] </args>
      <args> x[178] x[215] </args>
      <args> x[178] x[240] </args>
      <args> x[178] x[72] </args>
      <args> x[178] x[85] </args>
      <args> x[179] x[107] </args>
      <args> x[179] x[23] </args>
      <args> x[179] x[28] </args>
      <args> x[179] x[55] </args>
      <args> x[18] x[106] </args>
      <args> x[18] x[182] </args>
      <args> x[180] x[194] </args>
      <args> x[180] x[210] </args>
      <args> x[180] x[72] </args>
      <args> x[181] x[104] </args>
      <args> x[181] x[126] </args>
      <args> x[181] x[98] </args>
      <args> x[183] x[120] </args>
      <args> x[183] x[149] </args>
      <args> x[183] x[161] </args>
      <args> x[183] x[197] </args>
      <args> x[183] x[219] </args>
      <args> x[183] x[46] </args>
      <args> x[183] x[50] </args>
      <args> x[183] x[57] </args>
      <args> x[183] x[80] </args>
      <args> x[184] x[144] </args>
      <args> x[184] x[159] </args>
      <args> x[184] x[195] </args>
      <args> x[184] x[63] </args>
      <args> x[186] x[122] </args>
      <args> x[187] x[128] </args>
      <args> x[187] x[248] </args>
      <args> x[187] x[42] </args>
      <args> x[188] x[113] </args>
      <args> x[188] x[207] </args>
      <args> x[188] x[75] </args>
      <args> x[188] x[90] </args>
      <args> x[19] x[110] </args>
      <args> x[19] x[21] </args>
      <args> x[19] x[28] </args>
      <args> x[190] x[123] </args>
      <args> x[190] x[125] </args>
      <args> x[190] x[168] </args>
      <args> x[190] x[177] </args>
      <args> x[190] x[196] </args>
      <args> x[190] x[241] </args>
      <args> x[190] x[249] </args>
      <args> x[190] x[95] </args>
      <args> x[192] x[242] </args>
      <args> x[192] x[34] </args>
      <args> x[193] x[171] </args>
      <args> x[193] x[208] </args>
      <args> x[193] x[229] </args>
      <args> x[193] x[66] </args>
      <args> x[194] x[109] </args>
      <args> x[194] x[130] </args>
      <args> x[194] x[134] </args>
      <args> x[194] x[210] </args>
      <args> x[194] x[214] </args>
      <args> x[194] x[72] </args>
      <args> x[195] x[144] </args>
      <args> x[195] x[159] </args>
      <args> x[197] x[139] </args>
      <args> x[197] x[151] </args>
      <args> x[197] x[161] </args>
      <args> x[197] x[57] </args>
      <args> x[197] x[80] </args>
      <args> x[198] x[253] </args>
      <args> x[198] x[5] </args>
      <args> x[199] x[212] </args>
      <args> x[199] x[36] </args>
      <args> x[199] x[94] </args>
      <args> x[2] x[110] </args>
      <args> x[2] x[23] </args>
      <args> x[20] x[181] </args>
      <args> x[20] x[200] </args>
      <args> x[20] x[213] </args>
      <args> x[20] x[225] </args>
      <args> x[20] x[53] </args>
      <args> x[20] x[98] </args>
      <args> x[201] x[120] </args>
      <args> x[201] x[151] </args>
      <args> x[201] x[46] </args>
      <args> x[201] x[50] </args>
      <args> x[201] x[57] </args>
      <args> x[201] x[6] </args>
      <args> x[201] x[80] </args>
      <args> x[202] x[0] </args>
      <args> x[202] x[171] </args>
      <args> x[202] x[189] </args>
      <args> x[202] x[203] </args>
      <args> x[203] x[189] </args>
      <args> x[203] x[208] </args>
      <args> x[203] x[66] </args>
      <args> x[204] x[35] </args>
      <args> x[205] x[12] </args>
      <args> x[205] x[124] </args>
      <args> x[205] x[228] </args>
      <args> x[205] x[32] </args>
      <args> x[206] x[101] </args>
      <args> x[206] x[128] </args>
      <args> x[206] x[248] </args>
      <args> x[207] x[245] </args>
      <args> x[208] x[0] </args>
      <args> x[208] x[66] </args>
      <args> x[208] x[87] </args>
      <args> x[209] x[16] </args>
      <args> x[209] x[185] </args>
      <args> x[209] x[222] </args>
      <args> x[210] x[109] </args>
      <args> x[210] x[214] </args>
      <args> x[210] x[72] </args>
      <args> x[211] x[89] </args>
      <args> x[213] x[98] </args>
      <args> x[215] x[109] </args>
      <args> x[215] x[180] </args>
      <args> x[215] x[194] </args>
      <args> x[215] x[214] </args>
      <args> x[215] x[240] </args>
      <args> x[216] x[125] </args>
      <args> x[216] x[137] </args>
      <args> x[216] x[169] </args>
      <args> x[216] x[190] </args>
      <args> x[216] x[196] </args>
      <args> x[216] x[95] </args>
      <args> x[219] x[151] </args>
      <args> x[22] x[153] </args>
      <args> x[22] x[205] </args>
      <args> x[22] x[211] </args>
      <args> x[22] x[243] </args>
      <args> x[22] x[32] </args>
      <args> x[22] x[47] </args>
      <args> x[22] x[49] </args>
      <args> x[22] x[77] </args>
      <args> x[22] x[89] </args>
      <args> x[220] x[104] </args>
      <args> x[220] x[126] </args>
      <args> x[220] x[157] </args>
      <args> x[220] x[181] </args>
      <args> x[220] x[213] </args>
      <args> x[220] x[252] </args>
      <args> x[220] x[45] </args>
      <args> x[220] x[53] </args>
      <args> x[220] x[98] </args>
      <args> x[221] x[147] </args>
      <args> x[222] x[16] </args>
      <args> x[222] x[39] </args>
      <args> x[223] x[186] </args>
      <args> x[223] x[192] </args>
      <args> x[223] x[236] </args>
      <args> x[223] x[242] </args>
      <args> x[223] x[34] </args>
      <args> x[223] x[41] </args>
      <args> x[223] x[56] </args>
      <args> x[225] x[126] </args>
      <args> x[225] x[181] </args>
      <args> x[225] x[200] </args>
      <args> x[225] x[213] </args>
      <args> x[225] x[234] </args>
      <args> x[225] x[252] </args>
      <args> x[225] x[53] </args>
      <args> x[226] x[10] </args>
      <args> x[226] x[163] </args>
      <args> x[226] x[25] </args>
      <args> x[226] x[36] </args>
      <args> x[226] x[37] </args>
      <args> x[226] x[40] </args>
      <args> x[226] x[88] </args>
      <args> x[226] x[94] </args>
      <args> x[227] x[118] </args>
      <args> x[227] x[156] </args>
      <args> x[227] x[217] </args>
      <args> x[227] x[238] </args>
      <args> x[227] x[255] </args>
      <args> x[227] x[31] </args>
      <args> x[227] x[7] </args>
      <args> x[227] x[78] </args>
      <args> x[227] x[92] </args>
      <args> x[228] x[12] </args>
      <args> x[228] x[124] </args>
      <args> x[228] x[243] </args>
      <args> x[228] x[89] </args>
      <args> x[229] x[171] </args>
      <args> x[229] x[208] </args>
      <args> x[230] x[16] </args>
      <args> x[230] x[222] </args>
      <args> x[231] x[136] </args>
      <args> x[231] x[144] </args>
      <args> x[231] x[63] </args>
      <args> x[231] x[8] </args>
      <args> x[232] x[113] </args>
      <args> x[232] x[188] </args>
      <args> x[232] x[207] </args>
      <args> x[232] x[245] </args>
      <args> x[233] x[94] </args>
      <args> x[235] x[224] </args>
      <args> x[235] x[35] </args>
      <args> x[235] x[81] </args>
      <args> x[236] x[242] </args>
      <args> x[236] x[56] </args>
      <args> x[237] x[122] </args>
      <args> x[237] x[186] </args>
      <args> x[237] x[192] </args>
      <args> x[237] x[74] </args>
      <args> x[238] x[118] </args>
      <args> x[239] x[103] </args>
      <args> x[239] x[15] </args>
      <args> x[239] x[189] </args>
      <args> x[239] x[193] </args>
      <args> x[239] x[203] </args>
      <args> x[239] x[59] </args>
      <args> x[239] x[87] </args>
      <args> x[24] x[207] </args>
      <args> x[24] x[90] </args>
      <args> x[240] x[130] </args>
      <args> x[240] x[134] </args>
      <args> x[240] x[135] </args>
      <args> x[240] x[82] </args>
      <args> x[242] x[34] </args>
      <args> x[244] x[121] </args>
      <args> x[244] x[174] </args>
      <args> x[244] x[176] </args>
      <args> x[244] x[35] </args>
      <args> x[244] x[81] </args>
      <args> x[246] x[133] </args>
      <args> x[246] x[17] </args>
      <args> x[246] x[174] </args>
      <args> x[246] x[204] </args>
      <args> x[246] x[224] </args>
      <args> x[246] x[81] </args>
      <args> x[247] x[5] </args>
      <args> x[248] x[128] </args>
      <args> x[249] x[123] </args>
      <args> x[249] x[177] </args>
      <args> x[249] x[196] </args>
      <args> x[249] x[70] </args>
      <args> x[249] x[95] </args>
      <args> x[25] x[233] </args>
      <args> x[25] x[36] </args>
      <args> x[25] x[83] </args>
      <args> x[25] x[88] </args>
      <args> x[25] x[94] </args>
      <args> x[250] x[116] </args>
      <args> x[250] x[16] </args>
      <args> x[250] x[170] </args>
      <args> x[250] x[185] </args>
      <args> x[250] x[209] </args>
      <args> x[251] x[101] </args>
      <args> x[251] x[128] </args>
      <args> x[251] x[187] </args>
      <args> x[251] x[248] </args>
      <args> x[252] x[126] </args>
      <args> x[252] x[181] </args>
      <args> x[252] x[213] </args>
      <args> x[253] x[247] </args>
      <args> x[253] x[5] </args>
      <args> x[254] x[100] </args>
      <args> x[254] x[209] </args>
      <args> x[254] x[230] </args>
      <args> x[255] x[118] </args>
      <args> x[255] x[156] </args>
      <args> x[255] x[217] </args>
      <args> x[255] x[7] </args>
      <args> x[255] x[9] </args>
      <args> x[26] x[114] </args>
      <args> x[26] x[123] </args>
      <args> x[26] x[177] </args>
      <args> x[26] x[196] </args>
      <args> x[26] x[70] </args>
      <args> x[28] x[107] </args>
      <args> x[28] x[110] </args>
      <args> x[28] x[147] </args>
      <args> x[28] x[21] </args>
      <args> x[28] x[221] </args>
      <args> x[29] x[100] </args>
      <args> x[29] x[162] </args>
      <args> x[29] x[185] </args>
      <args> x[29] x[209] </args>
      <args> x[29] x[222] </args>
      <args> x[29] x[250] </args>
      <args> x[29] x[39] </args>
      <args> x[3] x[162] </args>
      <args> x[3] x[170] </args>
      <args> x[3] x[185] </args>
      <args> x[3] x[209] </args>
      <args> x[3] x[222] </args>
      <args> x[3] x[93] </args>
      <args> x[30] x[12] </args>
      <args> x[30] x[124] </args>
      <args> x[30] x[205] </args>
      <args> x[30] x[228] </args>
      <args> x[30] x[243] </args>
      <args> x[30] x[89] </args>
      <args> x[31] x[118] </args>
      <args> x[31] x[156] </args>
      <args> x[31] x[7] </args>
      <args> x[32] x[12] </args>
      <args> x[32] x[124] </args>
      <args> x[32] x[211] </args>
      <args> x[32] x[228] </args>
      <args> x[32] x[47] </args>
      <args> x[32] x[89] </args>
      <args> x[33] x[140] </args>
      <args> x[33] x[188] </args>
      <args> x[33] x[207] </args>
      <args> x[33] x[48] </args>
      <args> x[33] x[76] </args>
      <args> x[33] x[90] </args>
      <args> x[34] x[122] </args>
      <args> x[34] x[56] </args>
      <args> x[36] x[212] </args>
      <args> x[36] x[233] </args>
      <args> x[36] x[37] </args>
      <args> x[37] x[212] </args>
      <args> x[37] x[233] </args>
      <args> x[37] x[94] </args>
      <args> x[38] x[163] </args>
      <args> x[39] x[16] </args>
      <args> x[4] x[101] </args>
      <args> x[4] x[128] </args>
      <args> x[4] x[155] </args>
      <args> x[4] x[187] </args>
      <args> x[4] x[206] </args>
      <args> x[4] x[248] </args>
      <args> x[4] x[54] </args>
      <args> x[4] x[61] </args>
      <args> x[40] x[212] </args>
      <args> x[40] x[25] </args>
      <args> x[40] x[37] </args>
      <args> x[40] x[83] </args>
      <args> x[40] x[94] </args>
      <args> x[41] x[122] </args>
      <args> x[41] x[56] </args>
      <args> x[43] x[136] </args>
      <args> x[44] x[128] </args>
      <args> x[44] x[129] </args>
      <args> x[44] x[158] </args>
      <args> x[44] x[187] </args>
      <args> x[44] x[206] </args>
      <args> x[44] x[42] </args>
      <args> x[44] x[54] </args>
      <args> x[45] x[104] </args>
      <args> x[45] x[126] </args>
      <args> x[45] x[181] </args>
      <args> x[45] x[213] </args>
      <args> x[45] x[225] </args>
      <args> x[45] x[252] </args>
      <args> x[45] x[98] </args>
      <args> x[46] x[151] </args>
      <args> x[46] x[161] </args>
      <args> x[46] x[219] </args>
      <args> x[46] x[50] </args>
      <args> x[46] x[80] </args>
      <args> x[47] x[12] </args>
      <args> x[48] x[113] </args>
      <args> x[48] x[140] </args>
      <args> x[48] x[148] </args>
      <args> x[48] x[188] </args>
      <args> x[48] x[232] </args>
      <args> x[48] x[245] </args>
      <args> x[48] x[75] </args>
      <args> x[48] x[90] </args>
      <args> x[49] x[153] </args>
      <args> x[49] x[205] </args>
      <args> x[49] x[243] </args>
      <args> x[49] x[77] </args>
      <args> x[49] x[89] </args>
      <args> x[51] x[150] </args>
      <args> x[51] x[160] </args>
      <args> x[51] x[165] </args>
      <args> x[51] x[172] </args>
      <args> x[51] x[18] </args>
      <args> x[51] x[218] </args>
      <args> x[51] x[247] </args>
      <args> x[52] x[163] </args>
      <args> x[52] x[199] </args>
      <args> x[52] x[38] </args>
      <args> x[52] x[88] </args>
      <args> x[52] x[94] </args>
      <args> x[53] x[126] </args>
      <args> x[53] x[200] </args>
      <args> x[53] x[98] </args>
      <args> x[54] x[128] </args>
      <args> x[54] x[187] </args>
      <args> x[55] x[110] </args>
      <args> x[55] x[147] </args>
      <args> x[55] x[221] </args>
      <args> x[56] x[122] </args>
      <args> x[59] x[0] </args>
      <args> x[59] x[171] </args>
      <args> x[59] x[189] </args>
      <args> x[59] x[202] </args>
      <args> x[59] x[203] </args>
      <args> x[59] x[66] </args>
      <args> x[59] x[67] </args>
      <args> x[6] x[139] </args>
      <args> x[6] x[142] </args>
      <args> x[6] x[149] </args>
      <args> x[6] x[151] </args>
      <args> x[6] x[50] </args>
      <args> x[6] x[57] </args>
      <args> x[6] x[80] </args>
      <args> x[60] x[172] </args>
      <args> x[60] x[18] </args>
      <args> x[60] x[218] </args>
      <args> x[60] x[247] </args>
      <args> x[60] x[253] </args>
      <args> x[60] x[5] </args>
      <args> x[61] x[101] </args>
      <args> x[61] x[128] </args>
      <args> x[61] x[155] </args>
      <args> x[61] x[206] </args>
      <args> x[61] x[42] </args>
      <args> x[61] x[54] </args>
      <args> x[62] x[155] </args>
      <args> x[62] x[187] </args>
      <args> x[62] x[248] </args>
      <args> x[62] x[42] </args>
      <args> x[62] x[61] </args>
      <args> x[63] x[136] </args>
      <args> x[63] x[146] </args>
      <args> x[63] x[195] </args>
      <args> x[64] x[109] </args>
      <args> x[64] x[130] </args>
      <args> x[64] x[180] </args>
      <args> x[64] x[194] </args>
      <args> x[64] x[210] </args>
      <args> x[64] x[214] </args>
      <args> x[64] x[240] </args>
      <args> x[64] x[72] </args>
      <args> x[65] x[175] </args>
      <args> x[65] x[217] </args>
      <args> x[65] x[7] </args>
      <args> x[65] x[9] </args>
      <args> x[66] x[0] </args>
      <args> x[66] x[189] </args>
      <args> x[66] x[87] </args>
      <args> x[67] x[189] </args>
      <args> x[67] x[193] </args>
      <args> x[67] x[203] </args>
      <args> x[67] x[208] </args>
      <args> x[67] x[229] </args>
      <args> x[68] x[104] </args>
      <args> x[68] x[157] </args>
      <args> x[68] x[181] </args>
      <args> x[68] x[20] </args>
      <args> x[68] x[213] </args>
      <args> x[68] x[45] </args>
      <args> x[68] x[53] </args>
      <args> x[69] x[107] </args>
      <args> x[69] x[111] </args>
      <args> x[69] x[147] </args>
      <args> x[69] x[179] </args>
      <args> x[69] x[19] </args>
      <args> x[69] x[21] </args>
      <args> x[69] x[221] </args>
      <args> x[69] x[28] </args>
      <args> x[69] x[55] </args>
      <args> x[69] x[97] </args>
      <args> x[7] x[118] </args>
      <args> x[7] x[217] </args>
      <args> x[7] x[238] </args>
      <args> x[70] x[114] </args>
      <args> x[70] x[177] </args>
      <args> x[70] x[196] </args>
      <args> x[70] x[241] </args>
      <args> x[71] x[133] </args>
      <args> x[71] x[141] </args>
      <args> x[71] x[174] </args>
      <args> x[71] x[176] </args>
      <args> x[71] x[224] </args>
      <args> x[71] x[235] </args>
      <args> x[71] x[246] </args>
      <args> x[71] x[35] </args>
      <args> x[71] x[81] </args>
      <args> x[72] x[135] </args>
      <args> x[73] x[166] </args>
      <args> x[73] x[186] </args>
      <args> x[73] x[192] </args>
      <args> x[73] x[223] </args>
      <args> x[73] x[242] </args>
      <args> x[73] x[56] </args>
      <args> x[73] x[74] </args>
      <args> x[74] x[186] </args>
      <args> x[74] x[192] </args>
      <args> x[74] x[236] </args>
      <args> x[74] x[34] </args>
      <args> x[74] x[41] </args>
      <args> x[76] x[119] </args>
      <args> x[76] x[148] </args>
      <args> x[76] x[24] </args>
      <args> x[77] x[124] </args>
      <args> x[77] x[228] </args>
      <args> x[78] x[118] </args>
      <args> x[78] x[156] </args>
      <args> x[78] x[238] </args>
      <args> x[78] x[31] </args>
      <args> x[78] x[7] </args>
      <args> x[78] x[9] </args>
      <args> x[79] x[121] </args>
      <args> x[79] x[133] </args>
      <args> x[79] x[235] </args>
      <args> x[79] x[81] </args>
      <args> x[8] x[136] </args>
      <args> x[8] x[159] </args>
      <args> x[8] x[195] </args>
      <args> x[8] x[63] </args>
      <args> x[80] x[219] </args>
      <args> x[80] x[57] </args>
      <args> x[81] x[35] </args>
      <args> x[82] x[109] </args>
      <args> x[83] x[212] </args>
      <args> x[83] x[233] </args>
      <args> x[83] x[36] </args>
      <args> x[83] x[37] </args>
      <args> x[84] x[136] </args>
      <args> x[84] x[144] </args>
      <args> x[84] x[167] </args>
      <args> x[85] x[130] </args>
      <args> x[85] x[134] </args>
      <args> x[85] x[135] </args>
      <args> x[85] x[194] </args>
      <args> x[85] x[210] </args>
      <args> x[85] x[214] </args>
      <args> x[85] x[72] </args>
      <args> x[85] x[82] </args>
      <args> x[88] x[199] </args>
      <args> x[88] x[83] </args>
      <args> x[89] x[243] </args>
      <args> x[9] x[156] </args>
      <args> x[9] x[238] </args>
      <args> x[9] x[31] </args>
      <args> x[9] x[7] </args>
      <args> x[90] x[113] </args>
      <args> x[90] x[207] </args>
      <args> x[91] x[118] </args>
      <args> x[91] x[156] </args>
      <args> x[91] x[175] </args>
      <args> x[91] x[217] </args>
      <args> x[91] x[31] </args>
      <args> x[92] x[13] </args>
      <args> x[92] x[156] </args>
      <args> x[92] x[175] </args>
      <args> x[92] x[31] </args>
      <args> x[92] x[65] </args>
      <args> x[92] x[7] </args>
      <args> x[92] x[9] </args>
      <args> x[92] x[91] </args>
      <args> x[93] x[16] </args>
      <args> x[93] x[230] </args>
      <args> x[93] x[39] </args>
      <args> x[94] x[212] </args>
      <args> x[95] x[177] </args>
      <args> x[95] x[241] </args>
      <args> x[96] x[166] </args>
      <args> x[96] x[186] </args>
      <args> x[96] x[192] </args>
      <args> x[96] x[223] </args>
      <args> x[96] x[236] </args>
      <args> x[96] x[237] </args>
      <args> x[96] x[56] </args>
      <args> x[96] x[74] </args>
      <args> x[97] x[111] </args>
      <args> x[97] x[2] </args>
      <args> x[97] x[21] </args>
      <args> x[97] x[28] </args>
      <args> x[97] x[55] </args>
    </group>
    <group>
      <intension> eq(%0,%1) </intension>
      <args> x[115] x[112] </args>
      <args> x[131] x[173] </args>
      <args> x[166] x[86] </args>
      <args> x[186] x[1] </args>
      <args> x[192] x[58] </args>
      <args> x[223] x[105] </args>
      <args> x[236] x[108] </args>
      <args> x[237] x[127] </args>
      <args> x[242] x[27] </args>
      <args> x[34] x[99] </args>
      <args> x[41] x[154] </args>
      <args> x[56] x[191] </args>
      <args> x[73] x[102] </args>
      <args> x[74] x[132] </args>
      <args> x[96] x[11] </args>
    </group>
  </constraints>
</instance>
