<instance format="XCSP3" type="CSP">
  <variables>
    <array id="x" size="[289]"> 0..16 </array>
  </variables>
  <constraints>
    <group>
      <intension> gt(0,mul(sub(%0,%1),sub(%2,%3))) </intension>
      <args> x[0] x[1] x[1] x[0] </args>
      <args> x[0] x[126] x[126] x[0] </args>
      <args> x[0] x[128] x[128] x[0] </args>
      <args> x[0] x[136] x[136] x[0] </args>
      <args> x[0] x[221] x[221] x[0] </args>
      <args> x[0] x[232] x[232] x[0] </args>
      <args> x[0] x[266] x[266] x[0] </args>
      <args> x[0] x[74] x[74] x[0] </args>
      <args> x[0] x[76] x[76] x[0] </args>
      <args> x[1] x[221] x[221] x[1] </args>
      <args> x[1] x[266] x[266] x[1] </args>
      <args> x[1] x[74] x[74] x[1] </args>
      <args> x[10] x[130] x[130] x[10] </args>
      <args> x[10] x[14] x[14] x[10] </args>
      <args> x[10] x[152] x[152] x[10] </args>
      <args> x[10] x[180] x[180] x[10] </args>
      <args> x[10] x[252] x[252] x[10] </args>
      <args> x[10] x[35] x[35] x[10] </args>
      <args> x[10] x[87] x[87] x[10] </args>
      <args> x[100] x[191] x[191] x[100] </args>
      <args> x[100] x[220] x[220] x[100] </args>
      <args> x[100] x[249] x[249] x[100] </args>
      <args> x[100] x[39] x[39] x[100] </args>
      <args> x[100] x[40] x[40] x[100] </args>
      <args> x[100] x[46] x[46] x[100] </args>
      <args> x[100] x[70] x[70] x[100] </args>
      <args> x[101] x[5] x[5] x[101] </args>
      <args> x[102] x[125] x[125] x[102] </args>
      <args> x[102] x[156] x[156] x[102] </args>
      <args> x[102] x[174] x[174] x[102] </args>
      <args> x[102] x[189] x[189] x[102] </args>
      <args> x[102] x[32] x[32] x[102] </args>
      <args> x[102] x[36] x[36] x[102] </args>
      <args> x[102] x[54] x[54] x[102] </args>
      <args> x[103] x[207] x[207] x[103] </args>
      <args> x[103] x[217] x[217] x[103] </args>
      <args> x[103] x[34] x[34] x[103] </args>
      <args> x[104] x[183] x[183] x[104] </args>
      <args> x[104] x[184] x[184] x[104] </args>
      <args> x[104] x[280] x[280] x[104] </args>
      <args> x[104] x[73] x[73] x[104] </args>
      <args> x[105] x[118] x[118] x[105] </args>
      <args> x[105] x[175] x[175] x[105] </args>
      <args> x[105] x[214] x[214] x[105] </args>
      <args> x[106] x[100] x[100] x[106] </args>
      <args> x[106] x[191] x[191] x[106] </args>
      <args> x[106] x[200] x[200] x[106] </args>
      <args> x[106] x[220] x[220] x[106] </args>
      <args> x[106] x[249] x[249] x[106] </args>
      <args> x[106] x[258] x[258] x[106] </args>
      <args> x[106] x[39] x[39] x[106] </args>
      <args> x[106] x[40] x[40] x[106] </args>
      <args> x[106] x[46] x[46] x[106] </args>
      <args> x[107] x[194] x[194] x[107] </args>
      <args> x[107] x[218] x[218] x[107] </args>
      <args> x[107] x[238] x[238] x[107] </args>
      <args> x[107] x[244] x[244] x[107] </args>
      <args> x[107] x[263] x[263] x[107] </args>
      <args> x[109] x[119] x[119] x[109] </args>
      <args> x[109] x[121] x[121] x[109] </args>
      <args> x[109] x[223] x[223] x[109] </args>
      <args> x[109] x[244] x[244] x[109] </args>
      <args> x[109] x[85] x[85] x[109] </args>
      <args> x[109] x[94] x[94] x[109] </args>
      <args> x[11] x[100] x[100] x[11] </args>
      <args> x[11] x[191] x[191] x[11] </args>
      <args> x[11] x[220] x[220] x[11] </args>
      <args> x[11] x[258] x[258] x[11] </args>
      <args> x[11] x[39] x[39] x[11] </args>
      <args> x[11] x[40] x[40] x[11] </args>
      <args> x[11] x[46] x[46] x[11] </args>
      <args> x[110] x[137] x[137] x[110] </args>
      <args> x[110] x[19] x[19] x[110] </args>
      <args> x[110] x[272] x[272] x[110] </args>
      <args> x[110] x[283] x[283] x[110] </args>
      <args> x[110] x[29] x[29] x[110] </args>
      <args> x[110] x[96] x[96] x[110] </args>
      <args> x[112] x[122] x[122] x[112] </args>
      <args> x[112] x[146] x[146] x[112] </args>
      <args> x[112] x[16] x[16] x[112] </args>
      <args> x[112] x[170] x[170] x[112] </args>
      <args> x[112] x[21] x[21] x[112] </args>
      <args> x[112] x[24] x[24] x[112] </args>
      <args> x[112] x[257] x[257] x[112] </args>
      <args> x[112] x[270] x[270] x[112] </args>
      <args> x[113] x[145] x[145] x[113] </args>
      <args> x[113] x[207] x[207] x[113] </args>
      <args> x[113] x[217] x[217] x[113] </args>
      <args> x[113] x[250] x[250] x[113] </args>
      <args> x[113] x[26] x[26] x[113] </args>
      <args> x[114] x[122] x[122] x[114] </args>
      <args> x[114] x[16] x[16] x[114] </args>
      <args> x[114] x[24] x[24] x[114] </args>
      <args> x[115] x[141] x[141] x[115] </args>
      <args> x[115] x[166] x[166] x[115] </args>
      <args> x[115] x[285] x[285] x[115] </args>
      <args> x[115] x[58] x[58] x[115] </args>
      <args> x[115] x[64] x[64] x[115] </args>
      <args> x[116] x[234] x[234] x[116] </args>
      <args> x[116] x[268] x[268] x[116] </args>
      <args> x[116] x[68] x[68] x[116] </args>
      <args> x[117] x[234] x[234] x[117] </args>
      <args> x[119] x[121] x[121] x[119] </args>
      <args> x[119] x[244] x[244] x[119] </args>
      <args> x[120] x[1] x[1] x[120] </args>
      <args> x[120] x[126] x[126] x[120] </args>
      <args> x[120] x[221] x[221] x[120] </args>
      <args> x[120] x[266] x[266] x[120] </args>
      <args> x[120] x[74] x[74] x[120] </args>
      <args> x[123] x[137] x[137] x[123] </args>
      <args> x[123] x[142] x[142] x[123] </args>
      <args> x[123] x[144] x[144] x[123] </args>
      <args> x[123] x[188] x[188] x[123] </args>
      <args> x[123] x[283] x[283] x[123] </args>
      <args> x[123] x[29] x[29] x[123] </args>
      <args> x[123] x[95] x[95] x[123] </args>
      <args> x[124] x[184] x[184] x[124] </args>
      <args> x[124] x[242] x[242] x[124] </args>
      <args> x[124] x[73] x[73] x[124] </args>
      <args> x[125] x[17] x[17] x[125] </args>
      <args> x[125] x[277] x[277] x[125] </args>
      <args> x[125] x[32] x[32] x[125] </args>
      <args> x[125] x[54] x[54] x[125] </args>
      <args> x[128] x[1] x[1] x[128] </args>
      <args> x[128] x[120] x[120] x[128] </args>
      <args> x[128] x[221] x[221] x[128] </args>
      <args> x[128] x[232] x[232] x[128] </args>
      <args> x[129] x[135] x[135] x[129] </args>
      <args> x[129] x[34] x[34] x[129] </args>
      <args> x[130] x[152] x[152] x[130] </args>
      <args> x[130] x[180] x[180] x[130] </args>
      <args> x[130] x[252] x[252] x[130] </args>
      <args> x[130] x[35] x[35] x[130] </args>
      <args> x[130] x[89] x[89] x[130] </args>
      <args> x[130] x[9] x[9] x[130] </args>
      <args> x[131] x[159] x[159] x[131] </args>
      <args> x[131] x[231] x[231] x[131] </args>
      <args> x[131] x[55] x[55] x[131] </args>
      <args> x[131] x[57] x[57] x[131] </args>
      <args> x[131] x[61] x[61] x[131] </args>
      <args> x[131] x[66] x[66] x[131] </args>
      <args> x[131] x[99] x[99] x[131] </args>
      <args> x[133] x[179] x[179] x[133] </args>
      <args> x[133] x[242] x[242] x[133] </args>
      <args> x[133] x[280] x[280] x[133] </args>
      <args> x[133] x[82] x[82] x[133] </args>
      <args> x[134] x[180] x[180] x[134] </args>
      <args> x[134] x[235] x[235] x[134] </args>
      <args> x[134] x[42] x[42] x[134] </args>
      <args> x[134] x[9] x[9] x[134] </args>
      <args> x[135] x[145] x[145] x[135] </args>
      <args> x[136] x[1] x[1] x[136] </args>
      <args> x[136] x[128] x[128] x[136] </args>
      <args> x[136] x[266] x[266] x[136] </args>
      <args> x[139] x[141] x[141] x[139] </args>
      <args> x[139] x[287] x[287] x[139] </args>
      <args> x[139] x[65] x[65] x[139] </args>
      <args> x[14] x[130] x[130] x[14] </args>
      <args> x[14] x[180] x[180] x[14] </args>
      <args> x[14] x[87] x[87] x[14] </args>
      <args> x[14] x[89] x[89] x[14] </args>
      <args> x[14] x[9] x[9] x[14] </args>
      <args> x[140] x[122] x[122] x[140] </args>
      <args> x[141] x[138] x[138] x[141] </args>
      <args> x[141] x[212] x[212] x[141] </args>
      <args> x[142] x[137] x[137] x[142] </args>
      <args> x[142] x[29] x[29] x[142] </args>
      <args> x[142] x[52] x[52] x[142] </args>
      <args> x[143] x[119] x[119] x[143] </args>
      <args> x[143] x[223] x[223] x[143] </args>
      <args> x[144] x[137] x[137] x[144] </args>
      <args> x[144] x[142] x[142] x[144] </args>
      <args> x[144] x[188] x[188] x[144] </args>
      <args> x[144] x[19] x[19] x[144] </args>
      <args> x[144] x[211] x[211] x[144] </args>
      <args> x[144] x[283] x[283] x[144] </args>
      <args> x[144] x[29] x[29] x[144] </args>
      <args> x[145] x[186] x[186] x[145] </args>
      <args> x[145] x[207] x[207] x[145] </args>
      <args> x[146] x[114] x[114] x[146] </args>
      <args> x[146] x[122] x[122] x[146] </args>
      <args> x[146] x[140] x[140] x[146] </args>
      <args> x[146] x[148] x[148] x[146] </args>
      <args> x[146] x[16] x[16] x[146] </args>
      <args> x[146] x[278] x[278] x[146] </args>
      <args> x[147] x[177] x[177] x[147] </args>
      <args> x[148] x[122] x[122] x[148] </args>
      <args> x[148] x[16] x[16] x[148] </args>
      <args> x[148] x[24] x[24] x[148] </args>
      <args> x[148] x[257] x[257] x[148] </args>
      <args> x[148] x[270] x[270] x[148] </args>
      <args> x[148] x[278] x[278] x[148] </args>
      <args> x[149] x[176] x[176] x[149] </args>
      <args> x[149] x[192] x[192] x[149] </args>
      <args> x[149] x[2] x[2] x[149] </args>
      <args> x[149] x[233] x[233] x[149] </args>
      <args> x[151] x[192] x[192] x[151] </args>
      <args> x[153] x[182] x[182] x[153] </args>
      <args> x[153] x[230] x[230] x[153] </args>
      <args> x[153] x[247] x[247] x[153] </args>
      <args> x[153] x[288] x[288] x[153] </args>
      <args> x[153] x[49] x[49] x[153] </args>
      <args> x[153] x[56] x[56] x[153] </args>
      <args> x[153] x[98] x[98] x[153] </args>
      <args> x[154] x[100] x[100] x[154] </args>
      <args> x[154] x[249] x[249] x[154] </args>
      <args> x[154] x[258] x[258] x[154] </args>
      <args> x[154] x[39] x[39] x[154] </args>
      <args> x[154] x[40] x[40] x[154] </args>
      <args> x[154] x[46] x[46] x[154] </args>
      <args> x[154] x[70] x[70] x[154] </args>
      <args> x[155] x[13] x[13] x[155] </args>
      <args> x[155] x[213] x[213] x[155] </args>
      <args> x[155] x[226] x[226] x[155] </args>
      <args> x[155] x[243] x[243] x[155] </args>
      <args> x[155] x[37] x[37] x[155] </args>
      <args> x[155] x[69] x[69] x[155] </args>
      <args> x[156] x[189] x[189] x[156] </args>
      <args> x[156] x[277] x[277] x[156] </args>
      <args> x[156] x[36] x[36] x[156] </args>
      <args> x[158] x[165] x[165] x[158] </args>
      <args> x[158] x[167] x[167] x[158] </args>
      <args> x[158] x[168] x[168] x[158] </args>
      <args> x[159] x[66] x[66] x[159] </args>
      <args> x[160] x[105] x[105] x[160] </args>
      <args> x[160] x[177] x[177] x[160] </args>
      <args> x[160] x[214] x[214] x[160] </args>
      <args> x[160] x[23] x[23] x[160] </args>
      <args> x[160] x[286] x[286] x[160] </args>
      <args> x[160] x[77] x[77] x[160] </args>
      <args> x[161] x[159] x[159] x[161] </args>
      <args> x[161] x[229] x[229] x[161] </args>
      <args> x[161] x[57] x[57] x[161] </args>
      <args> x[161] x[62] x[62] x[161] </args>
      <args> x[161] x[66] x[66] x[161] </args>
      <args> x[161] x[97] x[97] x[161] </args>
      <args> x[162] x[100] x[100] x[162] </args>
      <args> x[162] x[11] x[11] x[162] </args>
      <args> x[162] x[220] x[220] x[162] </args>
      <args> x[162] x[249] x[249] x[162] </args>
      <args> x[162] x[258] x[258] x[162] </args>
      <args> x[162] x[39] x[39] x[162] </args>
      <args> x[162] x[40] x[40] x[162] </args>
      <args> x[162] x[46] x[46] x[162] </args>
      <args> x[162] x[70] x[70] x[162] </args>
      <args> x[162] x[83] x[83] x[162] </args>
      <args> x[163] x[13] x[13] x[163] </args>
      <args> x[163] x[155] x[155] x[163] </args>
      <args> x[163] x[276] x[276] x[163] </args>
      <args> x[163] x[69] x[69] x[163] </args>
      <args> x[165] x[193] x[193] x[165] </args>
      <args> x[166] x[138] x[138] x[166] </args>
      <args> x[166] x[141] x[141] x[166] </args>
      <args> x[166] x[212] x[212] x[166] </args>
      <args> x[166] x[285] x[285] x[166] </args>
      <args> x[167] x[165] x[165] x[167] </args>
      <args> x[167] x[193] x[193] x[167] </args>
      <args> x[167] x[246] x[246] x[167] </args>
      <args> x[168] x[165] x[165] x[168] </args>
      <args> x[168] x[246] x[246] x[168] </args>
      <args> x[169] x[187] x[187] x[169] </args>
      <args> x[169] x[237] x[237] x[169] </args>
      <args> x[169] x[247] x[247] x[169] </args>
      <args> x[169] x[49] x[49] x[169] </args>
      <args> x[169] x[56] x[56] x[169] </args>
      <args> x[169] x[98] x[98] x[169] </args>
      <args> x[170] x[114] x[114] x[170] </args>
      <args> x[170] x[122] x[122] x[170] </args>
      <args> x[171] x[117] x[117] x[171] </args>
      <args> x[171] x[234] x[234] x[171] </args>
      <args> x[171] x[245] x[245] x[171] </args>
      <args> x[171] x[48] x[48] x[171] </args>
      <args> x[173] x[171] x[171] x[173] </args>
      <args> x[173] x[228] x[228] x[173] </args>
      <args> x[173] x[234] x[234] x[173] </args>
      <args> x[173] x[268] x[268] x[173] </args>
      <args> x[173] x[27] x[27] x[173] </args>
      <args> x[173] x[59] x[59] x[173] </args>
      <args> x[174] x[156] x[156] x[174] </args>
      <args> x[174] x[17] x[17] x[174] </args>
      <args> x[174] x[189] x[189] x[174] </args>
      <args> x[174] x[277] x[277] x[174] </args>
      <args> x[175] x[147] x[147] x[175] </args>
      <args> x[175] x[177] x[177] x[175] </args>
      <args> x[176] x[151] x[151] x[176] </args>
      <args> x[176] x[192] x[192] x[176] </args>
      <args> x[177] x[118] x[118] x[177] </args>
      <args> x[178] x[174] x[174] x[178] </args>
      <args> x[178] x[189] x[189] x[178] </args>
      <args> x[178] x[224] x[224] x[178] </args>
      <args> x[178] x[28] x[28] x[178] </args>
      <args> x[178] x[32] x[32] x[178] </args>
      <args> x[179] x[82] x[82] x[179] </args>
      <args> x[181] x[0] x[0] x[181] </args>
      <args> x[181] x[1] x[1] x[181] </args>
      <args> x[181] x[136] x[136] x[181] </args>
      <args> x[181] x[221] x[221] x[181] </args>
      <args> x[181] x[232] x[232] x[181] </args>
      <args> x[181] x[266] x[266] x[181] </args>
      <args> x[181] x[76] x[76] x[181] </args>
      <args> x[182] x[187] x[187] x[182] </args>
      <args> x[182] x[247] x[247] x[182] </args>
      <args> x[182] x[288] x[288] x[182] </args>
      <args> x[183] x[82] x[82] x[183] </args>
      <args> x[184] x[179] x[179] x[184] </args>
      <args> x[184] x[45] x[45] x[184] </args>
      <args> x[184] x[47] x[47] x[184] </args>
      <args> x[184] x[82] x[82] x[184] </args>
      <args> x[185] x[110] x[110] x[185] </args>
      <args> x[185] x[137] x[137] x[185] </args>
      <args> x[185] x[19] x[19] x[185] </args>
      <args> x[185] x[254] x[254] x[185] </args>
      <args> x[185] x[52] x[52] x[185] </args>
      <args> x[185] x[96] x[96] x[185] </args>
      <args> x[187] x[247] x[247] x[187] </args>
      <args> x[188] x[137] x[137] x[188] </args>
      <args> x[188] x[52] x[52] x[188] </args>
      <args> x[188] x[96] x[96] x[188] </args>
      <args> x[189] x[32] x[32] x[189] </args>
      <args> x[19] x[137] x[137] x[19] </args>
      <args> x[19] x[188] x[188] x[19] </args>
      <args> x[19] x[29] x[29] x[19] </args>
      <args> x[19] x[96] x[96] x[19] </args>
      <args> x[190] x[138] x[138] x[190] </args>
      <args> x[190] x[212] x[212] x[190] </args>
      <args> x[190] x[285] x[285] x[190] </args>
      <args> x[190] x[287] x[287] x[190] </args>
      <args> x[190] x[64] x[64] x[190] </args>
      <args> x[194] x[109] x[109] x[194] </args>
      <args> x[194] x[143] x[143] x[194] </args>
      <args> x[194] x[223] x[223] x[194] </args>
      <args> x[194] x[238] x[238] x[194] </args>
      <args> x[194] x[244] x[244] x[194] </args>
      <args> x[194] x[263] x[263] x[194] </args>
      <args> x[194] x[75] x[75] x[194] </args>
      <args> x[194] x[85] x[85] x[194] </args>
      <args> x[195] x[155] x[155] x[195] </args>
      <args> x[195] x[163] x[163] x[195] </args>
      <args> x[195] x[201] x[201] x[195] </args>
      <args> x[195] x[213] x[213] x[195] </args>
      <args> x[195] x[226] x[226] x[195] </args>
      <args> x[195] x[276] x[276] x[195] </args>
      <args> x[195] x[7] x[7] x[195] </args>
      <args> x[195] x[79] x[79] x[195] </args>
      <args> x[196] x[116] x[116] x[196] </args>
      <args> x[196] x[117] x[117] x[196] </args>
      <args> x[196] x[173] x[173] x[196] </args>
      <args> x[196] x[234] x[234] x[196] </args>
      <args> x[196] x[268] x[268] x[196] </args>
      <args> x[196] x[27] x[27] x[196] </args>
      <args> x[196] x[48] x[48] x[196] </args>
      <args> x[196] x[59] x[59] x[196] </args>
      <args> x[196] x[68] x[68] x[196] </args>
      <args> x[197] x[101] x[101] x[197] </args>
      <args> x[197] x[206] x[206] x[197] </args>
      <args> x[197] x[216] x[216] x[197] </args>
      <args> x[197] x[233] x[233] x[197] </args>
      <args> x[197] x[259] x[259] x[197] </args>
      <args> x[198] x[115] x[115] x[198] </args>
      <args> x[198] x[141] x[141] x[198] </args>
      <args> x[198] x[166] x[166] x[198] </args>
      <args> x[198] x[190] x[190] x[198] </args>
      <args> x[198] x[212] x[212] x[198] </args>
      <args> x[198] x[260] x[260] x[198] </args>
      <args> x[198] x[65] x[65] x[198] </args>
      <args> x[198] x[72] x[72] x[198] </args>
      <args> x[199] x[167] x[167] x[199] </args>
      <args> x[199] x[168] x[168] x[199] </args>
      <args> x[199] x[209] x[209] x[199] </args>
      <args> x[199] x[274] x[274] x[199] </args>
      <args> x[199] x[88] x[88] x[199] </args>
      <args> x[2] x[151] x[151] x[2] </args>
      <args> x[2] x[176] x[176] x[2] </args>
      <args> x[2] x[192] x[192] x[2] </args>
      <args> x[20] x[176] x[176] x[20] </args>
      <args> x[20] x[259] x[259] x[20] </args>
      <args> x[20] x[92] x[92] x[20] </args>
      <args> x[200] x[191] x[191] x[200] </args>
      <args> x[200] x[258] x[258] x[200] </args>
      <args> x[200] x[39] x[39] x[200] </args>
      <args> x[200] x[70] x[70] x[200] </args>
      <args> x[201] x[13] x[13] x[201] </args>
      <args> x[201] x[37] x[37] x[201] </args>
      <args> x[202] x[10] x[10] x[202] </args>
      <args> x[202] x[134] x[134] x[202] </args>
      <args> x[202] x[152] x[152] x[202] </args>
      <args> x[202] x[180] x[180] x[202] </args>
      <args> x[202] x[235] x[235] x[202] </args>
      <args> x[202] x[252] x[252] x[202] </args>
      <args> x[202] x[35] x[35] x[202] </args>
      <args> x[202] x[87] x[87] x[202] </args>
      <args> x[202] x[89] x[89] x[202] </args>
      <args> x[203] x[167] x[167] x[203] </args>
      <args> x[203] x[199] x[199] x[203] </args>
      <args> x[203] x[209] x[209] x[203] </args>
      <args> x[203] x[274] x[274] x[203] </args>
      <args> x[204] x[130] x[130] x[204] </args>
      <args> x[204] x[14] x[14] x[204] </args>
      <args> x[204] x[152] x[152] x[204] </args>
      <args> x[204] x[252] x[252] x[204] </args>
      <args> x[204] x[264] x[264] x[204] </args>
      <args> x[204] x[35] x[35] x[204] </args>
      <args> x[204] x[87] x[87] x[204] </args>
      <args> x[204] x[9] x[9] x[204] </args>
      <args> x[205] x[199] x[199] x[205] </args>
      <args> x[205] x[209] x[209] x[205] </args>
      <args> x[205] x[251] x[251] x[205] </args>
      <args> x[206] x[149] x[149] x[206] </args>
      <args> x[206] x[151] x[151] x[206] </args>
      <args> x[206] x[192] x[192] x[206] </args>
      <args> x[206] x[216] x[216] x[206] </args>
      <args> x[206] x[259] x[259] x[206] </args>
      <args> x[206] x[284] x[284] x[206] </args>
      <args> x[208] x[147] x[147] x[208] </args>
      <args> x[208] x[175] x[175] x[208] </args>
      <args> x[208] x[239] x[239] x[208] </args>
      <args> x[209] x[165] x[165] x[209] </args>
      <args> x[209] x[168] x[168] x[209] </args>
      <args> x[209] x[193] x[193] x[209] </args>
      <args> x[209] x[246] x[246] x[209] </args>
      <args> x[209] x[274] x[274] x[209] </args>
      <args> x[21] x[140] x[140] x[21] </args>
      <args> x[21] x[170] x[170] x[21] </args>
      <args> x[21] x[278] x[278] x[21] </args>
      <args> x[210] x[156] x[156] x[210] </args>
      <args> x[210] x[277] x[277] x[210] </args>
      <args> x[210] x[32] x[32] x[210] </args>
      <args> x[210] x[36] x[36] x[210] </args>
      <args> x[211] x[254] x[254] x[211] </args>
      <args> x[211] x[272] x[272] x[211] </args>
      <args> x[211] x[283] x[283] x[211] </args>
      <args> x[212] x[138] x[138] x[212] </args>
      <args> x[213] x[255] x[255] x[213] </args>
      <args> x[213] x[4] x[4] x[213] </args>
      <args> x[213] x[69] x[69] x[213] </args>
      <args> x[214] x[118] x[118] x[214] </args>
      <args> x[215] x[184] x[184] x[215] </args>
      <args> x[215] x[280] x[280] x[215] </args>
      <args> x[215] x[45] x[45] x[215] </args>
      <args> x[215] x[47] x[47] x[215] </args>
      <args> x[215] x[82] x[82] x[215] </args>
      <args> x[216] x[101] x[101] x[216] </args>
      <args> x[216] x[149] x[149] x[216] </args>
      <args> x[216] x[151] x[151] x[216] </args>
      <args> x[216] x[192] x[192] x[216] </args>
      <args> x[216] x[20] x[20] x[216] </args>
      <args> x[216] x[233] x[233] x[216] </args>
      <args> x[216] x[284] x[284] x[216] </args>
      <args> x[216] x[5] x[5] x[216] </args>
      <args> x[216] x[92] x[92] x[216] </args>
      <args> x[217] x[80] x[80] x[217] </args>
      <args> x[218] x[121] x[121] x[218] </args>
      <args> x[218] x[143] x[143] x[218] </args>
      <args> x[218] x[223] x[223] x[218] </args>
      <args> x[218] x[85] x[85] x[218] </args>
      <args> x[219] x[103] x[103] x[219] </args>
      <args> x[219] x[113] x[113] x[219] </args>
      <args> x[219] x[129] x[129] x[219] </args>
      <args> x[219] x[135] x[135] x[219] </args>
      <args> x[219] x[145] x[145] x[219] </args>
      <args> x[219] x[26] x[26] x[219] </args>
      <args> x[219] x[34] x[34] x[219] </args>
      <args> x[219] x[80] x[80] x[219] </args>
      <args> x[22] x[133] x[133] x[22] </args>
      <args> x[22] x[179] x[179] x[22] </args>
      <args> x[22] x[183] x[183] x[22] </args>
      <args> x[22] x[215] x[215] x[22] </args>
      <args> x[22] x[242] x[242] x[22] </args>
      <args> x[22] x[279] x[279] x[22] </args>
      <args> x[22] x[280] x[280] x[22] </args>
      <args> x[22] x[45] x[45] x[22] </args>
      <args> x[22] x[47] x[47] x[22] </args>
      <args> x[22] x[73] x[73] x[22] </args>
      <args> x[22] x[82] x[82] x[22] </args>
      <args> x[222] x[122] x[122] x[222] </args>
      <args> x[222] x[140] x[140] x[222] </args>
      <args> x[222] x[146] x[146] x[222] </args>
      <args> x[222] x[16] x[16] x[222] </args>
      <args> x[222] x[170] x[170] x[222] </args>
      <args> x[222] x[21] x[21] x[222] </args>
      <args> x[222] x[24] x[24] x[222] </args>
      <args> x[222] x[270] x[270] x[222] </args>
      <args> x[222] x[278] x[278] x[222] </args>
      <args> x[222] x[67] x[67] x[222] </args>
      <args> x[223] x[119] x[119] x[223] </args>
      <args> x[223] x[121] x[121] x[223] </args>
      <args> x[224] x[102] x[102] x[224] </args>
      <args> x[224] x[156] x[156] x[224] </args>
      <args> x[224] x[174] x[174] x[224] </args>
      <args> x[224] x[267] x[267] x[224] </args>
      <args> x[224] x[277] x[277] x[224] </args>
      <args> x[224] x[28] x[28] x[224] </args>
      <args> x[224] x[36] x[36] x[224] </args>
      <args> x[224] x[54] x[54] x[224] </args>
      <args> x[225] x[191] x[191] x[225] </args>
      <args> x[225] x[200] x[200] x[225] </args>
      <args> x[225] x[220] x[220] x[225] </args>
      <args> x[225] x[249] x[249] x[225] </args>
      <args> x[225] x[39] x[39] x[225] </args>
      <args> x[225] x[40] x[40] x[225] </args>
      <args> x[225] x[46] x[46] x[225] </args>
      <args> x[225] x[70] x[70] x[225] </args>
      <args> x[226] x[243] x[243] x[226] </args>
      <args> x[226] x[255] x[255] x[226] </args>
      <args> x[226] x[69] x[69] x[226] </args>
      <args> x[227] x[147] x[147] x[227] </args>
      <args> x[227] x[175] x[175] x[227] </args>
      <args> x[227] x[208] x[208] x[227] </args>
      <args> x[227] x[214] x[214] x[227] </args>
      <args> x[228] x[116] x[116] x[228] </args>
      <args> x[228] x[171] x[171] x[228] </args>
      <args> x[228] x[59] x[59] x[228] </args>
      <args> x[228] x[68] x[68] x[228] </args>
      <args> x[23] x[105] x[105] x[23] </args>
      <args> x[23] x[118] x[118] x[23] </args>
      <args> x[23] x[147] x[147] x[23] </args>
      <args> x[23] x[177] x[177] x[23] </args>
      <args> x[23] x[214] x[214] x[23] </args>
      <args> x[23] x[227] x[227] x[23] </args>
      <args> x[23] x[30] x[30] x[23] </args>
      <args> x[230] x[98] x[98] x[230] </args>
      <args> x[231] x[229] x[229] x[231] </args>
      <args> x[232] x[221] x[221] x[232] </args>
      <args> x[232] x[266] x[266] x[232] </args>
      <args> x[232] x[74] x[74] x[232] </args>
      <args> x[233] x[151] x[151] x[233] </args>
      <args> x[233] x[2] x[2] x[233] </args>
      <args> x[235] x[130] x[130] x[235] </args>
      <args> x[235] x[152] x[152] x[235] </args>
      <args> x[235] x[35] x[35] x[235] </args>
      <args> x[237] x[187] x[187] x[237] </args>
      <args> x[237] x[247] x[247] x[237] </args>
      <args> x[237] x[288] x[288] x[237] </args>
      <args> x[237] x[33] x[33] x[237] </args>
      <args> x[238] x[109] x[109] x[238] </args>
      <args> x[238] x[119] x[119] x[238] </args>
      <args> x[238] x[121] x[121] x[238] </args>
      <args> x[238] x[143] x[143] x[238] </args>
      <args> x[238] x[218] x[218] x[238] </args>
      <args> x[238] x[223] x[223] x[238] </args>
      <args> x[238] x[244] x[244] x[238] </args>
      <args> x[238] x[85] x[85] x[238] </args>
      <args> x[239] x[175] x[175] x[239] </args>
      <args> x[239] x[177] x[177] x[239] </args>
      <args> x[24] x[122] x[122] x[24] </args>
      <args> x[240] x[159] x[159] x[240] </args>
      <args> x[240] x[161] x[161] x[240] </args>
      <args> x[240] x[282] x[282] x[240] </args>
      <args> x[240] x[44] x[44] x[240] </args>
      <args> x[240] x[55] x[55] x[240] </args>
      <args> x[240] x[61] x[61] x[240] </args>
      <args> x[241] x[117] x[117] x[241] </args>
      <args> x[241] x[171] x[171] x[241] </args>
      <args> x[241] x[234] x[234] x[241] </args>
      <args> x[241] x[245] x[245] x[241] </args>
      <args> x[241] x[68] x[68] x[241] </args>
      <args> x[242] x[179] x[179] x[242] </args>
      <args> x[242] x[183] x[183] x[242] </args>
      <args> x[242] x[184] x[184] x[242] </args>
      <args> x[242] x[45] x[45] x[242] </args>
      <args> x[242] x[47] x[47] x[242] </args>
      <args> x[242] x[82] x[82] x[242] </args>
      <args> x[243] x[13] x[13] x[243] </args>
      <args> x[245] x[48] x[48] x[245] </args>
      <args> x[247] x[33] x[33] x[247] </args>
      <args> x[248] x[134] x[134] x[248] </args>
      <args> x[248] x[14] x[14] x[248] </args>
      <args> x[248] x[152] x[152] x[248] </args>
      <args> x[248] x[180] x[180] x[248] </args>
      <args> x[248] x[235] x[235] x[248] </args>
      <args> x[248] x[252] x[252] x[248] </args>
      <args> x[248] x[264] x[264] x[248] </args>
      <args> x[248] x[35] x[35] x[248] </args>
      <args> x[248] x[87] x[87] x[248] </args>
      <args> x[248] x[89] x[89] x[248] </args>
      <args> x[248] x[9] x[9] x[248] </args>
      <args> x[249] x[200] x[200] x[249] </args>
      <args> x[249] x[220] x[220] x[249] </args>
      <args> x[249] x[39] x[39] x[249] </args>
      <args> x[249] x[46] x[46] x[249] </args>
      <args> x[249] x[70] x[70] x[249] </args>
      <args> x[25] x[109] x[109] x[25] </args>
      <args> x[25] x[119] x[119] x[25] </args>
      <args> x[25] x[143] x[143] x[25] </args>
      <args> x[25] x[194] x[194] x[25] </args>
      <args> x[25] x[223] x[223] x[25] </args>
      <args> x[25] x[244] x[244] x[25] </args>
      <args> x[25] x[75] x[75] x[25] </args>
      <args> x[250] x[135] x[135] x[250] </args>
      <args> x[250] x[145] x[145] x[250] </args>
      <args> x[250] x[186] x[186] x[250] </args>
      <args> x[250] x[217] x[217] x[250] </args>
      <args> x[250] x[26] x[26] x[250] </args>
      <args> x[251] x[165] x[165] x[251] </args>
      <args> x[251] x[167] x[167] x[251] </args>
      <args> x[251] x[274] x[274] x[251] </args>
      <args> x[251] x[88] x[88] x[251] </args>
      <args> x[252] x[180] x[180] x[252] </args>
      <args> x[252] x[264] x[264] x[252] </args>
      <args> x[253] x[116] x[116] x[253] </args>
      <args> x[253] x[117] x[117] x[253] </args>
      <args> x[253] x[171] x[171] x[253] </args>
      <args> x[253] x[234] x[234] x[253] </args>
      <args> x[253] x[241] x[241] x[253] </args>
      <args> x[253] x[68] x[68] x[253] </args>
      <args> x[254] x[110] x[110] x[254] </args>
      <args> x[254] x[137] x[137] x[254] </args>
      <args> x[254] x[142] x[142] x[254] </args>
      <args> x[254] x[188] x[188] x[254] </args>
      <args> x[254] x[19] x[19] x[254] </args>
      <args> x[254] x[272] x[272] x[254] </args>
      <args> x[254] x[96] x[96] x[254] </args>
      <args> x[257] x[114] x[114] x[257] </args>
      <args> x[257] x[170] x[170] x[257] </args>
      <args> x[257] x[24] x[24] x[257] </args>
      <args> x[258] x[191] x[191] x[258] </args>
      <args> x[258] x[220] x[220] x[258] </args>
      <args> x[258] x[40] x[40] x[258] </args>
      <args> x[258] x[46] x[46] x[258] </args>
      <args> x[259] x[176] x[176] x[259] </args>
      <args> x[259] x[192] x[192] x[259] </args>
      <args> x[259] x[233] x[233] x[259] </args>
      <args> x[259] x[5] x[5] x[259] </args>
      <args> x[26] x[135] x[135] x[26] </args>
      <args> x[26] x[186] x[186] x[26] </args>
      <args> x[260] x[190] x[190] x[260] </args>
      <args> x[260] x[285] x[285] x[260] </args>
      <args> x[261] x[187] x[187] x[261] </args>
      <args> x[261] x[237] x[237] x[261] </args>
      <args> x[261] x[288] x[288] x[261] </args>
      <args> x[261] x[98] x[98] x[261] </args>
      <args> x[262] x[17] x[17] x[262] </args>
      <args> x[262] x[174] x[174] x[262] </args>
      <args> x[262] x[189] x[189] x[262] </args>
      <args> x[262] x[277] x[277] x[262] </args>
      <args> x[262] x[32] x[32] x[262] </args>
      <args> x[263] x[143] x[143] x[263] </args>
      <args> x[263] x[218] x[218] x[263] </args>
      <args> x[263] x[223] x[223] x[263] </args>
      <args> x[263] x[244] x[244] x[263] </args>
      <args> x[263] x[75] x[75] x[263] </args>
      <args> x[264] x[180] x[180] x[264] </args>
      <args> x[264] x[89] x[89] x[264] </args>
      <args> x[264] x[9] x[9] x[264] </args>
      <args> x[265] x[1] x[1] x[265] </args>
      <args> x[265] x[120] x[120] x[265] </args>
      <args> x[265] x[128] x[128] x[265] </args>
      <args> x[265] x[181] x[181] x[265] </args>
      <args> x[265] x[232] x[232] x[265] </args>
      <args> x[265] x[266] x[266] x[265] </args>
      <args> x[265] x[53] x[53] x[265] </args>
      <args> x[265] x[86] x[86] x[265] </args>
      <args> x[266] x[221] x[221] x[266] </args>
      <args> x[267] x[262] x[262] x[267] </args>
      <args> x[267] x[277] x[277] x[267] </args>
      <args> x[267] x[36] x[36] x[267] </args>
      <args> x[268] x[117] x[117] x[268] </args>
      <args> x[268] x[234] x[234] x[268] </args>
      <args> x[268] x[245] x[245] x[268] </args>
      <args> x[268] x[48] x[48] x[268] </args>
      <args> x[269] x[232] x[232] x[269] </args>
      <args> x[269] x[266] x[266] x[269] </args>
      <args> x[269] x[53] x[53] x[269] </args>
      <args> x[269] x[74] x[74] x[269] </args>
      <args> x[269] x[76] x[76] x[269] </args>
      <args> x[27] x[117] x[117] x[27] </args>
      <args> x[27] x[234] x[234] x[27] </args>
      <args> x[270] x[114] x[114] x[270] </args>
      <args> x[270] x[140] x[140] x[270] </args>
      <args> x[270] x[170] x[170] x[270] </args>
      <args> x[270] x[21] x[21] x[270] </args>
      <args> x[270] x[24] x[24] x[270] </args>
      <args> x[270] x[278] x[278] x[270] </args>
      <args> x[271] x[104] x[104] x[271] </args>
      <args> x[271] x[179] x[179] x[271] </args>
      <args> x[271] x[242] x[242] x[271] </args>
      <args> x[271] x[280] x[280] x[271] </args>
      <args> x[271] x[45] x[45] x[271] </args>
      <args> x[271] x[47] x[47] x[271] </args>
      <args> x[272] x[137] x[137] x[272] </args>
      <args> x[272] x[19] x[19] x[272] </args>
      <args> x[272] x[96] x[96] x[272] </args>
      <args> x[273] x[138] x[138] x[273] </args>
      <args> x[273] x[139] x[139] x[273] </args>
      <args> x[273] x[141] x[141] x[273] </args>
      <args> x[273] x[166] x[166] x[273] </args>
      <args> x[273] x[190] x[190] x[273] </args>
      <args> x[273] x[198] x[198] x[273] </args>
      <args> x[273] x[260] x[260] x[273] </args>
      <args> x[273] x[285] x[285] x[273] </args>
      <args> x[273] x[58] x[58] x[273] </args>
      <args> x[273] x[64] x[64] x[273] </args>
      <args> x[274] x[158] x[158] x[274] </args>
      <args> x[274] x[168] x[168] x[274] </args>
      <args> x[274] x[193] x[193] x[274] </args>
      <args> x[275] x[131] x[131] x[275] </args>
      <args> x[275] x[44] x[44] x[275] </args>
      <args> x[275] x[55] x[55] x[275] </args>
      <args> x[275] x[61] x[61] x[275] </args>
      <args> x[275] x[62] x[62] x[275] </args>
      <args> x[275] x[99] x[99] x[275] </args>
      <args> x[276] x[201] x[201] x[276] </args>
      <args> x[276] x[213] x[213] x[276] </args>
      <args> x[276] x[255] x[255] x[276] </args>
      <args> x[276] x[37] x[37] x[276] </args>
      <args> x[276] x[4] x[4] x[276] </args>
      <args> x[277] x[17] x[17] x[277] </args>
      <args> x[277] x[189] x[189] x[277] </args>
      <args> x[277] x[36] x[36] x[277] </args>
      <args> x[278] x[122] x[122] x[278] </args>
      <args> x[278] x[140] x[140] x[278] </args>
      <args> x[278] x[16] x[16] x[278] </args>
      <args> x[278] x[24] x[24] x[278] </args>
      <args> x[279] x[183] x[183] x[279] </args>
      <args> x[279] x[184] x[184] x[279] </args>
      <args> x[279] x[215] x[215] x[279] </args>
      <args> x[279] x[73] x[73] x[279] </args>
      <args> x[28] x[189] x[189] x[28] </args>
      <args> x[28] x[210] x[210] x[28] </args>
      <args> x[28] x[36] x[36] x[28] </args>
      <args> x[280] x[179] x[179] x[280] </args>
      <args> x[280] x[242] x[242] x[280] </args>
      <args> x[280] x[45] x[45] x[280] </args>
      <args> x[280] x[47] x[47] x[280] </args>
      <args> x[280] x[82] x[82] x[280] </args>
      <args> x[281] x[113] x[113] x[281] </args>
      <args> x[281] x[135] x[135] x[281] </args>
      <args> x[281] x[186] x[186] x[281] </args>
      <args> x[281] x[207] x[207] x[281] </args>
      <args> x[281] x[217] x[217] x[281] </args>
      <args> x[281] x[219] x[219] x[281] </args>
      <args> x[281] x[6] x[6] x[281] </args>
      <args> x[282] x[159] x[159] x[282] </args>
      <args> x[282] x[161] x[161] x[282] </args>
      <args> x[282] x[229] x[229] x[282] </args>
      <args> x[282] x[57] x[57] x[282] </args>
      <args> x[282] x[61] x[61] x[282] </args>
      <args> x[282] x[62] x[62] x[282] </args>
      <args> x[282] x[66] x[66] x[282] </args>
      <args> x[283] x[188] x[188] x[283] </args>
      <args> x[283] x[96] x[96] x[283] </args>
      <args> x[284] x[149] x[149] x[284] </args>
      <args> x[284] x[176] x[176] x[284] </args>
      <args> x[284] x[2] x[2] x[284] </args>
      <args> x[284] x[20] x[20] x[284] </args>
      <args> x[285] x[141] x[141] x[285] </args>
      <args> x[286] x[118] x[118] x[286] </args>
      <args> x[286] x[147] x[147] x[286] </args>
      <args> x[286] x[175] x[175] x[286] </args>
      <args> x[286] x[177] x[177] x[286] </args>
      <args> x[286] x[208] x[208] x[286] </args>
      <args> x[286] x[214] x[214] x[286] </args>
      <args> x[286] x[227] x[227] x[286] </args>
      <args> x[287] x[138] x[138] x[287] </args>
      <args> x[287] x[141] x[141] x[287] </args>
      <args> x[287] x[65] x[65] x[287] </args>
      <args> x[288] x[187] x[187] x[288] </args>
      <args> x[288] x[247] x[247] x[288] </args>
      <args> x[29] x[188] x[188] x[29] </args>
      <args> x[29] x[96] x[96] x[29] </args>
      <args> x[3] x[105] x[105] x[3] </args>
      <args> x[3] x[160] x[160] x[3] </args>
      <args> x[3] x[175] x[175] x[3] </args>
      <args> x[3] x[177] x[177] x[3] </args>
      <args> x[3] x[227] x[227] x[3] </args>
      <args> x[3] x[23] x[23] x[3] </args>
      <args> x[3] x[239] x[239] x[3] </args>
      <args> x[3] x[286] x[286] x[3] </args>
      <args> x[3] x[30] x[30] x[3] </args>
      <args> x[3] x[60] x[60] x[3] </args>
      <args> x[30] x[177] x[177] x[30] </args>
      <args> x[30] x[208] x[208] x[30] </args>
      <args> x[30] x[227] x[227] x[30] </args>
      <args> x[30] x[239] x[239] x[30] </args>
      <args> x[31] x[187] x[187] x[31] </args>
      <args> x[31] x[230] x[230] x[31] </args>
      <args> x[31] x[261] x[261] x[31] </args>
      <args> x[31] x[288] x[288] x[31] </args>
      <args> x[31] x[38] x[38] x[31] </args>
      <args> x[31] x[49] x[49] x[31] </args>
      <args> x[31] x[50] x[50] x[31] </args>
      <args> x[31] x[56] x[56] x[31] </args>
      <args> x[31] x[98] x[98] x[31] </args>
      <args> x[34] x[145] x[145] x[34] </args>
      <args> x[34] x[207] x[207] x[34] </args>
      <args> x[34] x[26] x[26] x[34] </args>
      <args> x[35] x[152] x[152] x[35] </args>
      <args> x[35] x[252] x[252] x[35] </args>
      <args> x[35] x[264] x[264] x[35] </args>
      <args> x[35] x[89] x[89] x[35] </args>
      <args> x[35] x[9] x[9] x[35] </args>
      <args> x[36] x[17] x[17] x[36] </args>
      <args> x[36] x[32] x[32] x[36] </args>
      <args> x[37] x[13] x[13] x[37] </args>
      <args> x[37] x[243] x[243] x[37] </args>
      <args> x[37] x[255] x[255] x[37] </args>
      <args> x[37] x[4] x[4] x[37] </args>
      <args> x[37] x[69] x[69] x[37] </args>
      <args> x[38] x[182] x[182] x[38] </args>
      <args> x[38] x[230] x[230] x[38] </args>
      <args> x[38] x[237] x[237] x[38] </args>
      <args> x[38] x[261] x[261] x[38] </args>
      <args> x[38] x[33] x[33] x[38] </args>
      <args> x[38] x[49] x[49] x[38] </args>
      <args> x[38] x[56] x[56] x[38] </args>
      <args> x[4] x[13] x[13] x[4] </args>
      <args> x[40] x[220] x[220] x[40] </args>
      <args> x[42] x[10] x[10] x[42] </args>
      <args> x[42] x[130] x[130] x[42] </args>
      <args> x[42] x[14] x[14] x[42] </args>
      <args> x[42] x[152] x[152] x[42] </args>
      <args> x[42] x[180] x[180] x[42] </args>
      <args> x[42] x[235] x[235] x[42] </args>
      <args> x[42] x[35] x[35] x[42] </args>
      <args> x[42] x[87] x[87] x[42] </args>
      <args> x[42] x[9] x[9] x[42] </args>
      <args> x[43] x[121] x[121] x[43] </args>
      <args> x[43] x[143] x[143] x[43] </args>
      <args> x[43] x[218] x[218] x[43] </args>
      <args> x[43] x[223] x[223] x[43] </args>
      <args> x[43] x[244] x[244] x[43] </args>
      <args> x[43] x[85] x[85] x[43] </args>
      <args> x[44] x[131] x[131] x[44] </args>
      <args> x[44] x[159] x[159] x[44] </args>
      <args> x[44] x[62] x[62] x[44] </args>
      <args> x[44] x[97] x[97] x[44] </args>
      <args> x[44] x[99] x[99] x[44] </args>
      <args> x[45] x[183] x[183] x[45] </args>
      <args> x[45] x[82] x[82] x[45] </args>
      <args> x[48] x[234] x[234] x[48] </args>
      <args> x[49] x[237] x[237] x[49] </args>
      <args> x[49] x[33] x[33] x[49] </args>
      <args> x[49] x[98] x[98] x[49] </args>
      <args> x[50] x[187] x[187] x[50] </args>
      <args> x[50] x[230] x[230] x[50] </args>
      <args> x[50] x[261] x[261] x[50] </args>
      <args> x[50] x[288] x[288] x[50] </args>
      <args> x[50] x[98] x[98] x[50] </args>
      <args> x[51] x[176] x[176] x[51] </args>
      <args> x[51] x[197] x[197] x[51] </args>
      <args> x[51] x[2] x[2] x[51] </args>
      <args> x[51] x[259] x[259] x[51] </args>
      <args> x[51] x[5] x[5] x[51] </args>
      <args> x[53] x[120] x[120] x[53] </args>
      <args> x[53] x[128] x[128] x[53] </args>
      <args> x[53] x[136] x[136] x[53] </args>
      <args> x[53] x[221] x[221] x[53] </args>
      <args> x[53] x[266] x[266] x[53] </args>
      <args> x[54] x[156] x[156] x[54] </args>
      <args> x[54] x[189] x[189] x[54] </args>
      <args> x[54] x[210] x[210] x[54] </args>
      <args> x[54] x[267] x[267] x[54] </args>
      <args> x[54] x[277] x[277] x[54] </args>
      <args> x[55] x[161] x[161] x[55] </args>
      <args> x[55] x[61] x[61] x[55] </args>
      <args> x[55] x[66] x[66] x[55] </args>
      <args> x[55] x[97] x[97] x[55] </args>
      <args> x[55] x[99] x[99] x[55] </args>
      <args> x[56] x[182] x[182] x[56] </args>
      <args> x[56] x[187] x[187] x[56] </args>
      <args> x[56] x[247] x[247] x[56] </args>
      <args> x[56] x[288] x[288] x[56] </args>
      <args> x[56] x[98] x[98] x[56] </args>
      <args> x[57] x[229] x[229] x[57] </args>
      <args> x[57] x[231] x[231] x[57] </args>
      <args> x[57] x[61] x[61] x[57] </args>
      <args> x[57] x[66] x[66] x[57] </args>
      <args> x[58] x[166] x[166] x[58] </args>
      <args> x[58] x[287] x[287] x[58] </args>
      <args> x[58] x[64] x[64] x[58] </args>
      <args> x[58] x[65] x[65] x[58] </args>
      <args> x[6] x[103] x[103] x[6] </args>
      <args> x[6] x[113] x[113] x[6] </args>
      <args> x[6] x[135] x[135] x[6] </args>
      <args> x[6] x[145] x[145] x[6] </args>
      <args> x[6] x[207] x[207] x[6] </args>
      <args> x[6] x[250] x[250] x[6] </args>
      <args> x[6] x[34] x[34] x[6] </args>
      <args> x[60] x[214] x[214] x[60] </args>
      <args> x[60] x[239] x[239] x[60] </args>
      <args> x[61] x[229] x[229] x[61] </args>
      <args> x[62] x[159] x[159] x[62] </args>
      <args> x[62] x[231] x[231] x[62] </args>
      <args> x[62] x[57] x[57] x[62] </args>
      <args> x[62] x[66] x[66] x[62] </args>
      <args> x[62] x[97] x[97] x[62] </args>
      <args> x[63] x[103] x[103] x[63] </args>
      <args> x[63] x[135] x[135] x[63] </args>
      <args> x[63] x[145] x[145] x[63] </args>
      <args> x[63] x[186] x[186] x[63] </args>
      <args> x[63] x[207] x[207] x[63] </args>
      <args> x[63] x[219] x[219] x[63] </args>
      <args> x[64] x[139] x[139] x[64] </args>
      <args> x[64] x[212] x[212] x[64] </args>
      <args> x[64] x[65] x[65] x[64] </args>
      <args> x[64] x[72] x[72] x[64] </args>
      <args> x[66] x[229] x[229] x[66] </args>
      <args> x[66] x[231] x[231] x[66] </args>
      <args> x[67] x[114] x[114] x[67] </args>
      <args> x[67] x[16] x[16] x[67] </args>
      <args> x[67] x[257] x[257] x[67] </args>
      <args> x[67] x[278] x[278] x[67] </args>
      <args> x[67] x[71] x[71] x[67] </args>
      <args> x[68] x[117] x[117] x[68] </args>
      <args> x[69] x[13] x[13] x[69] </args>
      <args> x[69] x[243] x[243] x[69] </args>
      <args> x[7] x[155] x[155] x[7] </args>
      <args> x[7] x[201] x[201] x[7] </args>
      <args> x[7] x[243] x[243] x[7] </args>
      <args> x[7] x[69] x[69] x[7] </args>
      <args> x[70] x[191] x[191] x[70] </args>
      <args> x[70] x[220] x[220] x[70] </args>
      <args> x[70] x[258] x[258] x[70] </args>
      <args> x[70] x[39] x[39] x[70] </args>
      <args> x[70] x[40] x[40] x[70] </args>
      <args> x[70] x[46] x[46] x[70] </args>
      <args> x[71] x[114] x[114] x[71] </args>
      <args> x[71] x[21] x[21] x[71] </args>
      <args> x[71] x[257] x[257] x[71] </args>
      <args> x[72] x[138] x[138] x[72] </args>
      <args> x[72] x[141] x[141] x[72] </args>
      <args> x[72] x[285] x[285] x[72] </args>
      <args> x[73] x[179] x[179] x[73] </args>
      <args> x[73] x[183] x[183] x[73] </args>
      <args> x[73] x[184] x[184] x[73] </args>
      <args> x[73] x[280] x[280] x[73] </args>
      <args> x[73] x[82] x[82] x[73] </args>
      <args> x[75] x[121] x[121] x[75] </args>
      <args> x[75] x[223] x[223] x[75] </args>
      <args> x[75] x[43] x[43] x[75] </args>
      <args> x[75] x[94] x[94] x[75] </args>
      <args> x[76] x[120] x[120] x[76] </args>
      <args> x[76] x[126] x[126] x[76] </args>
      <args> x[76] x[128] x[128] x[76] </args>
      <args> x[76] x[136] x[136] x[76] </args>
      <args> x[76] x[221] x[221] x[76] </args>
      <args> x[76] x[232] x[232] x[76] </args>
      <args> x[76] x[266] x[266] x[76] </args>
      <args> x[76] x[74] x[74] x[76] </args>
      <args> x[77] x[118] x[118] x[77] </args>
      <args> x[77] x[147] x[147] x[77] </args>
      <args> x[77] x[214] x[214] x[77] </args>
      <args> x[77] x[227] x[227] x[77] </args>
      <args> x[77] x[60] x[60] x[77] </args>
      <args> x[78] x[165] x[165] x[78] </args>
      <args> x[78] x[168] x[168] x[78] </args>
      <args> x[78] x[199] x[199] x[78] </args>
      <args> x[78] x[203] x[203] x[78] </args>
      <args> x[78] x[209] x[209] x[78] </args>
      <args> x[78] x[246] x[246] x[78] </args>
      <args> x[78] x[251] x[251] x[78] </args>
      <args> x[78] x[274] x[274] x[78] </args>
      <args> x[78] x[88] x[88] x[78] </args>
      <args> x[78] x[91] x[91] x[78] </args>
      <args> x[79] x[213] x[213] x[79] </args>
      <args> x[79] x[226] x[226] x[79] </args>
      <args> x[79] x[37] x[37] x[79] </args>
      <args> x[79] x[4] x[4] x[79] </args>
      <args> x[80] x[135] x[135] x[80] </args>
      <args> x[80] x[145] x[145] x[80] </args>
      <args> x[83] x[191] x[191] x[83] </args>
      <args> x[83] x[220] x[220] x[83] </args>
      <args> x[83] x[39] x[39] x[83] </args>
      <args> x[83] x[46] x[46] x[83] </args>
      <args> x[84] x[155] x[155] x[84] </args>
      <args> x[84] x[195] x[195] x[84] </args>
      <args> x[84] x[226] x[226] x[84] </args>
      <args> x[84] x[276] x[276] x[84] </args>
      <args> x[84] x[69] x[69] x[84] </args>
      <args> x[84] x[7] x[7] x[84] </args>
      <args> x[84] x[79] x[79] x[84] </args>
      <args> x[85] x[121] x[121] x[85] </args>
      <args> x[85] x[244] x[244] x[85] </args>
      <args> x[86] x[120] x[120] x[86] </args>
      <args> x[86] x[128] x[128] x[86] </args>
      <args> x[86] x[136] x[136] x[86] </args>
      <args> x[86] x[232] x[232] x[86] </args>
      <args> x[87] x[180] x[180] x[87] </args>
      <args> x[87] x[264] x[264] x[87] </args>
      <args> x[87] x[35] x[35] x[87] </args>
      <args> x[87] x[89] x[89] x[87] </args>
      <args> x[87] x[9] x[9] x[87] </args>
      <args> x[88] x[158] x[158] x[88] </args>
      <args> x[88] x[167] x[167] x[88] </args>
      <args> x[88] x[168] x[168] x[88] </args>
      <args> x[88] x[246] x[246] x[88] </args>
      <args> x[89] x[152] x[152] x[89] </args>
      <args> x[89] x[180] x[180] x[89] </args>
      <args> x[9] x[180] x[180] x[9] </args>
      <args> x[9] x[89] x[89] x[9] </args>
      <args> x[90] x[196] x[196] x[90] </args>
      <args> x[90] x[228] x[228] x[90] </args>
      <args> x[90] x[241] x[241] x[90] </args>
      <args> x[90] x[245] x[245] x[90] </args>
      <args> x[90] x[253] x[253] x[90] </args>
      <args> x[90] x[268] x[268] x[90] </args>
      <args> x[90] x[27] x[27] x[90] </args>
      <args> x[90] x[59] x[59] x[90] </args>
      <args> x[91] x[165] x[165] x[91] </args>
      <args> x[91] x[167] x[167] x[91] </args>
      <args> x[91] x[168] x[168] x[91] </args>
      <args> x[91] x[193] x[193] x[91] </args>
      <args> x[91] x[199] x[199] x[91] </args>
      <args> x[91] x[209] x[209] x[91] </args>
      <args> x[91] x[274] x[274] x[91] </args>
      <args> x[91] x[88] x[88] x[91] </args>
      <args> x[92] x[101] x[101] x[92] </args>
      <args> x[92] x[151] x[151] x[92] </args>
      <args> x[92] x[176] x[176] x[92] </args>
      <args> x[92] x[192] x[192] x[92] </args>
      <args> x[92] x[5] x[5] x[92] </args>
      <args> x[93] x[165] x[165] x[93] </args>
      <args> x[93] x[167] x[167] x[93] </args>
      <args> x[93] x[209] x[209] x[93] </args>
      <args> x[93] x[251] x[251] x[93] </args>
      <args> x[93] x[274] x[274] x[93] </args>
      <args> x[93] x[88] x[88] x[93] </args>
      <args> x[94] x[121] x[121] x[94] </args>
      <args> x[94] x[143] x[143] x[94] </args>
      <args> x[94] x[85] x[85] x[94] </args>
      <args> x[95] x[137] x[137] x[95] </args>
      <args> x[95] x[144] x[144] x[95] </args>
      <args> x[95] x[254] x[254] x[95] </args>
      <args> x[95] x[272] x[272] x[95] </args>
      <args> x[95] x[283] x[283] x[95] </args>
      <args> x[95] x[29] x[29] x[95] </args>
      <args> x[95] x[52] x[52] x[95] </args>
      <args> x[95] x[96] x[96] x[95] </args>
      <args> x[96] x[137] x[137] x[96] </args>
      <args> x[98] x[182] x[182] x[98] </args>
      <args> x[98] x[187] x[187] x[98] </args>
      <args> x[99] x[161] x[161] x[99] </args>
      <args> x[99] x[229] x[229] x[99] </args>
      <args> x[99] x[282] x[282] x[99] </args>
      <args> x[99] x[61] x[61] x[99] </args>
      <args> x[99] x[62] x[62] x[99] </args>
      <args> x[99] x[66] x[66] x[99] </args>
    </group>
    <group>
      <intension> ne(%0,%1) </intension>
      <args> x[0] x[120] </args>
      <args> x[0] x[53] </args>
      <args> x[0] x[86] </args>
      <args> x[1] x[126] </args>
      <args> x[10] x[235] </args>
      <args> x[10] x[264] </args>
      <args> x[10] x[89] </args>
      <args> x[10] x[9] </args>
      <args> x[100] x[200] </args>
      <args> x[100] x[258] </args>
      <args> x[100] x[83] </args>
      <args> x[101] x[151] </args>
      <args> x[101] x[176] </args>
      <args> x[101] x[192] </args>
      <args> x[102] x[17] </args>
      <args> x[102] x[210] </args>
      <args> x[102] x[262] </args>
      <args> x[102] x[267] </args>
      <args> x[102] x[277] </args>
      <args> x[102] x[28] </args>
      <args> x[103] x[113] </args>
      <args> x[103] x[129] </args>
      <args> x[103] x[135] </args>
      <args> x[103] x[145] </args>
      <args> x[103] x[186] </args>
      <args> x[103] x[250] </args>
      <args> x[103] x[26] </args>
      <args> x[103] x[80] </args>
      <args> x[104] x[124] </args>
      <args> x[104] x[133] </args>
      <args> x[104] x[179] </args>
      <args> x[104] x[215] </args>
      <args> x[104] x[242] </args>
      <args> x[104] x[279] </args>
      <args> x[104] x[45] </args>
      <args> x[104] x[47] </args>
      <args> x[104] x[82] </args>
      <args> x[105] x[147] </args>
      <args> x[105] x[177] </args>
      <args> x[105] x[208] </args>
      <args> x[105] x[227] </args>
      <args> x[105] x[239] </args>
      <args> x[105] x[30] </args>
      <args> x[105] x[60] </args>
      <args> x[106] x[11] </args>
      <args> x[106] x[162] </args>
      <args> x[106] x[70] </args>
      <args> x[106] x[83] </args>
      <args> x[107] x[109] </args>
      <args> x[107] x[119] </args>
      <args> x[107] x[121] </args>
      <args> x[107] x[143] </args>
      <args> x[107] x[223] </args>
      <args> x[107] x[43] </args>
      <args> x[107] x[75] </args>
      <args> x[107] x[85] </args>
      <args> x[107] x[94] </args>
      <args> x[109] x[143] </args>
      <args> x[109] x[218] </args>
      <args> x[109] x[43] </args>
      <args> x[109] x[75] </args>
      <args> x[11] x[200] </args>
      <args> x[11] x[249] </args>
      <args> x[11] x[70] </args>
      <args> x[11] x[83] </args>
      <args> x[110] x[142] </args>
      <args> x[110] x[188] </args>
      <args> x[110] x[52] </args>
      <args> x[112] x[114] </args>
      <args> x[112] x[140] </args>
      <args> x[112] x[148] </args>
      <args> x[112] x[278] </args>
      <args> x[112] x[67] </args>
      <args> x[112] x[71] </args>
      <args> x[113] x[135] </args>
      <args> x[113] x[186] </args>
      <args> x[113] x[34] </args>
      <args> x[113] x[80] </args>
      <args> x[114] x[140] </args>
      <args> x[114] x[278] </args>
      <args> x[115] x[138] </args>
      <args> x[115] x[139] </args>
      <args> x[115] x[190] </args>
      <args> x[115] x[212] </args>
      <args> x[115] x[287] </args>
      <args> x[115] x[65] </args>
      <args> x[115] x[72] </args>
      <args> x[116] x[117] </args>
      <args> x[116] x[171] </args>
      <args> x[116] x[245] </args>
      <args> x[116] x[27] </args>
      <args> x[116] x[48] </args>
      <args> x[116] x[59] </args>
      <args> x[117] x[245] </args>
      <args> x[117] x[48] </args>
      <args> x[117] x[59] </args>
      <args> x[121] x[244] </args>
      <args> x[123] x[110] </args>
      <args> x[123] x[185] </args>
      <args> x[123] x[19] </args>
      <args> x[123] x[211] </args>
      <args> x[123] x[254] </args>
      <args> x[123] x[272] </args>
      <args> x[123] x[52] </args>
      <args> x[123] x[96] </args>
      <args> x[124] x[179] </args>
      <args> x[124] x[183] </args>
      <args> x[124] x[280] </args>
      <args> x[124] x[45] </args>
      <args> x[124] x[47] </args>
      <args> x[124] x[82] </args>
      <args> x[125] x[156] </args>
      <args> x[125] x[174] </args>
      <args> x[125] x[189] </args>
      <args> x[125] x[210] </args>
      <args> x[125] x[262] </args>
      <args> x[125] x[267] </args>
      <args> x[125] x[28] </args>
      <args> x[125] x[36] </args>
      <args> x[126] x[221] </args>
      <args> x[126] x[74] </args>
      <args> x[128] x[126] </args>
      <args> x[128] x[266] </args>
      <args> x[128] x[74] </args>
      <args> x[129] x[113] </args>
      <args> x[129] x[145] </args>
      <args> x[129] x[186] </args>
      <args> x[129] x[207] </args>
      <args> x[129] x[217] </args>
      <args> x[129] x[250] </args>
      <args> x[129] x[26] </args>
      <args> x[129] x[80] </args>
      <args> x[130] x[264] </args>
      <args> x[130] x[87] </args>
      <args> x[131] x[161] </args>
      <args> x[131] x[229] </args>
      <args> x[131] x[282] </args>
      <args> x[131] x[62] </args>
      <args> x[131] x[97] </args>
      <args> x[133] x[124] </args>
      <args> x[133] x[183] </args>
      <args> x[133] x[184] </args>
      <args> x[133] x[215] </args>
      <args> x[133] x[45] </args>
      <args> x[133] x[47] </args>
      <args> x[133] x[73] </args>
      <args> x[134] x[10] </args>
      <args> x[134] x[130] </args>
      <args> x[134] x[14] </args>
      <args> x[134] x[152] </args>
      <args> x[134] x[204] </args>
      <args> x[134] x[252] </args>
      <args> x[134] x[264] </args>
      <args> x[134] x[35] </args>
      <args> x[134] x[87] </args>
      <args> x[134] x[89] </args>
      <args> x[135] x[186] </args>
      <args> x[135] x[207] </args>
      <args> x[136] x[120] </args>
      <args> x[136] x[126] </args>
      <args> x[136] x[221] </args>
      <args> x[136] x[232] </args>
      <args> x[136] x[74] </args>
      <args> x[139] x[138] </args>
      <args> x[139] x[166] </args>
      <args> x[139] x[212] </args>
      <args> x[139] x[285] </args>
      <args> x[139] x[72] </args>
      <args> x[14] x[152] </args>
      <args> x[14] x[235] </args>
      <args> x[14] x[252] </args>
      <args> x[14] x[264] </args>
      <args> x[14] x[35] </args>
      <args> x[141] x[65] </args>
      <args> x[142] x[188] </args>
      <args> x[142] x[19] </args>
      <args> x[142] x[272] </args>
      <args> x[142] x[283] </args>
      <args> x[142] x[96] </args>
      <args> x[143] x[121] </args>
      <args> x[143] x[244] </args>
      <args> x[144] x[110] </args>
      <args> x[144] x[254] </args>
      <args> x[144] x[272] </args>
      <args> x[144] x[52] </args>
      <args> x[144] x[96] </args>
      <args> x[146] x[170] </args>
      <args> x[146] x[21] </args>
      <args> x[146] x[24] </args>
      <args> x[146] x[257] </args>
      <args> x[146] x[270] </args>
      <args> x[146] x[71] </args>
      <args> x[147] x[118] </args>
      <args> x[148] x[114] </args>
      <args> x[148] x[140] </args>
      <args> x[148] x[170] </args>
      <args> x[148] x[21] </args>
      <args> x[149] x[101] </args>
      <args> x[149] x[151] </args>
      <args> x[149] x[259] </args>
      <args> x[149] x[5] </args>
      <args> x[149] x[92] </args>
      <args> x[151] x[5] </args>
      <args> x[152] x[180] </args>
      <args> x[153] x[169] </args>
      <args> x[153] x[187] </args>
      <args> x[153] x[237] </args>
      <args> x[153] x[261] </args>
      <args> x[153] x[33] </args>
      <args> x[153] x[38] </args>
      <args> x[153] x[50] </args>
      <args> x[154] x[106] </args>
      <args> x[154] x[11] </args>
      <args> x[154] x[162] </args>
      <args> x[154] x[191] </args>
      <args> x[154] x[200] </args>
      <args> x[154] x[220] </args>
      <args> x[154] x[83] </args>
      <args> x[155] x[255] </args>
      <args> x[155] x[4] </args>
      <args> x[156] x[17] </args>
      <args> x[156] x[32] </args>
      <args> x[158] x[193] </args>
      <args> x[158] x[246] </args>
      <args> x[159] x[229] </args>
      <args> x[159] x[231] </args>
      <args> x[159] x[61] </args>
      <args> x[159] x[97] </args>
      <args> x[16] x[122] </args>
      <args> x[16] x[140] </args>
      <args> x[160] x[118] </args>
      <args> x[160] x[147] </args>
      <args> x[160] x[175] </args>
      <args> x[160] x[208] </args>
      <args> x[160] x[227] </args>
      <args> x[160] x[239] </args>
      <args> x[160] x[30] </args>
      <args> x[160] x[60] </args>
      <args> x[161] x[231] </args>
      <args> x[161] x[61] </args>
      <args> x[162] x[191] </args>
      <args> x[162] x[200] </args>
      <args> x[163] x[201] </args>
      <args> x[163] x[213] </args>
      <args> x[163] x[226] </args>
      <args> x[163] x[243] </args>
      <args> x[163] x[255] </args>
      <args> x[163] x[37] </args>
      <args> x[163] x[4] </args>
      <args> x[163] x[7] </args>
      <args> x[163] x[79] </args>
      <args> x[166] x[287] </args>
      <args> x[166] x[65] </args>
      <args> x[166] x[72] </args>
      <args> x[168] x[167] </args>
      <args> x[168] x[193] </args>
      <args> x[169] x[182] </args>
      <args> x[169] x[230] </args>
      <args> x[169] x[261] </args>
      <args> x[169] x[288] </args>
      <args> x[169] x[33] </args>
      <args> x[169] x[50] </args>
      <args> x[170] x[140] </args>
      <args> x[170] x[16] </args>
      <args> x[170] x[24] </args>
      <args> x[170] x[278] </args>
      <args> x[171] x[59] </args>
      <args> x[173] x[116] </args>
      <args> x[173] x[117] </args>
      <args> x[173] x[241] </args>
      <args> x[173] x[245] </args>
      <args> x[173] x[48] </args>
      <args> x[173] x[68] </args>
      <args> x[174] x[210] </args>
      <args> x[174] x[32] </args>
      <args> x[174] x[36] </args>
      <args> x[175] x[118] </args>
      <args> x[175] x[214] </args>
      <args> x[176] x[5] </args>
      <args> x[178] x[102] </args>
      <args> x[178] x[125] </args>
      <args> x[178] x[156] </args>
      <args> x[178] x[17] </args>
      <args> x[178] x[210] </args>
      <args> x[178] x[262] </args>
      <args> x[178] x[267] </args>
      <args> x[178] x[277] </args>
      <args> x[178] x[36] </args>
      <args> x[178] x[54] </args>
      <args> x[181] x[120] </args>
      <args> x[181] x[126] </args>
      <args> x[181] x[128] </args>
      <args> x[181] x[53] </args>
      <args> x[181] x[74] </args>
      <args> x[181] x[86] </args>
      <args> x[182] x[33] </args>
      <args> x[183] x[179] </args>
      <args> x[184] x[183] </args>
      <args> x[185] x[142] </args>
      <args> x[185] x[144] </args>
      <args> x[185] x[188] </args>
      <args> x[185] x[211] </args>
      <args> x[185] x[272] </args>
      <args> x[185] x[283] </args>
      <args> x[185] x[29] </args>
      <args> x[186] x[207] </args>
      <args> x[187] x[33] </args>
      <args> x[189] x[17] </args>
      <args> x[189] x[36] </args>
      <args> x[19] x[52] </args>
      <args> x[190] x[139] </args>
      <args> x[190] x[141] </args>
      <args> x[190] x[166] </args>
      <args> x[190] x[58] </args>
      <args> x[190] x[65] </args>
      <args> x[190] x[72] </args>
      <args> x[191] x[220] </args>
      <args> x[194] x[119] </args>
      <args> x[194] x[121] </args>
      <args> x[194] x[218] </args>
      <args> x[194] x[43] </args>
      <args> x[194] x[94] </args>
      <args> x[195] x[13] </args>
      <args> x[195] x[243] </args>
      <args> x[195] x[255] </args>
      <args> x[195] x[37] </args>
      <args> x[195] x[4] </args>
      <args> x[195] x[69] </args>
      <args> x[196] x[171] </args>
      <args> x[196] x[228] </args>
      <args> x[196] x[241] </args>
      <args> x[196] x[245] </args>
      <args> x[197] x[149] </args>
      <args> x[197] x[151] </args>
      <args> x[197] x[176] </args>
      <args> x[197] x[192] </args>
      <args> x[197] x[2] </args>
      <args> x[197] x[20] </args>
      <args> x[197] x[284] </args>
      <args> x[197] x[5] </args>
      <args> x[197] x[92] </args>
      <args> x[198] x[138] </args>
      <args> x[198] x[139] </args>
      <args> x[198] x[285] </args>
      <args> x[198] x[287] </args>
      <args> x[198] x[58] </args>
      <args> x[198] x[64] </args>
      <args> x[199] x[158] </args>
      <args> x[199] x[165] </args>
      <args> x[199] x[193] </args>
      <args> x[199] x[246] </args>
      <args> x[199] x[251] </args>
      <args> x[2] x[101] </args>
      <args> x[2] x[5] </args>
      <args> x[20] x[101] </args>
      <args> x[20] x[149] </args>
      <args> x[20] x[151] </args>
      <args> x[20] x[192] </args>
      <args> x[20] x[2] </args>
      <args> x[20] x[233] </args>
      <args> x[20] x[5] </args>
      <args> x[200] x[220] </args>
      <args> x[200] x[40] </args>
      <args> x[200] x[46] </args>
      <args> x[200] x[83] </args>
      <args> x[201] x[155] </args>
      <args> x[201] x[213] </args>
      <args> x[201] x[226] </args>
      <args> x[201] x[243] </args>
      <args> x[201] x[255] </args>
      <args> x[201] x[4] </args>
      <args> x[201] x[69] </args>
      <args> x[202] x[130] </args>
      <args> x[202] x[14] </args>
      <args> x[202] x[204] </args>
      <args> x[202] x[264] </args>
      <args> x[202] x[42] </args>
      <args> x[202] x[9] </args>
      <args> x[203] x[158] </args>
      <args> x[203] x[165] </args>
      <args> x[203] x[168] </args>
      <args> x[203] x[193] </args>
      <args> x[203] x[246] </args>
      <args> x[203] x[251] </args>
      <args> x[203] x[88] </args>
      <args> x[204] x[10] </args>
      <args> x[204] x[180] </args>
      <args> x[204] x[235] </args>
      <args> x[204] x[42] </args>
      <args> x[204] x[89] </args>
      <args> x[205] x[158] </args>
      <args> x[205] x[165] </args>
      <args> x[205] x[167] </args>
      <args> x[205] x[168] </args>
      <args> x[205] x[193] </args>
      <args> x[205] x[203] </args>
      <args> x[205] x[246] </args>
      <args> x[205] x[274] </args>
      <args> x[205] x[88] </args>
      <args> x[206] x[101] </args>
      <args> x[206] x[176] </args>
      <args> x[206] x[2] </args>
      <args> x[206] x[20] </args>
      <args> x[206] x[233] </args>
      <args> x[206] x[5] </args>
      <args> x[206] x[92] </args>
      <args> x[208] x[118] </args>
      <args> x[208] x[177] </args>
      <args> x[208] x[214] </args>
      <args> x[209] x[158] </args>
      <args> x[209] x[167] </args>
      <args> x[209] x[251] </args>
      <args> x[209] x[88] </args>
      <args> x[21] x[114] </args>
      <args> x[21] x[122] </args>
      <args> x[21] x[16] </args>
      <args> x[21] x[24] </args>
      <args> x[210] x[17] </args>
      <args> x[210] x[189] </args>
      <args> x[211] x[110] </args>
      <args> x[211] x[137] </args>
      <args> x[211] x[142] </args>
      <args> x[211] x[188] </args>
      <args> x[211] x[19] </args>
      <args> x[211] x[29] </args>
      <args> x[211] x[52] </args>
      <args> x[211] x[96] </args>
      <args> x[213] x[13] </args>
      <args> x[213] x[226] </args>
      <args> x[213] x[243] </args>
      <args> x[214] x[147] </args>
      <args> x[214] x[177] </args>
      <args> x[215] x[124] </args>
      <args> x[215] x[179] </args>
      <args> x[215] x[183] </args>
      <args> x[215] x[242] </args>
      <args> x[215] x[73] </args>
      <args> x[216] x[176] </args>
      <args> x[216] x[2] </args>
      <args> x[216] x[259] </args>
      <args> x[217] x[135] </args>
      <args> x[217] x[145] </args>
      <args> x[217] x[186] </args>
      <args> x[217] x[207] </args>
      <args> x[218] x[119] </args>
      <args> x[218] x[244] </args>
      <args> x[219] x[186] </args>
      <args> x[219] x[207] </args>
      <args> x[219] x[217] </args>
      <args> x[219] x[250] </args>
      <args> x[22] x[104] </args>
      <args> x[22] x[124] </args>
      <args> x[22] x[184] </args>
      <args> x[221] x[74] </args>
      <args> x[222] x[112] </args>
      <args> x[222] x[114] </args>
      <args> x[222] x[148] </args>
      <args> x[222] x[257] </args>
      <args> x[222] x[71] </args>
      <args> x[223] x[244] </args>
      <args> x[224] x[125] </args>
      <args> x[224] x[17] </args>
      <args> x[224] x[189] </args>
      <args> x[224] x[210] </args>
      <args> x[224] x[262] </args>
      <args> x[224] x[32] </args>
      <args> x[225] x[100] </args>
      <args> x[225] x[106] </args>
      <args> x[225] x[11] </args>
      <args> x[225] x[154] </args>
      <args> x[225] x[162] </args>
      <args> x[225] x[258] </args>
      <args> x[225] x[83] </args>
      <args> x[226] x[13] </args>
      <args> x[226] x[4] </args>
      <args> x[227] x[118] </args>
      <args> x[227] x[177] </args>
      <args> x[227] x[239] </args>
      <args> x[228] x[117] </args>
      <args> x[228] x[234] </args>
      <args> x[228] x[241] </args>
      <args> x[228] x[245] </args>
      <args> x[228] x[268] </args>
      <args> x[228] x[27] </args>
      <args> x[228] x[48] </args>
      <args> x[229] x[97] </args>
      <args> x[23] x[175] </args>
      <args> x[23] x[208] </args>
      <args> x[23] x[239] </args>
      <args> x[23] x[60] </args>
      <args> x[23] x[77] </args>
      <args> x[230] x[182] </args>
      <args> x[230] x[187] </args>
      <args> x[230] x[237] </args>
      <args> x[230] x[247] </args>
      <args> x[230] x[288] </args>
      <args> x[230] x[33] </args>
      <args> x[230] x[49] </args>
      <args> x[230] x[56] </args>
      <args> x[231] x[97] </args>
      <args> x[232] x[1] </args>
      <args> x[232] x[120] </args>
      <args> x[232] x[126] </args>
      <args> x[233] x[101] </args>
      <args> x[233] x[176] </args>
      <args> x[233] x[192] </args>
      <args> x[233] x[5] </args>
      <args> x[234] x[59] </args>
      <args> x[235] x[180] </args>
      <args> x[235] x[252] </args>
      <args> x[235] x[264] </args>
      <args> x[235] x[87] </args>
      <args> x[235] x[89] </args>
      <args> x[235] x[9] </args>
      <args> x[237] x[182] </args>
      <args> x[237] x[56] </args>
      <args> x[237] x[98] </args>
      <args> x[238] x[43] </args>
      <args> x[238] x[75] </args>
      <args> x[238] x[94] </args>
      <args> x[239] x[118] </args>
      <args> x[239] x[147] </args>
      <args> x[239] x[214] </args>
      <args> x[24] x[140] </args>
      <args> x[24] x[16] </args>
      <args> x[240] x[131] </args>
      <args> x[240] x[229] </args>
      <args> x[240] x[231] </args>
      <args> x[240] x[57] </args>
      <args> x[240] x[62] </args>
      <args> x[240] x[66] </args>
      <args> x[240] x[97] </args>
      <args> x[240] x[99] </args>
      <args> x[241] x[116] </args>
      <args> x[241] x[268] </args>
      <args> x[241] x[27] </args>
      <args> x[241] x[48] </args>
      <args> x[241] x[59] </args>
      <args> x[245] x[234] </args>
      <args> x[245] x[59] </args>
      <args> x[246] x[165] </args>
      <args> x[246] x[193] </args>
      <args> x[248] x[10] </args>
      <args> x[248] x[130] </args>
      <args> x[248] x[202] </args>
      <args> x[248] x[204] </args>
      <args> x[248] x[42] </args>
      <args> x[249] x[191] </args>
      <args> x[249] x[258] </args>
      <args> x[249] x[40] </args>
      <args> x[249] x[83] </args>
      <args> x[25] x[107] </args>
      <args> x[25] x[121] </args>
      <args> x[25] x[218] </args>
      <args> x[25] x[238] </args>
      <args> x[25] x[263] </args>
      <args> x[25] x[43] </args>
      <args> x[25] x[85] </args>
      <args> x[25] x[94] </args>
      <args> x[250] x[207] </args>
      <args> x[250] x[80] </args>
      <args> x[251] x[158] </args>
      <args> x[251] x[168] </args>
      <args> x[251] x[193] </args>
      <args> x[251] x[246] </args>
      <args> x[252] x[152] </args>
      <args> x[252] x[89] </args>
      <args> x[252] x[9] </args>
      <args> x[253] x[173] </args>
      <args> x[253] x[196] </args>
      <args> x[253] x[228] </args>
      <args> x[253] x[245] </args>
      <args> x[253] x[268] </args>
      <args> x[253] x[27] </args>
      <args> x[253] x[48] </args>
      <args> x[253] x[59] </args>
      <args> x[254] x[283] </args>
      <args> x[254] x[29] </args>
      <args> x[254] x[52] </args>
      <args> x[255] x[13] </args>
      <args> x[255] x[243] </args>
      <args> x[255] x[69] </args>
      <args> x[257] x[122] </args>
      <args> x[257] x[140] </args>
      <args> x[257] x[16] </args>
      <args> x[257] x[21] </args>
      <args> x[257] x[278] </args>
      <args> x[259] x[101] </args>
      <args> x[259] x[151] </args>
      <args> x[259] x[2] </args>
      <args> x[26] x[145] </args>
      <args> x[26] x[207] </args>
      <args> x[26] x[217] </args>
      <args> x[26] x[80] </args>
      <args> x[260] x[115] </args>
      <args> x[260] x[138] </args>
      <args> x[260] x[139] </args>
      <args> x[260] x[141] </args>
      <args> x[260] x[166] </args>
      <args> x[260] x[212] </args>
      <args> x[260] x[287] </args>
      <args> x[260] x[58] </args>
      <args> x[260] x[64] </args>
      <args> x[260] x[65] </args>
      <args> x[260] x[72] </args>
      <args> x[261] x[182] </args>
      <args> x[261] x[230] </args>
      <args> x[261] x[247] </args>
      <args> x[261] x[33] </args>
      <args> x[261] x[49] </args>
      <args> x[261] x[56] </args>
      <args> x[262] x[156] </args>
      <args> x[262] x[210] </args>
      <args> x[262] x[36] </args>
      <args> x[263] x[109] </args>
      <args> x[263] x[119] </args>
      <args> x[263] x[121] </args>
      <args> x[263] x[238] </args>
      <args> x[263] x[43] </args>
      <args> x[263] x[85] </args>
      <args> x[263] x[94] </args>
      <args> x[264] x[152] </args>
      <args> x[265] x[0] </args>
      <args> x[265] x[126] </args>
      <args> x[265] x[136] </args>
      <args> x[265] x[221] </args>
      <args> x[265] x[269] </args>
      <args> x[265] x[74] </args>
      <args> x[265] x[76] </args>
      <args> x[266] x[126] </args>
      <args> x[266] x[74] </args>
      <args> x[267] x[156] </args>
      <args> x[267] x[17] </args>
      <args> x[267] x[174] </args>
      <args> x[267] x[189] </args>
      <args> x[267] x[210] </args>
      <args> x[267] x[32] </args>
      <args> x[268] x[171] </args>
      <args> x[268] x[27] </args>
      <args> x[268] x[59] </args>
      <args> x[268] x[68] </args>
      <args> x[269] x[0] </args>
      <args> x[269] x[1] </args>
      <args> x[269] x[120] </args>
      <args> x[269] x[126] </args>
      <args> x[269] x[128] </args>
      <args> x[269] x[136] </args>
      <args> x[269] x[181] </args>
      <args> x[269] x[221] </args>
      <args> x[269] x[86] </args>
      <args> x[27] x[171] </args>
      <args> x[27] x[245] </args>
      <args> x[27] x[48] </args>
      <args> x[27] x[59] </args>
      <args> x[27] x[68] </args>
      <args> x[270] x[122] </args>
      <args> x[270] x[16] </args>
      <args> x[270] x[257] </args>
      <args> x[271] x[124] </args>
      <args> x[271] x[133] </args>
      <args> x[271] x[183] </args>
      <args> x[271] x[184] </args>
      <args> x[271] x[215] </args>
      <args> x[271] x[22] </args>
      <args> x[271] x[279] </args>
      <args> x[271] x[73] </args>
      <args> x[271] x[82] </args>
      <args> x[272] x[188] </args>
      <args> x[272] x[29] </args>
      <args> x[272] x[52] </args>
      <args> x[273] x[115] </args>
      <args> x[273] x[212] </args>
      <args> x[273] x[287] </args>
      <args> x[273] x[65] </args>
      <args> x[273] x[72] </args>
      <args> x[274] x[165] </args>
      <args> x[274] x[167] </args>
      <args> x[274] x[246] </args>
      <args> x[275] x[159] </args>
      <args> x[275] x[161] </args>
      <args> x[275] x[229] </args>
      <args> x[275] x[231] </args>
      <args> x[275] x[240] </args>
      <args> x[275] x[282] </args>
      <args> x[275] x[57] </args>
      <args> x[275] x[66] </args>
      <args> x[275] x[97] </args>
      <args> x[276] x[13] </args>
      <args> x[276] x[155] </args>
      <args> x[276] x[226] </args>
      <args> x[276] x[243] </args>
      <args> x[276] x[69] </args>
      <args> x[276] x[7] </args>
      <args> x[276] x[79] </args>
      <args> x[277] x[32] </args>
      <args> x[279] x[124] </args>
      <args> x[279] x[133] </args>
      <args> x[279] x[179] </args>
      <args> x[279] x[242] </args>
      <args> x[279] x[280] </args>
      <args> x[279] x[45] </args>
      <args> x[279] x[47] </args>
      <args> x[279] x[82] </args>
      <args> x[28] x[156] </args>
      <args> x[28] x[17] </args>
      <args> x[28] x[174] </args>
      <args> x[28] x[262] </args>
      <args> x[28] x[267] </args>
      <args> x[28] x[277] </args>
      <args> x[28] x[32] </args>
      <args> x[280] x[183] </args>
      <args> x[280] x[184] </args>
      <args> x[281] x[103] </args>
      <args> x[281] x[129] </args>
      <args> x[281] x[145] </args>
      <args> x[281] x[250] </args>
      <args> x[281] x[26] </args>
      <args> x[281] x[34] </args>
      <args> x[281] x[63] </args>
      <args> x[281] x[80] </args>
      <args> x[282] x[231] </args>
      <args> x[282] x[97] </args>
      <args> x[283] x[137] </args>
      <args> x[283] x[19] </args>
      <args> x[283] x[272] </args>
      <args> x[283] x[29] </args>
      <args> x[283] x[52] </args>
      <args> x[284] x[101] </args>
      <args> x[284] x[151] </args>
      <args> x[284] x[192] </args>
      <args> x[284] x[233] </args>
      <args> x[284] x[259] </args>
      <args> x[284] x[5] </args>
      <args> x[284] x[92] </args>
      <args> x[285] x[138] </args>
      <args> x[285] x[212] </args>
      <args> x[285] x[287] </args>
      <args> x[285] x[65] </args>
      <args> x[286] x[105] </args>
      <args> x[286] x[23] </args>
      <args> x[286] x[239] </args>
      <args> x[286] x[30] </args>
      <args> x[286] x[60] </args>
      <args> x[286] x[77] </args>
      <args> x[287] x[212] </args>
      <args> x[288] x[33] </args>
      <args> x[29] x[137] </args>
      <args> x[29] x[52] </args>
      <args> x[3] x[118] </args>
      <args> x[3] x[147] </args>
      <args> x[3] x[208] </args>
      <args> x[3] x[214] </args>
      <args> x[3] x[77] </args>
      <args> x[30] x[118] </args>
      <args> x[30] x[147] </args>
      <args> x[30] x[175] </args>
      <args> x[30] x[214] </args>
      <args> x[30] x[60] </args>
      <args> x[31] x[153] </args>
      <args> x[31] x[169] </args>
      <args> x[31] x[182] </args>
      <args> x[31] x[237] </args>
      <args> x[31] x[247] </args>
      <args> x[31] x[33] </args>
      <args> x[32] x[17] </args>
      <args> x[34] x[135] </args>
      <args> x[34] x[186] </args>
      <args> x[34] x[217] </args>
      <args> x[34] x[250] </args>
      <args> x[34] x[80] </args>
      <args> x[35] x[180] </args>
      <args> x[37] x[213] </args>
      <args> x[37] x[226] </args>
      <args> x[38] x[169] </args>
      <args> x[38] x[187] </args>
      <args> x[38] x[247] </args>
      <args> x[38] x[288] </args>
      <args> x[38] x[50] </args>
      <args> x[38] x[98] </args>
      <args> x[39] x[191] </args>
      <args> x[39] x[220] </args>
      <args> x[39] x[258] </args>
      <args> x[39] x[40] </args>
      <args> x[39] x[46] </args>
      <args> x[4] x[243] </args>
      <args> x[4] x[255] </args>
      <args> x[4] x[69] </args>
      <args> x[40] x[191] </args>
      <args> x[40] x[46] </args>
      <args> x[42] x[252] </args>
      <args> x[42] x[264] </args>
      <args> x[42] x[89] </args>
      <args> x[43] x[119] </args>
      <args> x[43] x[94] </args>
      <args> x[44] x[161] </args>
      <args> x[44] x[229] </args>
      <args> x[44] x[231] </args>
      <args> x[44] x[282] </args>
      <args> x[44] x[55] </args>
      <args> x[44] x[57] </args>
      <args> x[44] x[61] </args>
      <args> x[44] x[66] </args>
      <args> x[45] x[179] </args>
      <args> x[45] x[47] </args>
      <args> x[46] x[191] </args>
      <args> x[46] x[220] </args>
      <args> x[47] x[179] </args>
      <args> x[47] x[183] </args>
      <args> x[47] x[82] </args>
      <args> x[48] x[59] </args>
      <args> x[49] x[182] </args>
      <args> x[49] x[187] </args>
      <args> x[49] x[247] </args>
      <args> x[49] x[288] </args>
      <args> x[49] x[56] </args>
      <args> x[5] x[192] </args>
      <args> x[50] x[182] </args>
      <args> x[50] x[237] </args>
      <args> x[50] x[247] </args>
      <args> x[50] x[33] </args>
      <args> x[50] x[49] </args>
      <args> x[50] x[56] </args>
      <args> x[51] x[101] </args>
      <args> x[51] x[149] </args>
      <args> x[51] x[151] </args>
      <args> x[51] x[192] </args>
      <args> x[51] x[20] </args>
      <args> x[51] x[206] </args>
      <args> x[51] x[216] </args>
      <args> x[51] x[233] </args>
      <args> x[51] x[284] </args>
      <args> x[51] x[92] </args>
      <args> x[52] x[137] </args>
      <args> x[53] x[1] </args>
      <args> x[53] x[126] </args>
      <args> x[53] x[232] </args>
      <args> x[53] x[74] </args>
      <args> x[53] x[76] </args>
      <args> x[54] x[17] </args>
      <args> x[54] x[174] </args>
      <args> x[54] x[262] </args>
      <args> x[54] x[28] </args>
      <args> x[54] x[32] </args>
      <args> x[54] x[36] </args>
      <args> x[55] x[159] </args>
      <args> x[55] x[229] </args>
      <args> x[55] x[231] </args>
      <args> x[55] x[282] </args>
      <args> x[55] x[57] </args>
      <args> x[55] x[62] </args>
      <args> x[56] x[33] </args>
      <args> x[57] x[159] </args>
      <args> x[57] x[97] </args>
      <args> x[58] x[138] </args>
      <args> x[58] x[139] </args>
      <args> x[58] x[141] </args>
      <args> x[58] x[212] </args>
      <args> x[58] x[285] </args>
      <args> x[58] x[72] </args>
      <args> x[6] x[129] </args>
      <args> x[6] x[186] </args>
      <args> x[6] x[217] </args>
      <args> x[6] x[219] </args>
      <args> x[6] x[26] </args>
      <args> x[6] x[80] </args>
      <args> x[60] x[118] </args>
      <args> x[60] x[147] </args>
      <args> x[60] x[175] </args>
      <args> x[60] x[177] </args>
      <args> x[60] x[208] </args>
      <args> x[60] x[227] </args>
      <args> x[61] x[231] </args>
      <args> x[61] x[66] </args>
      <args> x[61] x[97] </args>
      <args> x[62] x[229] </args>
      <args> x[62] x[61] </args>
      <args> x[63] x[113] </args>
      <args> x[63] x[129] </args>
      <args> x[63] x[217] </args>
      <args> x[63] x[250] </args>
      <args> x[63] x[26] </args>
      <args> x[63] x[34] </args>
      <args> x[63] x[6] </args>
      <args> x[63] x[80] </args>
      <args> x[64] x[138] </args>
      <args> x[64] x[141] </args>
      <args> x[64] x[166] </args>
      <args> x[64] x[285] </args>
      <args> x[64] x[287] </args>
      <args> x[65] x[138] </args>
      <args> x[65] x[212] </args>
      <args> x[66] x[97] </args>
      <args> x[67] x[122] </args>
      <args> x[67] x[140] </args>
      <args> x[67] x[146] </args>
      <args> x[67] x[148] </args>
      <args> x[67] x[170] </args>
      <args> x[67] x[21] </args>
      <args> x[67] x[24] </args>
      <args> x[67] x[270] </args>
      <args> x[68] x[171] </args>
      <args> x[68] x[234] </args>
      <args> x[68] x[245] </args>
      <args> x[68] x[48] </args>
      <args> x[68] x[59] </args>
      <args> x[7] x[13] </args>
      <args> x[7] x[213] </args>
      <args> x[7] x[226] </args>
      <args> x[7] x[255] </args>
      <args> x[7] x[37] </args>
      <args> x[7] x[4] </args>
      <args> x[7] x[79] </args>
      <args> x[71] x[122] </args>
      <args> x[71] x[140] </args>
      <args> x[71] x[148] </args>
      <args> x[71] x[16] </args>
      <args> x[71] x[170] </args>
      <args> x[71] x[24] </args>
      <args> x[71] x[270] </args>
      <args> x[71] x[278] </args>
      <args> x[72] x[212] </args>
      <args> x[72] x[287] </args>
      <args> x[72] x[65] </args>
      <args> x[73] x[242] </args>
      <args> x[73] x[45] </args>
      <args> x[73] x[47] </args>
      <args> x[75] x[119] </args>
      <args> x[75] x[143] </args>
      <args> x[75] x[218] </args>
      <args> x[75] x[244] </args>
      <args> x[75] x[85] </args>
      <args> x[76] x[1] </args>
      <args> x[77] x[105] </args>
      <args> x[77] x[175] </args>
      <args> x[77] x[177] </args>
      <args> x[77] x[208] </args>
      <args> x[77] x[239] </args>
      <args> x[77] x[30] </args>
      <args> x[78] x[158] </args>
      <args> x[78] x[167] </args>
      <args> x[78] x[193] </args>
      <args> x[78] x[205] </args>
      <args> x[78] x[93] </args>
      <args> x[79] x[13] </args>
      <args> x[79] x[155] </args>
      <args> x[79] x[201] </args>
      <args> x[79] x[243] </args>
      <args> x[79] x[255] </args>
      <args> x[79] x[69] </args>
      <args> x[80] x[186] </args>
      <args> x[80] x[207] </args>
      <args> x[83] x[258] </args>
      <args> x[83] x[40] </args>
      <args> x[83] x[70] </args>
      <args> x[84] x[13] </args>
      <args> x[84] x[163] </args>
      <args> x[84] x[201] </args>
      <args> x[84] x[213] </args>
      <args> x[84] x[243] </args>
      <args> x[84] x[255] </args>
      <args> x[84] x[37] </args>
      <args> x[84] x[4] </args>
      <args> x[85] x[119] </args>
      <args> x[85] x[143] </args>
      <args> x[85] x[223] </args>
      <args> x[86] x[1] </args>
      <args> x[86] x[126] </args>
      <args> x[86] x[221] </args>
      <args> x[86] x[266] </args>
      <args> x[86] x[53] </args>
      <args> x[86] x[74] </args>
      <args> x[86] x[76] </args>
      <args> x[87] x[152] </args>
      <args> x[87] x[252] </args>
      <args> x[88] x[165] </args>
      <args> x[88] x[193] </args>
      <args> x[88] x[274] </args>
      <args> x[9] x[152] </args>
      <args> x[90] x[116] </args>
      <args> x[90] x[117] </args>
      <args> x[90] x[171] </args>
      <args> x[90] x[173] </args>
      <args> x[90] x[234] </args>
      <args> x[90] x[48] </args>
      <args> x[90] x[68] </args>
      <args> x[91] x[158] </args>
      <args> x[91] x[203] </args>
      <args> x[91] x[205] </args>
      <args> x[91] x[246] </args>
      <args> x[91] x[251] </args>
      <args> x[92] x[2] </args>
      <args> x[92] x[233] </args>
      <args> x[92] x[259] </args>
      <args> x[93] x[158] </args>
      <args> x[93] x[168] </args>
      <args> x[93] x[193] </args>
      <args> x[93] x[199] </args>
      <args> x[93] x[203] </args>
      <args> x[93] x[205] </args>
      <args> x[93] x[246] </args>
      <args> x[93] x[91] </args>
      <args> x[94] x[119] </args>
      <args> x[94] x[218] </args>
      <args> x[94] x[223] </args>
      <args> x[94] x[244] </args>
      <args> x[95] x[110] </args>
      <args> x[95] x[142] </args>
      <args> x[95] x[185] </args>
      <args> x[95] x[188] </args>
      <args> x[95] x[19] </args>
      <args> x[95] x[211] </args>
      <args> x[96] x[52] </args>
      <args> x[98] x[247] </args>
      <args> x[98] x[288] </args>
      <args> x[98] x[33] </args>
      <args> x[99] x[159] </args>
      <args> x[99] x[231] </args>
      <args> x[99] x[57] </args>
      <args> x[99] x[97] </args>
    </group>
    <group>
      <intension> eq(%0,%1) </intension>
      <args> x[10] x[8] </args>
      <args> x[130] x[127] </args>
      <args> x[134] x[164] </args>
      <args> x[14] x[172] </args>
      <args> x[152] x[108] </args>
      <args> x[202] x[18] </args>
      <args> x[204] x[150] </args>
      <args> x[235] x[15] </args>
      <args> x[248] x[132] </args>
      <args> x[252] x[256] </args>
      <args> x[264] x[41] </args>
      <args> x[35] x[236] </args>
      <args> x[42] x[111] </args>
      <args> x[87] x[81] </args>
      <args> x[89] x[157] </args>
      <args> x[9] x[12] </args>
    </group>
    <group>
      <intension> and(ne(%0,%1),ge(add(%2,%3),2)) </intension>
      <args> x[108] x[0] x[108] x[0] </args>
      <args> x[108] x[1] x[108] x[1] </args>
      <args> x[108] x[120] x[108] x[120] </args>
      <args> x[108] x[126] x[108] x[126] </args>
      <args> x[108] x[128] x[108] x[128] </args>
      <args> x[108] x[136] x[108] x[136] </args>
      <args> x[108] x[181] x[108] x[181] </args>
      <args> x[108] x[221] x[108] x[221] </args>
      <args> x[108] x[232] x[108] x[232] </args>
      <args> x[108] x[265] x[108] x[265] </args>
      <args> x[108] x[266] x[108] x[266] </args>
      <args> x[108] x[269] x[108] x[269] </args>
      <args> x[108] x[53] x[108] x[53] </args>
      <args> x[108] x[74] x[108] x[74] </args>
      <args> x[108] x[76] x[108] x[76] </args>
      <args> x[108] x[86] x[108] x[86] </args>
      <args> x[111] x[112] x[111] x[112] </args>
      <args> x[111] x[114] x[111] x[114] </args>
      <args> x[111] x[122] x[111] x[122] </args>
      <args> x[111] x[140] x[111] x[140] </args>
      <args> x[111] x[146] x[111] x[146] </args>
      <args> x[111] x[148] x[111] x[148] </args>
      <args> x[111] x[16] x[111] x[16] </args>
      <args> x[111] x[170] x[111] x[170] </args>
      <args> x[111] x[21] x[111] x[21] </args>
      <args> x[111] x[222] x[111] x[222] </args>
      <args> x[111] x[24] x[111] x[24] </args>
      <args> x[111] x[257] x[111] x[257] </args>
      <args> x[111] x[270] x[111] x[270] </args>
      <args> x[111] x[278] x[111] x[278] </args>
      <args> x[111] x[67] x[111] x[67] </args>
      <args> x[111] x[71] x[111] x[71] </args>
      <args> x[12] x[110] x[12] x[110] </args>
      <args> x[12] x[123] x[12] x[123] </args>
      <args> x[12] x[137] x[12] x[137] </args>
      <args> x[12] x[142] x[12] x[142] </args>
      <args> x[12] x[144] x[12] x[144] </args>
      <args> x[12] x[185] x[12] x[185] </args>
      <args> x[12] x[188] x[12] x[188] </args>
      <args> x[12] x[19] x[12] x[19] </args>
      <args> x[12] x[211] x[12] x[211] </args>
      <args> x[12] x[254] x[12] x[254] </args>
      <args> x[12] x[272] x[12] x[272] </args>
      <args> x[12] x[283] x[12] x[283] </args>
      <args> x[12] x[29] x[12] x[29] </args>
      <args> x[12] x[52] x[12] x[52] </args>
      <args> x[12] x[95] x[12] x[95] </args>
      <args> x[12] x[96] x[12] x[96] </args>
      <args> x[127] x[153] x[127] x[153] </args>
      <args> x[127] x[169] x[127] x[169] </args>
      <args> x[127] x[182] x[127] x[182] </args>
      <args> x[127] x[187] x[127] x[187] </args>
      <args> x[127] x[230] x[127] x[230] </args>
      <args> x[127] x[237] x[127] x[237] </args>
      <args> x[127] x[247] x[127] x[247] </args>
      <args> x[127] x[261] x[127] x[261] </args>
      <args> x[127] x[288] x[127] x[288] </args>
      <args> x[127] x[31] x[127] x[31] </args>
      <args> x[127] x[33] x[127] x[33] </args>
      <args> x[127] x[38] x[127] x[38] </args>
      <args> x[127] x[49] x[127] x[49] </args>
      <args> x[127] x[50] x[127] x[50] </args>
      <args> x[127] x[56] x[127] x[56] </args>
      <args> x[127] x[98] x[127] x[98] </args>
      <args> x[132] x[104] x[132] x[104] </args>
      <args> x[132] x[124] x[132] x[124] </args>
      <args> x[132] x[133] x[132] x[133] </args>
      <args> x[132] x[179] x[132] x[179] </args>
      <args> x[132] x[183] x[132] x[183] </args>
      <args> x[132] x[184] x[132] x[184] </args>
      <args> x[132] x[215] x[132] x[215] </args>
      <args> x[132] x[22] x[132] x[22] </args>
      <args> x[132] x[242] x[132] x[242] </args>
      <args> x[132] x[271] x[132] x[271] </args>
      <args> x[132] x[279] x[132] x[279] </args>
      <args> x[132] x[280] x[132] x[280] </args>
      <args> x[132] x[45] x[132] x[45] </args>
      <args> x[132] x[47] x[132] x[47] </args>
      <args> x[132] x[73] x[132] x[73] </args>
      <args> x[132] x[82] x[132] x[82] </args>
      <args> x[15] x[101] x[15] x[101] </args>
      <args> x[15] x[149] x[15] x[149] </args>
      <args> x[15] x[151] x[15] x[151] </args>
      <args> x[15] x[176] x[15] x[176] </args>
      <args> x[15] x[192] x[15] x[192] </args>
      <args> x[15] x[197] x[15] x[197] </args>
      <args> x[15] x[2] x[15] x[2] </args>
      <args> x[15] x[20] x[15] x[20] </args>
      <args> x[15] x[206] x[15] x[206] </args>
      <args> x[15] x[216] x[15] x[216] </args>
      <args> x[15] x[233] x[15] x[233] </args>
      <args> x[15] x[259] x[15] x[259] </args>
      <args> x[15] x[284] x[15] x[284] </args>
      <args> x[15] x[5] x[15] x[5] </args>
      <args> x[15] x[51] x[15] x[51] </args>
      <args> x[15] x[92] x[15] x[92] </args>
      <args> x[150] x[105] x[150] x[105] </args>
      <args> x[150] x[118] x[150] x[118] </args>
      <args> x[150] x[147] x[150] x[147] </args>
      <args> x[150] x[160] x[150] x[160] </args>
      <args> x[150] x[175] x[150] x[175] </args>
      <args> x[150] x[177] x[150] x[177] </args>
      <args> x[150] x[208] x[150] x[208] </args>
      <args> x[150] x[214] x[150] x[214] </args>
      <args> x[150] x[227] x[150] x[227] </args>
      <args> x[150] x[23] x[150] x[23] </args>
      <args> x[150] x[239] x[150] x[239] </args>
      <args> x[150] x[286] x[150] x[286] </args>
      <args> x[150] x[3] x[150] x[3] </args>
      <args> x[150] x[30] x[150] x[30] </args>
      <args> x[150] x[60] x[150] x[60] </args>
      <args> x[150] x[77] x[150] x[77] </args>
      <args> x[157] x[158] x[157] x[158] </args>
      <args> x[157] x[165] x[157] x[165] </args>
      <args> x[157] x[167] x[157] x[167] </args>
      <args> x[157] x[168] x[157] x[168] </args>
      <args> x[157] x[193] x[157] x[193] </args>
      <args> x[157] x[199] x[157] x[199] </args>
      <args> x[157] x[203] x[157] x[203] </args>
      <args> x[157] x[205] x[157] x[205] </args>
      <args> x[157] x[209] x[157] x[209] </args>
      <args> x[157] x[246] x[157] x[246] </args>
      <args> x[157] x[251] x[157] x[251] </args>
      <args> x[157] x[274] x[157] x[274] </args>
      <args> x[157] x[78] x[157] x[78] </args>
      <args> x[157] x[88] x[157] x[88] </args>
      <args> x[157] x[91] x[157] x[91] </args>
      <args> x[157] x[93] x[157] x[93] </args>
      <args> x[164] x[102] x[164] x[102] </args>
      <args> x[164] x[125] x[164] x[125] </args>
      <args> x[164] x[156] x[164] x[156] </args>
      <args> x[164] x[17] x[164] x[17] </args>
      <args> x[164] x[174] x[164] x[174] </args>
      <args> x[164] x[178] x[164] x[178] </args>
      <args> x[164] x[189] x[164] x[189] </args>
      <args> x[164] x[210] x[164] x[210] </args>
      <args> x[164] x[224] x[164] x[224] </args>
      <args> x[164] x[262] x[164] x[262] </args>
      <args> x[164] x[267] x[164] x[267] </args>
      <args> x[164] x[277] x[164] x[277] </args>
      <args> x[164] x[28] x[164] x[28] </args>
      <args> x[164] x[32] x[164] x[32] </args>
      <args> x[164] x[36] x[164] x[36] </args>
      <args> x[164] x[54] x[164] x[54] </args>
      <args> x[172] x[116] x[172] x[116] </args>
      <args> x[172] x[117] x[172] x[117] </args>
      <args> x[172] x[171] x[172] x[171] </args>
      <args> x[172] x[173] x[172] x[173] </args>
      <args> x[172] x[196] x[172] x[196] </args>
      <args> x[172] x[228] x[172] x[228] </args>
      <args> x[172] x[234] x[172] x[234] </args>
      <args> x[172] x[241] x[172] x[241] </args>
      <args> x[172] x[245] x[172] x[245] </args>
      <args> x[172] x[253] x[172] x[253] </args>
      <args> x[172] x[268] x[172] x[268] </args>
      <args> x[172] x[27] x[172] x[27] </args>
      <args> x[172] x[48] x[172] x[48] </args>
      <args> x[172] x[59] x[172] x[59] </args>
      <args> x[172] x[68] x[172] x[68] </args>
      <args> x[172] x[90] x[172] x[90] </args>
      <args> x[18] x[13] x[18] x[13] </args>
      <args> x[18] x[155] x[18] x[155] </args>
      <args> x[18] x[163] x[18] x[163] </args>
      <args> x[18] x[195] x[18] x[195] </args>
      <args> x[18] x[201] x[18] x[201] </args>
      <args> x[18] x[213] x[18] x[213] </args>
      <args> x[18] x[226] x[18] x[226] </args>
      <args> x[18] x[243] x[18] x[243] </args>
      <args> x[18] x[255] x[18] x[255] </args>
      <args> x[18] x[276] x[18] x[276] </args>
      <args> x[18] x[37] x[18] x[37] </args>
      <args> x[18] x[4] x[18] x[4] </args>
      <args> x[18] x[69] x[18] x[69] </args>
      <args> x[18] x[7] x[18] x[7] </args>
      <args> x[18] x[79] x[18] x[79] </args>
      <args> x[18] x[84] x[18] x[84] </args>
      <args> x[236] x[115] x[236] x[115] </args>
      <args> x[236] x[138] x[236] x[138] </args>
      <args> x[236] x[139] x[236] x[139] </args>
      <args> x[236] x[141] x[236] x[141] </args>
      <args> x[236] x[166] x[236] x[166] </args>
      <args> x[236] x[190] x[236] x[190] </args>
      <args> x[236] x[198] x[236] x[198] </args>
      <args> x[236] x[212] x[236] x[212] </args>
      <args> x[236] x[260] x[236] x[260] </args>
      <args> x[236] x[273] x[236] x[273] </args>
      <args> x[236] x[285] x[236] x[285] </args>
      <args> x[236] x[287] x[236] x[287] </args>
      <args> x[236] x[58] x[236] x[58] </args>
      <args> x[236] x[64] x[236] x[64] </args>
      <args> x[236] x[65] x[236] x[65] </args>
      <args> x[236] x[72] x[236] x[72] </args>
      <args> x[256] x[107] x[256] x[107] </args>
      <args> x[256] x[109] x[256] x[109] </args>
      <args> x[256] x[119] x[256] x[119] </args>
      <args> x[256] x[121] x[256] x[121] </args>
      <args> x[256] x[143] x[256] x[143] </args>
      <args> x[256] x[194] x[256] x[194] </args>
      <args> x[256] x[218] x[256] x[218] </args>
      <args> x[256] x[223] x[256] x[223] </args>
      <args> x[256] x[238] x[256] x[238] </args>
      <args> x[256] x[244] x[256] x[244] </args>
      <args> x[256] x[25] x[256] x[25] </args>
      <args> x[256] x[263] x[256] x[263] </args>
      <args> x[256] x[43] x[256] x[43] </args>
      <args> x[256] x[75] x[256] x[75] </args>
      <args> x[256] x[85] x[256] x[85] </args>
      <args> x[256] x[94] x[256] x[94] </args>
      <args> x[41] x[100] x[41] x[100] </args>
      <args> x[41] x[106] x[41] x[106] </args>
      <args> x[41] x[11] x[41] x[11] </args>
      <args> x[41] x[154] x[41] x[154] </args>
      <args> x[41] x[162] x[41] x[162] </args>
      <args> x[41] x[191] x[41] x[191] </args>
      <args> x[41] x[200] x[41] x[200] </args>
      <args> x[41] x[220] x[41] x[220] </args>
      <args> x[41] x[225] x[41] x[225] </args>
      <args> x[41] x[249] x[41] x[249] </args>
      <args> x[41] x[258] x[41] x[258] </args>
      <args> x[41] x[39] x[41] x[39] </args>
      <args> x[41] x[40] x[41] x[40] </args>
      <args> x[41] x[46] x[41] x[46] </args>
      <args> x[41] x[70] x[41] x[70] </args>
      <args> x[41] x[83] x[41] x[83] </args>
      <args> x[8] x[103] x[8] x[103] </args>
      <args> x[8] x[113] x[8] x[113] </args>
      <args> x[8] x[129] x[8] x[129] </args>
      <args> x[8] x[135] x[8] x[135] </args>
      <args> x[8] x[145] x[8] x[145] </args>
      <args> x[8] x[186] x[8] x[186] </args>
      <args> x[8] x[207] x[8] x[207] </args>
      <args> x[8] x[217] x[8] x[217] </args>
      <args> x[8] x[219] x[8] x[219] </args>
      <args> x[8] x[250] x[8] x[250] </args>
      <args> x[8] x[26] x[8] x[26] </args>
      <args> x[8] x[281] x[8] x[281] </args>
      <args> x[8] x[34] x[8] x[34] </args>
      <args> x[8] x[6] x[8] x[6] </args>
      <args> x[8] x[63] x[8] x[63] </args>
      <args> x[8] x[80] x[8] x[80] </args>
      <args> x[81] x[131] x[81] x[131] </args>
      <args> x[81] x[159] x[81] x[159] </args>
      <args> x[81] x[161] x[81] x[161] </args>
      <args> x[81] x[229] x[81] x[229] </args>
      <args> x[81] x[231] x[81] x[231] </args>
      <args> x[81] x[240] x[81] x[240] </args>
      <args> x[81] x[275] x[81] x[275] </args>
      <args> x[81] x[282] x[81] x[282] </args>
      <args> x[81] x[44] x[81] x[44] </args>
      <args> x[81] x[55] x[81] x[55] </args>
      <args> x[81] x[57] x[81] x[57] </args>
      <args> x[81] x[61] x[81] x[61] </args>
      <args> x[81] x[62] x[81] x[62] </args>
      <args> x[81] x[66] x[81] x[66] </args>
      <args> x[81] x[97] x[81] x[97] </args>
      <args> x[81] x[99] x[81] x[99] </args>
    </group>
  </constraints>
</instance>
