<instance format="XCSP3" type="CSP">
  <variables>
    <array id="x" size="[9]"> 0..8 </array>
    <array id="y" size="[33]"> 0..80 </array>
  </variables>
  <constraints>
    <group>
      <extension>
        <list> %0 %1 </list>
        <conflicts> (0,0)(0,1)(1,0)(1,1)(1,2)(2,1)(2,2)(2,3)(3,2)(3,3)(3,4)(4,3)(4,4)(4,5)(5,4)(5,5)(5,6)(6,5)(6,6)(6,7)(7,6)(7,7)(7,8)(8,7)(8,8) </conflicts>
      </extension>
      <args> x[0] x[1] </args>
      <args> x[1] x[2] </args>
      <args> x[2] x[3] </args>
      <args> x[3] x[4] </args>
      <args> x[4] x[5] </args>
      <args> x[5] x[6] </args>
      <args> x[6] x[7] </args>
      <args> x[7] x[8] </args>
    </group>
    <group>
      <extension>
        <list> %0 %1 </list>
        <conflicts> (0,0)(0,2)(1,1)(1,3)(2,0)(2,2)(2,4)(3,1)(3,3)(3,5)(4,2)(4,4)(4,6)(5,3)(5,5)(5,7)(6,4)(6,6)(6,8)(7,5)(7,7)(8,6)(8,8) </conflicts>
      </extension>
      <args> x[0] x[2] </args>
      <args> x[1] x[3] </args>
      <args> x[2] x[4] </args>
      <args> x[3] x[5] </args>
      <args> x[4] x[6] </args>
      <args> x[5] x[7] </args>
      <args> x[6] x[8] </args>
    </group>
    <group>
      <extension>
        <list> %0 %1 </list>
        <conflicts> (0,0)(0,3)(1,1)(1,4)(2,2)(2,5)(3,0)(3,3)(3,6)(4,1)(4,4)(4,7)(5,2)(5,5)(5,8)(6,3)(6,6)(7,4)(7,7)(8,5)(8,8) </conflicts>
      </extension>
      <args> x[0] x[3] </args>
      <args> x[1] x[4] </args>
      <args> x[2] x[5] </args>
      <args> x[3] x[6] </args>
      <args> x[4] x[7] </args>
      <args> x[5] x[8] </args>
    </group>
    <group>
      <extension>
        <list> %0 %1 </list>
        <conflicts> (0,0)(0,4)(1,1)(1,5)(2,2)(2,6)(3,3)(3,7)(4,0)(4,4)(4,8)(5,1)(5,5)(6,2)(6,6)(7,3)(7,7)(8,4)(8,8) </conflicts>
      </extension>
      <args> x[0] x[4] </args>
      <args> x[1] x[5] </args>
      <args> x[2] x[6] </args>
      <args> x[3] x[7] </args>
      <args> x[4] x[8] </args>
    </group>
    <group>
      <extension>
        <list> %0 %1 </list>
        <conflicts> (0,0)(0,5)(1,1)(1,6)(2,2)(2,7)(3,3)(3,8)(4,4)(5,0)(5,5)(6,1)(6,6)(7,2)(7,7)(8,3)(8,8) </conflicts>
      </extension>
      <args> x[0] x[5] </args>
      <args> x[1] x[6] </args>
      <args> x[2] x[7] </args>
      <args> x[3] x[8] </args>
    </group>
    <group>
      <extension>
        <list> %0 %1 </list>
        <conflicts> (0,0)(0,6)(1,1)(1,7)(2,2)(2,8)(3,3)(4,4)(5,5)(6,0)(6,6)(7,1)(7,7)(8,2)(8,8) </conflicts>
      </extension>
      <args> x[0] x[6] </args>
      <args> x[1] x[7] </args>
      <args> x[2] x[8] </args>
    </group>
    <group>
      <extension>
        <list> %0 %1 </list>
        <conflicts> (0,0)(0,7)(1,1)(1,8)(2,2)(3,3)(4,4)(5,5)(6,6)(7,0)(7,7)(8,1)(8,8) </conflicts>
      </extension>
      <args> x[0] x[7] </args>
      <args> x[1] x[8] </args>
    </group>
    <extension>
      <list> x[0] x[8] </list>
      <conflicts> (0,0)(0,8)(1,1)(2,2)(3,3)(4,4)(5,5)(6,6)(7,7)(8,0)(8,8) </conflicts>
    </extension>
    <group>
      <extension>
        <list> %0 %1 </list>
        <supports> (0,11)(0,19)(1,12)(1,18)(1,20)(2,9)(2,13)(2,19)(2,21)(3,10)(3,14)(3,20)(3,22)(4,11)(4,15)(4,21)(4,23)(5,12)(5,16)(5,22)(5,24)(6,13)(6,17)(6,23)(6,25)(7,14)(7,24)(7,26)(8,15)(8,25)(9,2)(9,20)(9,28)(10,3)(10,21)(10,27)(10,29)(11,0)(11,4)(11,18)(11,22)(11,28)(11,30)(12,1)(12,5)(12,19)(12,23)(12,29)(12,31)(13,2)(13,6)(13,20)(13,24)(13,30)(13,32)(14,3)(14,7)(14,21)(14,25)(14,31)(14,33)(15,4)(15,8)(15,22)(15,26)(15,32)(15,34)(16,5)(16,23)(16,33)(16,35)(17,6)(17,24)(17,34)(18,1)(18,11)(18,29)(18,37)(19,0)(19,2)(19,12)(19,30)(19,36)(19,38)(20,1)(20,3)(20,9)(20,13)(20,27)(20,31)(20,37)(20,39)(21,2)(21,4)(21,10)(21,14)(21,28)(21,32)(21,38)(21,40)(22,3)(22,5)(22,11)(22,15)(22,29)(22,33)(22,39)(22,41)(23,4)(23,6)(23,12)(23,16)(23,30)(23,34)(23,40)(23,42)(24,5)(24,7)(24,13)(24,17)(24,31)(24,35)(24,41)(24,43)(25,6)(25,8)(25,14)(25,32)(25,42)(25,44)(26,7)(26,15)(26,33)(26,43)(27,10)(27,20)(27,38)(27,46)(28,9)(28,11)(28,21)(28,39)(28,45)(28,47)(29,10)(29,12)(29,18)(29,22)(29,36)(29,40)(29,46)(29,48)(30,11)(30,13)(30,19)(30,23)(30,37)(30,41)(30,47)(30,49)(31,12)(31,14)(31,20)(31,24)(31,38)(31,42)(31,48)(31,50)(32,13)(32,15)(32,21)(32,25)(32,39)(32,43)(32,49)(32,51)(33,14)(33,16)(33,22)(33,26)(33,40)(33,44)(33,50)(33,52)(34,15)(34,17)(34,23)(34,41)(34,51)(34,53)(35,16)(35,24)(35,42)(35,52)(36,19)(36,29)(36,47)(36,55)(37,18)(37,20)(37,30)(37,48)(37,54)(37,56)(38,19)(38,21)(38,27)(38,31)(38,45)(38,49)(38,55)(38,57)(39,20)(39,22)(39,28)(39,32)(39,46)(39,50)(39,56)(39,58)(40,21)(40,23)(40,29)(40,33)(40,47)(40,51)(40,57)(40,59)(41,22)(41,24)(41,30)(41,34)(41,48)(41,52)(41,58)(41,60)(42,23)(42,25)(42,31)(42,35)(42,49)(42,53)(42,59)(42,61)(43,24)(43,26)(43,32)(43,50)(43,60)(43,62)(44,25)(44,33)(44,51)(44,61)(45,28)(45,38)(45,56)(45,64)(46,27)(46,29)(46,39)(46,57)(46,63)(46,65)(47,28)(47,30)(47,36)(47,40)(47,54)(47,58)(47,64)(47,66)(48,29)(48,31)(48,37)(48,41)(48,55)(48,59)(48,65)(48,67)(49,30)(49,32)(49,38)(49,42)(49,56)(49,60)(49,66)(49,68)(50,31)(50,33)(50,39)(50,43)(50,57)(50,61)(50,67)(50,69)(51,32)(51,34)(51,40)(51,44)(51,58)(51,62)(51,68)(51,70)(52,33)(52,35)(52,41)(52,59)(52,69)(52,71)(53,34)(53,42)(53,60)(53,70)(54,37)(54,47)(54,65)(54,73)(55,36)(55,38)(55,48)(55,66)(55,72)(55,74)(56,37)(56,39)(56,45)(56,49)(56,63)(56,67)(56,73)(56,75)(57,38)(57,40)(57,46)(57,50)(57,64)(57,68)(57,74)(57,76)(58,39)(58,41)(58,47)(58,51)(58,65)(58,69)(58,75)(58,77)(59,40)(59,42)(59,48)(59,52)(59,66)(59,70)(59,76)(59,78)(60,41)(60,43)(60,49)(60,53)(60,67)(60,71)(60,77)(60,79)(61,42)(61,44)(61,50)(61,68)(61,78)(61,80)(62,43)(62,51)(62,69)(62,79)(63,46)(63,56)(63,74)(64,45)(64,47)(64,57)(64,75)(65,46)(65,48)(65,54)(65,58)(65,72)(65,76)(66,47)(66,49)(66,55)(66,59)(66,73)(66,77)(67,48)(67,50)(67,56)(67,60)(67,74)(67,78)(68,49)(68,51)(68,57)(68,61)(68,75)(68,79)(69,50)(69,52)(69,58)(69,62)(69,76)(69,80)(70,51)(70,53)(70,59)(70,77)(71,52)(71,60)(71,78)(72,55)(72,65)(73,54)(73,56)(73,66)(74,55)(74,57)(74,63)(74,67)(75,56)(75,58)(75,64)(75,68)(76,57)(76,59)(76,65)(76,69)(77,58)(77,60)(77,66)(77,70)(78,59)(78,61)(78,67)(78,71)(79,60)(79,62)(79,68)(80,61)(80,69) </supports>
      </extension>
      <args> y[0] y[1] </args>
      <args> y[1] y[2] </args>
      <args> y[2] y[3] </args>
      <args> y[3] y[4] </args>
      <args> y[4] y[5] </args>
      <args> y[5] y[6] </args>
      <args> y[6] y[7] </args>
      <args> y[7] y[8] </args>
      <args> y[8] y[9] </args>
      <args> y[9] y[10] </args>
      <args> y[10] y[11] </args>
      <args> y[11] y[12] </args>
      <args> y[12] y[13] </args>
      <args> y[13] y[14] </args>
      <args> y[14] y[15] </args>
      <args> y[15] y[16] </args>
      <args> y[16] y[17] </args>
      <args> y[17] y[18] </args>
      <args> y[18] y[19] </args>
      <args> y[19] y[20] </args>
      <args> y[20] y[21] </args>
      <args> y[21] y[22] </args>
      <args> y[22] y[23] </args>
      <args> y[23] y[24] </args>
      <args> y[24] y[25] </args>
      <args> y[25] y[26] </args>
      <args> y[26] y[27] </args>
      <args> y[27] y[28] </args>
      <args> y[28] y[29] </args>
      <args> y[29] y[30] </args>
      <args> y[30] y[31] </args>
      <args> y[31] y[32] </args>
      <args> y[32] y[0] </args>
    </group>
    <group>
      <extension>
        <list> %0 %1 </list>
        <conflicts> (0,0)(1,1)(2,2)(3,3)(4,4)(5,5)(6,6)(7,7)(8,8)(9,9)(10,10)(11,11)(12,12)(13,13)(14,14)(15,15)(16,16)(17,17)(18,18)(19,19)(20,20)(21,21)(22,22)(23,23)(24,24)(25,25)(26,26)(27,27)(28,28)(29,29)(30,30)(31,31)(32,32)(33,33)(34,34)(35,35)(36,36)(37,37)(38,38)(39,39)(40,40)(41,41)(42,42)(43,43)(44,44)(45,45)(46,46)(47,47)(48,48)(49,49)(50,50)(51,51)(52,52)(53,53)(54,54)(55,55)(56,56)(57,57)(58,58)(59,59)(60,60)(61,61)(62,62)(63,63)(64,64)(65,65)(66,66)(67,67)(68,68)(69,69)(70,70)(71,71)(72,72)(73,73)(74,74)(75,75)(76,76)(77,77)(78,78)(79,79)(80,80) </conflicts>
      </extension>
      <args> y[0] y[2] </args>
      <args> y[0] y[3] </args>
      <args> y[0] y[4] </args>
      <args> y[0] y[5] </args>
      <args> y[0] y[6] </args>
      <args> y[0] y[7] </args>
      <args> y[0] y[8] </args>
      <args> y[0] y[9] </args>
      <args> y[0] y[10] </args>
      <args> y[0] y[11] </args>
      <args> y[0] y[12] </args>
      <args> y[0] y[13] </args>
      <args> y[0] y[14] </args>
      <args> y[0] y[15] </args>
      <args> y[0] y[16] </args>
      <args> y[0] y[17] </args>
      <args> y[0] y[18] </args>
      <args> y[0] y[19] </args>
      <args> y[0] y[20] </args>
      <args> y[0] y[21] </args>
      <args> y[0] y[22] </args>
      <args> y[0] y[23] </args>
      <args> y[0] y[24] </args>
      <args> y[0] y[25] </args>
      <args> y[0] y[26] </args>
      <args> y[0] y[27] </args>
      <args> y[0] y[28] </args>
      <args> y[0] y[29] </args>
      <args> y[0] y[30] </args>
      <args> y[0] y[31] </args>
      <args> y[1] y[3] </args>
      <args> y[1] y[4] </args>
      <args> y[1] y[5] </args>
      <args> y[1] y[6] </args>
      <args> y[1] y[7] </args>
      <args> y[1] y[8] </args>
      <args> y[1] y[9] </args>
      <args> y[1] y[10] </args>
      <args> y[1] y[11] </args>
      <args> y[1] y[12] </args>
      <args> y[1] y[13] </args>
      <args> y[1] y[14] </args>
      <args> y[1] y[15] </args>
      <args> y[1] y[16] </args>
      <args> y[1] y[17] </args>
      <args> y[1] y[18] </args>
      <args> y[1] y[19] </args>
      <args> y[1] y[20] </args>
      <args> y[1] y[21] </args>
      <args> y[1] y[22] </args>
      <args> y[1] y[23] </args>
      <args> y[1] y[24] </args>
      <args> y[1] y[25] </args>
      <args> y[1] y[26] </args>
      <args> y[1] y[27] </args>
      <args> y[1] y[28] </args>
      <args> y[1] y[29] </args>
      <args> y[1] y[30] </args>
      <args> y[1] y[31] </args>
      <args> y[1] y[32] </args>
      <args> y[2] y[4] </args>
      <args> y[2] y[5] </args>
      <args> y[2] y[6] </args>
      <args> y[2] y[7] </args>
      <args> y[2] y[8] </args>
      <args> y[2] y[9] </args>
      <args> y[2] y[10] </args>
      <args> y[2] y[11] </args>
      <args> y[2] y[12] </args>
      <args> y[2] y[13] </args>
      <args> y[2] y[14] </args>
      <args> y[2] y[15] </args>
      <args> y[2] y[16] </args>
      <args> y[2] y[17] </args>
      <args> y[2] y[18] </args>
      <args> y[2] y[19] </args>
      <args> y[2] y[20] </args>
      <args> y[2] y[21] </args>
      <args> y[2] y[22] </args>
      <args> y[2] y[23] </args>
      <args> y[2] y[24] </args>
      <args> y[2] y[25] </args>
      <args> y[2] y[26] </args>
      <args> y[2] y[27] </args>
      <args> y[2] y[28] </args>
      <args> y[2] y[29] </args>
      <args> y[2] y[30] </args>
      <args> y[2] y[31] </args>
      <args> y[2] y[32] </args>
      <args> y[3] y[5] </args>
      <args> y[3] y[6] </args>
      <args> y[3] y[7] </args>
      <args> y[3] y[8] </args>
      <args> y[3] y[9] </args>
      <args> y[3] y[10] </args>
      <args> y[3] y[11] </args>
      <args> y[3] y[12] </args>
      <args> y[3] y[13] </args>
      <args> y[3] y[14] </args>
      <args> y[3] y[15] </args>
      <args> y[3] y[16] </args>
      <args> y[3] y[17] </args>
      <args> y[3] y[18] </args>
      <args> y[3] y[19] </args>
      <args> y[3] y[20] </args>
      <args> y[3] y[21] </args>
      <args> y[3] y[22] </args>
      <args> y[3] y[23] </args>
      <args> y[3] y[24] </args>
      <args> y[3] y[25] </args>
      <args> y[3] y[26] </args>
      <args> y[3] y[27] </args>
      <args> y[3] y[28] </args>
      <args> y[3] y[29] </args>
      <args> y[3] y[30] </args>
      <args> y[3] y[31] </args>
      <args> y[3] y[32] </args>
      <args> y[4] y[6] </args>
      <args> y[4] y[7] </args>
      <args> y[4] y[8] </args>
      <args> y[4] y[9] </args>
      <args> y[4] y[10] </args>
      <args> y[4] y[11] </args>
      <args> y[4] y[12] </args>
      <args> y[4] y[13] </args>
      <args> y[4] y[14] </args>
      <args> y[4] y[15] </args>
      <args> y[4] y[16] </args>
      <args> y[4] y[17] </args>
      <args> y[4] y[18] </args>
      <args> y[4] y[19] </args>
      <args> y[4] y[20] </args>
      <args> y[4] y[21] </args>
      <args> y[4] y[22] </args>
      <args> y[4] y[23] </args>
      <args> y[4] y[24] </args>
      <args> y[4] y[25] </args>
      <args> y[4] y[26] </args>
      <args> y[4] y[27] </args>
      <args> y[4] y[28] </args>
      <args> y[4] y[29] </args>
      <args> y[4] y[30] </args>
      <args> y[4] y[31] </args>
      <args> y[4] y[32] </args>
      <args> y[5] y[7] </args>
      <args> y[5] y[8] </args>
      <args> y[5] y[9] </args>
      <args> y[5] y[10] </args>
      <args> y[5] y[11] </args>
      <args> y[5] y[12] </args>
      <args> y[5] y[13] </args>
      <args> y[5] y[14] </args>
      <args> y[5] y[15] </args>
      <args> y[5] y[16] </args>
      <args> y[5] y[17] </args>
      <args> y[5] y[18] </args>
      <args> y[5] y[19] </args>
      <args> y[5] y[20] </args>
      <args> y[5] y[21] </args>
      <args> y[5] y[22] </args>
      <args> y[5] y[23] </args>
      <args> y[5] y[24] </args>
      <args> y[5] y[25] </args>
      <args> y[5] y[26] </args>
      <args> y[5] y[27] </args>
      <args> y[5] y[28] </args>
      <args> y[5] y[29] </args>
      <args> y[5] y[30] </args>
      <args> y[5] y[31] </args>
      <args> y[5] y[32] </args>
      <args> y[6] y[8] </args>
      <args> y[6] y[9] </args>
      <args> y[6] y[10] </args>
      <args> y[6] y[11] </args>
      <args> y[6] y[12] </args>
      <args> y[6] y[13] </args>
      <args> y[6] y[14] </args>
      <args> y[6] y[15] </args>
      <args> y[6] y[16] </args>
      <args> y[6] y[17] </args>
      <args> y[6] y[18] </args>
      <args> y[6] y[19] </args>
      <args> y[6] y[20] </args>
      <args> y[6] y[21] </args>
      <args> y[6] y[22] </args>
      <args> y[6] y[23] </args>
      <args> y[6] y[24] </args>
      <args> y[6] y[25] </args>
      <args> y[6] y[26] </args>
      <args> y[6] y[27] </args>
      <args> y[6] y[28] </args>
      <args> y[6] y[29] </args>
      <args> y[6] y[30] </args>
      <args> y[6] y[31] </args>
      <args> y[6] y[32] </args>
      <args> y[7] y[9] </args>
      <args> y[7] y[10] </args>
      <args> y[7] y[11] </args>
      <args> y[7] y[12] </args>
      <args> y[7] y[13] </args>
      <args> y[7] y[14] </args>
      <args> y[7] y[15] </args>
      <args> y[7] y[16] </args>
      <args> y[7] y[17] </args>
      <args> y[7] y[18] </args>
      <args> y[7] y[19] </args>
      <args> y[7] y[20] </args>
      <args> y[7] y[21] </args>
      <args> y[7] y[22] </args>
      <args> y[7] y[23] </args>
      <args> y[7] y[24] </args>
      <args> y[7] y[25] </args>
      <args> y[7] y[26] </args>
      <args> y[7] y[27] </args>
      <args> y[7] y[28] </args>
      <args> y[7] y[29] </args>
      <args> y[7] y[30] </args>
      <args> y[7] y[31] </args>
      <args> y[7] y[32] </args>
      <args> y[8] y[10] </args>
      <args> y[8] y[11] </args>
      <args> y[8] y[12] </args>
      <args> y[8] y[13] </args>
      <args> y[8] y[14] </args>
      <args> y[8] y[15] </args>
      <args> y[8] y[16] </args>
      <args> y[8] y[17] </args>
      <args> y[8] y[18] </args>
      <args> y[8] y[19] </args>
      <args> y[8] y[20] </args>
      <args> y[8] y[21] </args>
      <args> y[8] y[22] </args>
      <args> y[8] y[23] </args>
      <args> y[8] y[24] </args>
      <args> y[8] y[25] </args>
      <args> y[8] y[26] </args>
      <args> y[8] y[27] </args>
      <args> y[8] y[28] </args>
      <args> y[8] y[29] </args>
      <args> y[8] y[30] </args>
      <args> y[8] y[31] </args>
      <args> y[8] y[32] </args>
      <args> y[9] y[11] </args>
      <args> y[9] y[12] </args>
      <args> y[9] y[13] </args>
      <args> y[9] y[14] </args>
      <args> y[9] y[15] </args>
      <args> y[9] y[16] </args>
      <args> y[9] y[17] </args>
      <args> y[9] y[18] </args>
      <args> y[9] y[19] </args>
      <args> y[9] y[20] </args>
      <args> y[9] y[21] </args>
      <args> y[9] y[22] </args>
      <args> y[9] y[23] </args>
      <args> y[9] y[24] </args>
      <args> y[9] y[25] </args>
      <args> y[9] y[26] </args>
      <args> y[9] y[27] </args>
      <args> y[9] y[28] </args>
      <args> y[9] y[29] </args>
      <args> y[9] y[30] </args>
      <args> y[9] y[31] </args>
      <args> y[9] y[32] </args>
      <args> y[10] y[12] </args>
      <args> y[10] y[13] </args>
      <args> y[10] y[14] </args>
      <args> y[10] y[15] </args>
      <args> y[10] y[16] </args>
      <args> y[10] y[17] </args>
      <args> y[10] y[18] </args>
      <args> y[10] y[19] </args>
      <args> y[10] y[20] </args>
      <args> y[10] y[21] </args>
      <args> y[10] y[22] </args>
      <args> y[10] y[23] </args>
      <args> y[10] y[24] </args>
      <args> y[10] y[25] </args>
      <args> y[10] y[26] </args>
      <args> y[10] y[27] </args>
      <args> y[10] y[28] </args>
      <args> y[10] y[29] </args>
      <args> y[10] y[30] </args>
      <args> y[10] y[31] </args>
      <args> y[10] y[32] </args>
      <args> y[11] y[13] </args>
      <args> y[11] y[14] </args>
      <args> y[11] y[15] </args>
      <args> y[11] y[16] </args>
      <args> y[11] y[17] </args>
      <args> y[11] y[18] </args>
      <args> y[11] y[19] </args>
      <args> y[11] y[20] </args>
      <args> y[11] y[21] </args>
      <args> y[11] y[22] </args>
      <args> y[11] y[23] </args>
      <args> y[11] y[24] </args>
      <args> y[11] y[25] </args>
      <args> y[11] y[26] </args>
      <args> y[11] y[27] </args>
      <args> y[11] y[28] </args>
      <args> y[11] y[29] </args>
      <args> y[11] y[30] </args>
      <args> y[11] y[31] </args>
      <args> y[11] y[32] </args>
      <args> y[12] y[14] </args>
      <args> y[12] y[15] </args>
      <args> y[12] y[16] </args>
      <args> y[12] y[17] </args>
      <args> y[12] y[18] </args>
      <args> y[12] y[19] </args>
      <args> y[12] y[20] </args>
      <args> y[12] y[21] </args>
      <args> y[12] y[22] </args>
      <args> y[12] y[23] </args>
      <args> y[12] y[24] </args>
      <args> y[12] y[25] </args>
      <args> y[12] y[26] </args>
      <args> y[12] y[27] </args>
      <args> y[12] y[28] </args>
      <args> y[12] y[29] </args>
      <args> y[12] y[30] </args>
      <args> y[12] y[31] </args>
      <args> y[12] y[32] </args>
      <args> y[13] y[15] </args>
      <args> y[13] y[16] </args>
      <args> y[13] y[17] </args>
      <args> y[13] y[18] </args>
      <args> y[13] y[19] </args>
      <args> y[13] y[20] </args>
      <args> y[13] y[21] </args>
      <args> y[13] y[22] </args>
      <args> y[13] y[23] </args>
      <args> y[13] y[24] </args>
      <args> y[13] y[25] </args>
      <args> y[13] y[26] </args>
      <args> y[13] y[27] </args>
      <args> y[13] y[28] </args>
      <args> y[13] y[29] </args>
      <args> y[13] y[30] </args>
      <args> y[13] y[31] </args>
      <args> y[13] y[32] </args>
      <args> y[14] y[16] </args>
      <args> y[14] y[17] </args>
      <args> y[14] y[18] </args>
      <args> y[14] y[19] </args>
      <args> y[14] y[20] </args>
      <args> y[14] y[21] </args>
      <args> y[14] y[22] </args>
      <args> y[14] y[23] </args>
      <args> y[14] y[24] </args>
      <args> y[14] y[25] </args>
      <args> y[14] y[26] </args>
      <args> y[14] y[27] </args>
      <args> y[14] y[28] </args>
      <args> y[14] y[29] </args>
      <args> y[14] y[30] </args>
      <args> y[14] y[31] </args>
      <args> y[14] y[32] </args>
      <args> y[15] y[17] </args>
      <args> y[15] y[18] </args>
      <args> y[15] y[19] </args>
      <args> y[15] y[20] </args>
      <args> y[15] y[21] </args>
      <args> y[15] y[22] </args>
      <args> y[15] y[23] </args>
      <args> y[15] y[24] </args>
      <args> y[15] y[25] </args>
      <args> y[15] y[26] </args>
      <args> y[15] y[27] </args>
      <args> y[15] y[28] </args>
      <args> y[15] y[29] </args>
      <args> y[15] y[30] </args>
      <args> y[15] y[31] </args>
      <args> y[15] y[32] </args>
      <args> y[16] y[18] </args>
      <args> y[16] y[19] </args>
      <args> y[16] y[20] </args>
      <args> y[16] y[21] </args>
      <args> y[16] y[22] </args>
      <args> y[16] y[23] </args>
      <args> y[16] y[24] </args>
      <args> y[16] y[25] </args>
      <args> y[16] y[26] </args>
      <args> y[16] y[27] </args>
      <args> y[16] y[28] </args>
      <args> y[16] y[29] </args>
      <args> y[16] y[30] </args>
      <args> y[16] y[31] </args>
      <args> y[16] y[32] </args>
      <args> y[17] y[19] </args>
      <args> y[17] y[20] </args>
      <args> y[17] y[21] </args>
      <args> y[17] y[22] </args>
      <args> y[17] y[23] </args>
      <args> y[17] y[24] </args>
      <args> y[17] y[25] </args>
      <args> y[17] y[26] </args>
      <args> y[17] y[27] </args>
      <args> y[17] y[28] </args>
      <args> y[17] y[29] </args>
      <args> y[17] y[30] </args>
      <args> y[17] y[31] </args>
      <args> y[17] y[32] </args>
      <args> y[18] y[20] </args>
      <args> y[18] y[21] </args>
      <args> y[18] y[22] </args>
      <args> y[18] y[23] </args>
      <args> y[18] y[24] </args>
      <args> y[18] y[25] </args>
      <args> y[18] y[26] </args>
      <args> y[18] y[27] </args>
      <args> y[18] y[28] </args>
      <args> y[18] y[29] </args>
      <args> y[18] y[30] </args>
      <args> y[18] y[31] </args>
      <args> y[18] y[32] </args>
      <args> y[19] y[21] </args>
      <args> y[19] y[22] </args>
      <args> y[19] y[23] </args>
      <args> y[19] y[24] </args>
      <args> y[19] y[25] </args>
      <args> y[19] y[26] </args>
      <args> y[19] y[27] </args>
      <args> y[19] y[28] </args>
      <args> y[19] y[29] </args>
      <args> y[19] y[30] </args>
      <args> y[19] y[31] </args>
      <args> y[19] y[32] </args>
      <args> y[20] y[22] </args>
      <args> y[20] y[23] </args>
      <args> y[20] y[24] </args>
      <args> y[20] y[25] </args>
      <args> y[20] y[26] </args>
      <args> y[20] y[27] </args>
      <args> y[20] y[28] </args>
      <args> y[20] y[29] </args>
      <args> y[20] y[30] </args>
      <args> y[20] y[31] </args>
      <args> y[20] y[32] </args>
      <args> y[21] y[23] </args>
      <args> y[21] y[24] </args>
      <args> y[21] y[25] </args>
      <args> y[21] y[26] </args>
      <args> y[21] y[27] </args>
      <args> y[21] y[28] </args>
      <args> y[21] y[29] </args>
      <args> y[21] y[30] </args>
      <args> y[21] y[31] </args>
      <args> y[21] y[32] </args>
      <args> y[22] y[24] </args>
      <args> y[22] y[25] </args>
      <args> y[22] y[26] </args>
      <args> y[22] y[27] </args>
      <args> y[22] y[28] </args>
      <args> y[22] y[29] </args>
      <args> y[22] y[30] </args>
      <args> y[22] y[31] </args>
      <args> y[22] y[32] </args>
      <args> y[23] y[25] </args>
      <args> y[23] y[26] </args>
      <args> y[23] y[27] </args>
      <args> y[23] y[28] </args>
      <args> y[23] y[29] </args>
      <args> y[23] y[30] </args>
      <args> y[23] y[31] </args>
      <args> y[23] y[32] </args>
      <args> y[24] y[26] </args>
      <args> y[24] y[27] </args>
      <args> y[24] y[28] </args>
      <args> y[24] y[29] </args>
      <args> y[24] y[30] </args>
      <args> y[24] y[31] </args>
      <args> y[24] y[32] </args>
      <args> y[25] y[27] </args>
      <args> y[25] y[28] </args>
      <args> y[25] y[29] </args>
      <args> y[25] y[30] </args>
      <args> y[25] y[31] </args>
      <args> y[25] y[32] </args>
      <args> y[26] y[28] </args>
      <args> y[26] y[29] </args>
      <args> y[26] y[30] </args>
      <args> y[26] y[31] </args>
      <args> y[26] y[32] </args>
      <args> y[27] y[29] </args>
      <args> y[27] y[30] </args>
      <args> y[27] y[31] </args>
      <args> y[27] y[32] </args>
      <args> y[28] y[30] </args>
      <args> y[28] y[31] </args>
      <args> y[28] y[32] </args>
      <args> y[29] y[31] </args>
      <args> y[29] y[32] </args>
      <args> y[30] y[32] </args>
    </group>
    <group>
      <extension>
        <list> %0 %1 </list>
        <conflicts> (0,0)(1,1)(2,2)(3,3)(4,4)(5,5)(6,6)(7,7)(8,8) </conflicts>
      </extension>
      <args> x[0] y[0] </args>
      <args> x[0] y[1] </args>
      <args> x[0] y[2] </args>
      <args> x[0] y[3] </args>
      <args> x[0] y[4] </args>
      <args> x[0] y[5] </args>
      <args> x[0] y[6] </args>
      <args> x[0] y[7] </args>
      <args> x[0] y[8] </args>
      <args> x[0] y[9] </args>
      <args> x[0] y[10] </args>
      <args> x[0] y[11] </args>
      <args> x[0] y[12] </args>
      <args> x[0] y[13] </args>
      <args> x[0] y[14] </args>
      <args> x[0] y[15] </args>
      <args> x[0] y[16] </args>
      <args> x[0] y[17] </args>
      <args> x[0] y[18] </args>
      <args> x[0] y[19] </args>
      <args> x[0] y[20] </args>
      <args> x[0] y[21] </args>
      <args> x[0] y[22] </args>
      <args> x[0] y[23] </args>
      <args> x[0] y[24] </args>
      <args> x[0] y[25] </args>
      <args> x[0] y[26] </args>
      <args> x[0] y[27] </args>
      <args> x[0] y[28] </args>
      <args> x[0] y[29] </args>
      <args> x[0] y[30] </args>
      <args> x[0] y[31] </args>
      <args> x[0] y[32] </args>
    </group>
    <group>
      <extension>
        <list> %0 %1 </list>
        <conflicts> (0,9)(1,10)(2,11)(3,12)(4,13)(5,14)(6,15)(7,16)(8,17) </conflicts>
      </extension>
      <args> x[1] y[0] </args>
      <args> x[1] y[1] </args>
      <args> x[1] y[2] </args>
      <args> x[1] y[3] </args>
      <args> x[1] y[4] </args>
      <args> x[1] y[5] </args>
      <args> x[1] y[6] </args>
      <args> x[1] y[7] </args>
      <args> x[1] y[8] </args>
      <args> x[1] y[9] </args>
      <args> x[1] y[10] </args>
      <args> x[1] y[11] </args>
      <args> x[1] y[12] </args>
      <args> x[1] y[13] </args>
      <args> x[1] y[14] </args>
      <args> x[1] y[15] </args>
      <args> x[1] y[16] </args>
      <args> x[1] y[17] </args>
      <args> x[1] y[18] </args>
      <args> x[1] y[19] </args>
      <args> x[1] y[20] </args>
      <args> x[1] y[21] </args>
      <args> x[1] y[22] </args>
      <args> x[1] y[23] </args>
      <args> x[1] y[24] </args>
      <args> x[1] y[25] </args>
      <args> x[1] y[26] </args>
      <args> x[1] y[27] </args>
      <args> x[1] y[28] </args>
      <args> x[1] y[29] </args>
      <args> x[1] y[30] </args>
      <args> x[1] y[31] </args>
      <args> x[1] y[32] </args>
    </group>
    <group>
      <extension>
        <list> %0 %1 </list>
        <conflicts> (0,18)(1,19)(2,20)(3,21)(4,22)(5,23)(6,24)(7,25)(8,26) </conflicts>
      </extension>
      <args> x[2] y[0] </args>
      <args> x[2] y[1] </args>
      <args> x[2] y[2] </args>
      <args> x[2] y[3] </args>
      <args> x[2] y[4] </args>
      <args> x[2] y[5] </args>
      <args> x[2] y[6] </args>
      <args> x[2] y[7] </args>
      <args> x[2] y[8] </args>
      <args> x[2] y[9] </args>
      <args> x[2] y[10] </args>
      <args> x[2] y[11] </args>
      <args> x[2] y[12] </args>
      <args> x[2] y[13] </args>
      <args> x[2] y[14] </args>
      <args> x[2] y[15] </args>
      <args> x[2] y[16] </args>
      <args> x[2] y[17] </args>
      <args> x[2] y[18] </args>
      <args> x[2] y[19] </args>
      <args> x[2] y[20] </args>
      <args> x[2] y[21] </args>
      <args> x[2] y[22] </args>
      <args> x[2] y[23] </args>
      <args> x[2] y[24] </args>
      <args> x[2] y[25] </args>
      <args> x[2] y[26] </args>
      <args> x[2] y[27] </args>
      <args> x[2] y[28] </args>
      <args> x[2] y[29] </args>
      <args> x[2] y[30] </args>
      <args> x[2] y[31] </args>
      <args> x[2] y[32] </args>
    </group>
    <group>
      <extension>
        <list> %0 %1 </list>
        <conflicts> (0,27)(1,28)(2,29)(3,30)(4,31)(5,32)(6,33)(7,34)(8,35) </conflicts>
      </extension>
      <args> x[3] y[0] </args>
      <args> x[3] y[1] </args>
      <args> x[3] y[2] </args>
      <args> x[3] y[3] </args>
      <args> x[3] y[4] </args>
      <args> x[3] y[5] </args>
      <args> x[3] y[6] </args>
      <args> x[3] y[7] </args>
      <args> x[3] y[8] </args>
      <args> x[3] y[9] </args>
      <args> x[3] y[10] </args>
      <args> x[3] y[11] </args>
      <args> x[3] y[12] </args>
      <args> x[3] y[13] </args>
      <args> x[3] y[14] </args>
      <args> x[3] y[15] </args>
      <args> x[3] y[16] </args>
      <args> x[3] y[17] </args>
      <args> x[3] y[18] </args>
      <args> x[3] y[19] </args>
      <args> x[3] y[20] </args>
      <args> x[3] y[21] </args>
      <args> x[3] y[22] </args>
      <args> x[3] y[23] </args>
      <args> x[3] y[24] </args>
      <args> x[3] y[25] </args>
      <args> x[3] y[26] </args>
      <args> x[3] y[27] </args>
      <args> x[3] y[28] </args>
      <args> x[3] y[29] </args>
      <args> x[3] y[30] </args>
      <args> x[3] y[31] </args>
      <args> x[3] y[32] </args>
    </group>
    <group>
      <extension>
        <list> %0 %1 </list>
        <conflicts> (0,36)(1,37)(2,38)(3,39)(4,40)(5,41)(6,42)(7,43)(8,44) </conflicts>
      </extension>
      <args> x[4] y[0] </args>
      <args> x[4] y[1] </args>
      <args> x[4] y[2] </args>
      <args> x[4] y[3] </args>
      <args> x[4] y[4] </args>
      <args> x[4] y[5] </args>
      <args> x[4] y[6] </args>
      <args> x[4] y[7] </args>
      <args> x[4] y[8] </args>
      <args> x[4] y[9] </args>
      <args> x[4] y[10] </args>
      <args> x[4] y[11] </args>
      <args> x[4] y[12] </args>
      <args> x[4] y[13] </args>
      <args> x[4] y[14] </args>
      <args> x[4] y[15] </args>
      <args> x[4] y[16] </args>
      <args> x[4] y[17] </args>
      <args> x[4] y[18] </args>
      <args> x[4] y[19] </args>
      <args> x[4] y[20] </args>
      <args> x[4] y[21] </args>
      <args> x[4] y[22] </args>
      <args> x[4] y[23] </args>
      <args> x[4] y[24] </args>
      <args> x[4] y[25] </args>
      <args> x[4] y[26] </args>
      <args> x[4] y[27] </args>
      <args> x[4] y[28] </args>
      <args> x[4] y[29] </args>
      <args> x[4] y[30] </args>
      <args> x[4] y[31] </args>
      <args> x[4] y[32] </args>
    </group>
    <group>
      <extension>
        <list> %0 %1 </list>
        <conflicts> (0,45)(1,46)(2,47)(3,48)(4,49)(5,50)(6,51)(7,52)(8,53) </conflicts>
      </extension>
      <args> x[5] y[0] </args>
      <args> x[5] y[1] </args>
      <args> x[5] y[2] </args>
      <args> x[5] y[3] </args>
      <args> x[5] y[4] </args>
      <args> x[5] y[5] </args>
      <args> x[5] y[6] </args>
      <args> x[5] y[7] </args>
      <args> x[5] y[8] </args>
      <args> x[5] y[9] </args>
      <args> x[5] y[10] </args>
      <args> x[5] y[11] </args>
      <args> x[5] y[12] </args>
      <args> x[5] y[13] </args>
      <args> x[5] y[14] </args>
      <args> x[5] y[15] </args>
      <args> x[5] y[16] </args>
      <args> x[5] y[17] </args>
      <args> x[5] y[18] </args>
      <args> x[5] y[19] </args>
      <args> x[5] y[20] </args>
      <args> x[5] y[21] </args>
      <args> x[5] y[22] </args>
      <args> x[5] y[23] </args>
      <args> x[5] y[24] </args>
      <args> x[5] y[25] </args>
      <args> x[5] y[26] </args>
      <args> x[5] y[27] </args>
      <args> x[5] y[28] </args>
      <args> x[5] y[29] </args>
      <args> x[5] y[30] </args>
      <args> x[5] y[31] </args>
      <args> x[5] y[32] </args>
    </group>
    <group>
      <extension>
        <list> %0 %1 </list>
        <conflicts> (0,54)(1,55)(2,56)(3,57)(4,58)(5,59)(6,60)(7,61)(8,62) </conflicts>
      </extension>
      <args> x[6] y[0] </args>
      <args> x[6] y[1] </args>
      <args> x[6] y[2] </args>
      <args> x[6] y[3] </args>
      <args> x[6] y[4] </args>
      <args> x[6] y[5] </args>
      <args> x[6] y[6] </args>
      <args> x[6] y[7] </args>
      <args> x[6] y[8] </args>
      <args> x[6] y[9] </args>
      <args> x[6] y[10] </args>
      <args> x[6] y[11] </args>
      <args> x[6] y[12] </args>
      <args> x[6] y[13] </args>
      <args> x[6] y[14] </args>
      <args> x[6] y[15] </args>
      <args> x[6] y[16] </args>
      <args> x[6] y[17] </args>
      <args> x[6] y[18] </args>
      <args> x[6] y[19] </args>
      <args> x[6] y[20] </args>
      <args> x[6] y[21] </args>
      <args> x[6] y[22] </args>
      <args> x[6] y[23] </args>
      <args> x[6] y[24] </args>
      <args> x[6] y[25] </args>
      <args> x[6] y[26] </args>
      <args> x[6] y[27] </args>
      <args> x[6] y[28] </args>
      <args> x[6] y[29] </args>
      <args> x[6] y[30] </args>
      <args> x[6] y[31] </args>
      <args> x[6] y[32] </args>
    </group>
    <group>
      <extension>
        <list> %0 %1 </list>
        <conflicts> (0,63)(1,64)(2,65)(3,66)(4,67)(5,68)(6,69)(7,70)(8,71) </conflicts>
      </extension>
      <args> x[7] y[0] </args>
      <args> x[7] y[1] </args>
      <args> x[7] y[2] </args>
      <args> x[7] y[3] </args>
      <args> x[7] y[4] </args>
      <args> x[7] y[5] </args>
      <args> x[7] y[6] </args>
      <args> x[7] y[7] </args>
      <args> x[7] y[8] </args>
      <args> x[7] y[9] </args>
      <args> x[7] y[10] </args>
      <args> x[7] y[11] </args>
      <args> x[7] y[12] </args>
      <args> x[7] y[13] </args>
      <args> x[7] y[14] </args>
      <args> x[7] y[15] </args>
      <args> x[7] y[16] </args>
      <args> x[7] y[17] </args>
      <args> x[7] y[18] </args>
      <args> x[7] y[19] </args>
      <args> x[7] y[20] </args>
      <args> x[7] y[21] </args>
      <args> x[7] y[22] </args>
      <args> x[7] y[23] </args>
      <args> x[7] y[24] </args>
      <args> x[7] y[25] </args>
      <args> x[7] y[26] </args>
      <args> x[7] y[27] </args>
      <args> x[7] y[28] </args>
      <args> x[7] y[29] </args>
      <args> x[7] y[30] </args>
      <args> x[7] y[31] </args>
      <args> x[7] y[32] </args>
    </group>
    <group>
      <extension>
        <list> %0 %1 </list>
        <conflicts> (0,72)(1,73)(2,74)(3,75)(4,76)(5,77)(6,78)(7,79)(8,80) </conflicts>
      </extension>
      <args> x[8] y[0] </args>
      <args> x[8] y[1] </args>
      <args> x[8] y[2] </args>
      <args> x[8] y[3] </args>
      <args> x[8] y[4] </args>
      <args> x[8] y[5] </args>
      <args> x[8] y[6] </args>
      <args> x[8] y[7] </args>
      <args> x[8] y[8] </args>
      <args> x[8] y[9] </args>
      <args> x[8] y[10] </args>
      <args> x[8] y[11] </args>
      <args> x[8] y[12] </args>
      <args> x[8] y[13] </args>
      <args> x[8] y[14] </args>
      <args> x[8] y[15] </args>
      <args> x[8] y[16] </args>
      <args> x[8] y[17] </args>
      <args> x[8] y[18] </args>
      <args> x[8] y[19] </args>
      <args> x[8] y[20] </args>
      <args> x[8] y[21] </args>
      <args> x[8] y[22] </args>
      <args> x[8] y[23] </args>
      <args> x[8] y[24] </args>
      <args> x[8] y[25] </args>
      <args> x[8] y[26] </args>
      <args> x[8] y[27] </args>
      <args> x[8] y[28] </args>
      <args> x[8] y[29] </args>
      <args> x[8] y[30] </args>
      <args> x[8] y[31] </args>
      <args> x[8] y[32] </args>
    </group>
  </constraints>
</instance>
