<instance format="XCSP3" type="CSP">
  <variables>
    <array id="x" size="[40]"> 0..10 </array>
  </variables>
  <constraints>
    <extension>
      <list> x[0..1] </list>
      <conflicts> (0,0)(0,8)(1,0)(1,3)(1,8)(2,1)(2,3)(2,7)(2,9)(3,3)(3,5)(3,8)(3,9)(4,2)(4,3)(4,7)(5,0)(5,6)(6,8)(7,4)(7,7)(8,2)(8,3)(9,2)(9,8)(9,10)(10,4)(10,5)(10,9) </conflicts>
    </extension>
    <extension>
      <list> x[0] x[4] </list>
      <conflicts> (0,0)(0,7)(0,8)(1,1)(1,6)(2,3)(2,7)(2,10)(3,7)(3,8)(3,10)(4,2)(4,9)(4,10)(5,4)(5,9)(5,10)(7,3)(7,6)(8,4)(8,8)(10,0)(10,3)(10,8)(10,9)(10,10) </conflicts>
    </extension>
    <extension>
      <list> x[0] x[6] </list>
      <conflicts> (0,5)(1,9)(2,8)(3,0)(3,3)(4,1)(4,8)(4,10)(5,3)(5,7)(5,9)(6,3)(6,9)(7,2)(7,6)(8,10)(9,2)(9,4)(9,9)(10,4)(10,10) </conflicts>
    </extension>
    <extension>
      <list> x[0] x[7] </list>
      <conflicts> (1,4)(1,5)(1,6)(1,10)(2,1)(2,6)(2,7)(4,0)(4,3)(4,10)(5,4)(5,6)(6,7)(9,8)(9,10)(10,0)(10,1)(10,5)(10,7) </conflicts>
    </extension>
    <extension>
      <list> x[0] x[8] </list>
      <conflicts> (0,2)(1,2)(1,3)(3,1)(3,3)(3,9)(4,0)(4,2)(4,3)(5,5)(6,1)(6,5)(6,10)(7,5)(9,0)(9,1)(9,2)(9,8) </conflicts>
    </extension>
    <extension>
      <list> x[0] x[10] </list>
      <conflicts> (0,9)(0,10)(1,5)(1,8)(2,4)(2,5)(3,4)(4,1)(4,2)(4,10)(5,1)(5,2)(5,3)(5,7)(5,9)(6,6)(7,4)(7,6)(8,4)(9,2)(9,6)(9,8)(10,0)(10,4)(10,5)(10,6) </conflicts>
    </extension>
    <extension>
      <list> x[0] x[11] </list>
      <conflicts> (0,0)(0,3)(2,1)(2,8)(3,0)(3,4)(3,7)(4,6)(5,3)(5,10)(6,4)(6,5)(6,7)(7,5)(7,7)(8,0)(9,3)(9,10)(10,1)(10,6)(10,7) </conflicts>
    </extension>
    <extension>
      <list> x[0] x[13] </list>
      <conflicts> (0,7)(0,8)(1,0)(1,4)(1,8)(3,4)(3,6)(4,1)(4,4)(4,5)(5,0)(5,4)(6,2)(6,5)(7,4)(7,7)(7,9)(8,5)(8,8)(8,10)(10,1) </conflicts>
    </extension>
    <extension>
      <list> x[0] x[14] </list>
      <conflicts> (0,1)(0,8)(1,1)(1,2)(1,4)(1,6)(2,9)(3,3)(4,7)(5,1)(5,4)(5,7)(6,10)(7,0)(7,4)(7,5)(7,6)(7,9)(7,10)(8,8)(10,0)(10,3)(10,5) </conflicts>
    </extension>
    <extension>
      <list> x[0] x[15] </list>
      <conflicts> (0,8)(1,5)(1,7)(2,1)(2,5)(3,1)(3,6)(3,9)(4,6)(4,9)(5,0)(5,8)(5,9)(6,7)(6,8)(6,10)(7,0)(7,2)(7,4)(7,10)(8,5)(8,7)(8,9)(9,2)(9,3)(9,4)(9,8)(10,5)(10,10) </conflicts>
    </extension>
    <extension>
      <list> x[0] x[16] </list>
      <conflicts> (0,9)(1,0)(1,6)(1,7)(2,3)(3,2)(3,3)(4,2)(4,8)(5,5)(6,6)(7,0)(8,9)(9,8)(9,9)(10,3) </conflicts>
    </extension>
    <extension>
      <list> x[0] x[17] </list>
      <conflicts> (0,1)(0,5)(0,9)(0,10)(1,0)(1,4)(2,1)(3,1)(3,3)(3,6)(4,8)(5,0)(5,2)(5,4)(5,7)(6,4)(6,5)(6,8)(7,2)(7,3)(7,5)(7,8)(8,1)(8,9)(9,0)(9,5)(9,8)(9,9)(10,1)(10,4) </conflicts>
    </extension>
    <extension>
      <list> x[0] x[18] </list>
      <conflicts> (0,0)(0,2)(1,0)(1,1)(2,6)(2,7)(3,3)(3,9)(4,8)(5,0)(5,1)(5,2)(5,5)(6,3)(7,0)(7,1)(7,7)(8,4)(8,5)(8,8)(9,2)(10,4)(10,7) </conflicts>
    </extension>
    <extension>
      <list> x[0] x[21] </list>
      <conflicts> (0,4)(0,6)(1,5)(1,10)(2,0)(2,5)(2,7)(2,8)(3,0)(3,3)(3,5)(3,6)(4,2)(5,1)(5,2)(5,9)(6,0)(6,3)(6,4)(6,8)(7,0)(7,2)(7,6)(8,9)(9,3)(9,9)(10,2) </conflicts>
    </extension>
    <extension>
      <list> x[0] x[22] </list>
      <conflicts> (0,1)(0,3)(0,4)(1,9)(1,10)(2,1)(4,3)(4,8)(5,2)(5,4)(5,6)(5,9)(6,1)(6,4)(6,5)(6,6)(6,8)(7,0)(7,3)(7,6)(7,7)(7,10)(8,0)(9,0)(9,1)(9,7)(10,4)(10,5)(10,10) </conflicts>
    </extension>
    <extension>
      <list> x[0] x[24] </list>
      <conflicts> (1,6)(3,0)(3,3)(3,5)(5,1)(5,2)(5,9)(6,2)(6,5)(6,8)(6,9)(7,8)(9,2)(9,10)(10,7) </conflicts>
    </extension>
    <extension>
      <list> x[0] x[26] </list>
      <conflicts> (0,3)(0,6)(0,9)(0,10)(1,2)(1,6)(2,3)(3,1)(3,3)(3,8)(4,5)(4,6)(4,7)(4,10)(5,5)(5,7)(6,0)(6,8)(7,1)(7,3)(8,4)(8,8)(9,1)(10,1)(10,8)(10,9) </conflicts>
    </extension>
    <extension>
      <list> x[0] x[27] </list>
      <conflicts> (0,1)(0,8)(0,9)(0,10)(1,1)(1,2)(1,10)(2,2)(3,0)(3,2)(3,4)(3,10)(4,5)(4,8)(5,1)(5,7)(6,2)(6,6)(6,9)(7,4)(7,8)(8,1)(8,4)(8,6)(8,8)(9,1)(9,7)(9,8)(10,8) </conflicts>
    </extension>
    <extension>
      <list> x[0] x[29] </list>
      <conflicts> (0,1)(0,6)(1,9)(2,2)(2,9)(4,3)(4,5)(4,7)(4,9)(5,10)(6,0)(6,9)(8,1)(8,7)(9,7)(9,9)(10,1)(10,4) </conflicts>
    </extension>
    <extension>
      <list> x[0] x[30] </list>
      <conflicts> (0,1)(0,6)(0,10)(2,1)(2,5)(2,9)(4,1)(4,7)(6,8)(7,4)(8,6)(9,5)(9,6)(9,10)(10,0) </conflicts>
    </extension>
    <extension>
      <list> x[0] x[32] </list>
      <conflicts> (0,2)(0,6)(0,7)(1,2)(1,5)(2,5)(2,6)(3,1)(3,9)(4,4)(5,5)(5,7)(5,10)(6,3)(6,7)(7,2)(8,3)(8,6)(8,8)(8,9)(9,0)(9,3)(9,9)(9,10)(10,7)(10,9) </conflicts>
    </extension>
    <extension>
      <list> x[0] x[36] </list>
      <conflicts> (0,0)(0,5)(0,6)(0,7)(0,9)(1,3)(2,0)(2,3)(2,6)(2,8)(3,2)(3,5)(4,2)(4,5)(5,2)(6,0)(6,3)(6,4)(6,9)(7,1)(7,4)(7,8)(7,9)(8,7)(8,9)(9,1)(9,4)(9,7)(10,4)(10,6) </conflicts>
    </extension>
    <extension>
      <list> x[0] x[37] </list>
      <conflicts> (0,2)(0,3)(0,7)(1,2)(2,3)(2,4)(2,6)(2,9)(4,0)(4,3)(4,6)(5,3)(5,6)(5,8)(6,0)(6,3)(6,5)(6,7)(7,0)(7,4)(7,6)(9,3)(10,5)(10,6)(10,8) </conflicts>
    </extension>
    <extension>
      <list> x[0] x[38] </list>
      <conflicts> (0,0)(0,7)(0,9)(1,1)(1,4)(1,9)(2,5)(3,4)(4,1)(4,7)(4,9)(5,1)(5,5)(6,1)(6,3)(6,7)(6,8)(7,1)(7,3)(7,7)(8,4)(8,9)(9,2)(9,9)(9,10)(10,1)(10,3)(10,5)(10,9) </conflicts>
    </extension>
    <extension>
      <list> x[1] x[4] </list>
      <conflicts> (0,7)(0,9)(1,6)(1,7)(1,9)(2,3)(2,7)(2,9)(3,1)(3,3)(3,5)(3,7)(3,10)(4,0)(4,8)(4,10)(5,4)(5,5)(6,3)(6,5)(7,2)(7,3)(7,10)(8,4)(9,4)(9,7)(10,2)(10,8)(10,9) </conflicts>
    </extension>
    <extension>
      <list> x[1] x[11] </list>
      <conflicts> (0,2)(0,3)(0,8)(0,9)(1,3)(1,4)(2,1)(2,2)(2,6)(2,9)(3,4)(4,0)(4,3)(4,4)(4,9)(5,8)(6,1)(7,2)(7,9)(8,3)(8,5)(8,9)(10,5)(10,6) </conflicts>
    </extension>
    <extension>
      <list> x[1] x[13] </list>
      <conflicts> (0,2)(0,6)(2,4)(2,5)(2,10)(3,2)(3,3)(3,7)(4,2)(4,4)(4,7)(4,9)(5,1)(5,2)(6,1)(6,4)(7,5)(9,3)(9,8)(9,9)(9,10)(10,1)(10,7) </conflicts>
    </extension>
    <extension>
      <list> x[1] x[14] </list>
      <conflicts> (0,7)(0,8)(0,10)(1,2)(1,3)(1,6)(1,9)(2,0)(2,2)(2,6)(2,9)(3,1)(3,2)(4,9)(5,8)(7,0)(7,1)(7,3)(7,7)(7,10)(8,1)(8,2)(8,4)(8,6)(8,8)(8,9)(9,1)(9,4)(9,6)(10,0)(10,5)(10,6) </conflicts>
    </extension>
    <extension>
      <list> x[1] x[18] </list>
      <conflicts> (0,5)(0,10)(1,4)(1,5)(1,8)(1,9)(1,10)(3,5)(4,1)(4,7)(4,8)(4,9)(5,2)(5,4)(6,6)(6,7)(7,0)(7,3)(7,6)(7,10)(8,1)(8,10)(9,0)(9,2)(9,4)(9,7)(10,9) </conflicts>
    </extension>
    <extension>
      <list> x[1] x[19] </list>
      <conflicts> (0,1)(0,3)(0,4)(0,5)(0,9)(1,0)(1,1)(1,2)(1,4)(1,5)(2,0)(2,2)(2,3)(2,4)(2,5)(3,1)(3,8)(3,9)(4,1)(4,3)(4,5)(4,9)(5,7)(5,10)(6,4)(6,10)(7,5)(7,7)(7,9)(10,0)(10,2)(10,3)(10,10) </conflicts>
    </extension>
    <extension>
      <list> x[1] x[24] </list>
      <conflicts> (0,3)(0,4)(0,5)(0,8)(1,6)(1,9)(2,0)(2,4)(2,7)(3,4)(3,7)(3,8)(4,0)(4,7)(5,2)(5,5)(5,7)(6,1)(6,2)(6,4)(7,3)(7,7)(8,0)(8,10)(9,1)(9,5)(9,8)(10,0)(10,5) </conflicts>
    </extension>
    <extension>
      <list> x[1] x[26] </list>
      <conflicts> (0,0)(0,4)(0,6)(0,9)(1,2)(1,5)(2,5)(3,4)(4,8)(5,4)(5,9)(6,1)(6,9)(7,10)(8,0)(8,3)(8,9)(8,10)(9,2)(10,2)(10,6)(10,10) </conflicts>
    </extension>
    <extension>
      <list> x[1] x[30] </list>
      <conflicts> (0,10)(2,3)(3,4)(4,2)(5,2)(6,0)(6,1)(6,5)(6,6)(6,8)(7,1)(7,4)(8,0)(8,1)(8,10)(9,0)(9,10)(10,1)(10,3) </conflicts>
    </extension>
    <extension>
      <list> x[1] x[32] </list>
      <conflicts> (0,2)(0,6)(0,8)(0,10)(1,0)(1,3)(1,4)(2,1)(2,7)(3,0)(3,1)(3,2)(3,3)(3,6)(3,10)(4,0)(4,6)(4,9)(5,2)(5,3)(6,1)(6,3)(6,6)(6,10)(10,2)(10,5)(10,6)(10,8) </conflicts>
    </extension>
    <extension>
      <list> x[1] x[35] </list>
      <conflicts> (0,0)(0,3)(1,4)(1,5)(2,0)(2,3)(2,8)(3,3)(3,5)(4,6)(4,9)(5,2)(5,5)(5,9)(6,4)(7,1)(7,2)(7,4)(7,8)(8,3)(8,4)(8,8)(9,1)(9,4)(9,5)(9,7)(10,0)(10,5)(10,7) </conflicts>
    </extension>
    <extension>
      <list> x[1] x[37] </list>
      <conflicts> (0,4)(1,0)(1,1)(1,9)(1,10)(2,4)(3,8)(4,1)(5,4)(5,5)(5,10)(7,1)(7,5)(7,7)(8,0)(8,3)(8,4)(8,8)(8,9)(9,4)(9,10)(10,0)(10,6) </conflicts>
    </extension>
    <extension>
      <list> x[1] x[38] </list>
      <conflicts> (0,8)(0,10)(1,0)(1,2)(1,5)(1,7)(1,8)(2,1)(2,3)(2,4)(3,7)(4,5)(5,7)(5,8)(6,3)(6,4)(7,0)(7,6)(8,6)(9,3)(10,3)(10,7) </conflicts>
    </extension>
    <extension>
      <list> x[1] x[39] </list>
      <conflicts> (0,1)(0,7)(1,3)(2,4)(2,5)(3,3)(3,9)(4,0)(4,1)(4,3)(5,2)(5,3)(6,2)(6,5)(6,7)(7,5)(7,10)(8,4)(8,8)(8,9)(9,0)(9,7)(10,0)(10,2)(10,3)(10,9) </conflicts>
    </extension>
    <extension>
      <list> x[2] x[4] </list>
      <conflicts> (0,8)(1,7)(2,0)(2,2)(2,4)(2,8)(2,10)(4,4)(4,6)(4,8)(5,1)(6,2)(6,3)(6,5)(6,7)(6,9)(7,3)(7,6)(7,7)(8,2)(8,9)(8,10)(9,0)(9,6) </conflicts>
    </extension>
    <extension>
      <list> x[2] x[5] </list>
      <conflicts> (1,3)(1,6)(2,0)(3,0)(3,4)(3,5)(4,9)(5,6)(5,8)(5,9)(5,10)(6,0)(6,9)(7,0)(7,9)(7,10)(8,6)(8,8)(9,3)(9,7)(9,10)(10,0)(10,5) </conflicts>
    </extension>
    <extension>
      <list> x[2] x[6] </list>
      <conflicts> (0,9)(0,10)(1,9)(2,4)(2,10)(3,9)(5,3)(5,6)(5,8)(6,9)(6,10)(7,1)(7,9)(8,7)(8,8)(9,1)(9,2)(9,3)(10,3)(10,10) </conflicts>
    </extension>
    <extension>
      <list> x[2] x[8] </list>
      <conflicts> (1,1)(1,4)(1,7)(1,8)(2,1)(2,4)(4,5)(5,0)(5,2)(5,4)(5,6)(5,9)(5,10)(7,2)(7,3)(8,7)(9,3)(10,4)(10,5)(10,6)(10,9) </conflicts>
    </extension>
    <extension>
      <list> x[2] x[9] </list>
      <conflicts> (1,2)(1,3)(1,5)(2,5)(2,7)(3,0)(3,5)(3,9)(4,1)(4,2)(4,4)(4,8)(4,9)(6,6)(6,8)(7,5)(8,2)(8,7)(8,10)(9,7)(10,8) </conflicts>
    </extension>
    <extension>
      <list> x[2] x[10] </list>
      <conflicts> (0,1)(0,3)(0,8)(1,7)(1,8)(1,9)(1,10)(2,1)(3,1)(3,9)(4,1)(4,9)(5,2)(5,3)(5,5)(5,10)(6,2)(6,3)(6,7)(7,1)(7,9)(8,1)(9,8)(10,1)(10,2)(10,3)(10,6)(10,10) </conflicts>
    </extension>
    <extension>
      <list> x[2] x[11] </list>
      <conflicts> (0,1)(0,6)(0,8)(2,1)(4,0)(4,7)(4,9)(4,10)(5,5)(5,8)(7,1)(7,4)(7,7)(9,8)(10,3)(10,4)(10,5) </conflicts>
    </extension>
    <extension>
      <list> x[2] x[13] </list>
      <conflicts> (1,0)(1,1)(1,2)(1,4)(1,9)(1,10)(2,2)(2,3)(3,6)(3,7)(4,0)(4,3)(4,5)(4,6)(4,9)(5,1)(5,5)(5,6)(5,9)(6,2)(6,8)(7,0)(8,1)(8,2)(8,10)(9,0)(9,7)(9,8)(10,1) </conflicts>
    </extension>
    <extension>
      <list> x[2] x[22] </list>
      <conflicts> (0,2)(0,3)(0,4)(1,2)(1,7)(2,0)(2,8)(3,3)(4,5)(4,9)(5,5)(5,10)(6,3)(6,5)(6,10)(7,1)(7,4)(7,7)(8,0)(8,4)(8,6)(9,3)(9,4)(10,3)(10,6)(10,7) </conflicts>
    </extension>
    <extension>
      <list> x[2] x[26] </list>
      <conflicts> (0,1)(0,9)(1,5)(1,6)(2,2)(2,4)(2,5)(2,7)(2,10)(3,1)(3,9)(3,10)(4,3)(4,4)(5,8)(5,10)(7,3)(7,5)(7,6)(7,10)(8,1)(8,4) </conflicts>
    </extension>
    <extension>
      <list> x[2] x[28] </list>
      <conflicts> (0,1)(0,2)(0,3)(0,5)(0,6)(1,9)(1,10)(3,4)(3,8)(5,1)(5,8)(6,1)(6,9)(7,1)(8,0)(8,4)(8,9)(10,3) </conflicts>
    </extension>
    <extension>
      <list> x[2] x[29] </list>
      <conflicts> (0,0)(0,2)(0,3)(0,10)(1,1)(1,3)(1,6)(2,2)(2,6)(2,9)(3,3)(3,9)(4,0)(4,4)(4,5)(5,2)(5,5)(5,9)(6,1)(6,2)(6,5)(6,6)(6,7)(7,2)(7,5)(8,1)(8,6)(9,3)(9,4)(9,9)(10,4)(10,6)(10,8)(10,9) </conflicts>
    </extension>
    <extension>
      <list> x[2] x[30] </list>
      <conflicts> (0,1)(0,3)(0,7)(1,6)(2,0)(2,1)(2,2)(2,6)(2,8)(3,2)(4,2)(4,4)(4,10)(5,9)(6,3)(6,9)(6,10)(7,2)(7,3)(7,5)(8,4)(8,8)(8,9)(9,8) </conflicts>
    </extension>
    <extension>
      <list> x[2] x[31] </list>
      <conflicts> (0,0)(0,1)(0,3)(0,9)(0,10)(1,1)(1,3)(1,4)(1,8)(2,2)(2,10)(3,0)(3,1)(3,10)(4,3)(4,6)(5,3)(7,6)(7,7)(7,9)(8,2)(9,4)(10,6)(10,7) </conflicts>
    </extension>
    <extension>
      <list> x[2] x[32] </list>
      <conflicts> (0,0)(0,4)(0,5)(1,6)(2,4)(3,4)(3,7)(3,10)(4,8)(4,9)(6,4)(6,6)(7,7)(7,9)(8,4)(8,9)(9,4)(9,5)(9,9)(10,3)(10,7) </conflicts>
    </extension>
    <extension>
      <list> x[2] x[33] </list>
      <conflicts> (0,0)(0,9)(2,3)(2,5)(2,7)(2,10)(4,2)(5,0)(5,3)(5,5)(5,7)(6,6)(7,0)(7,3)(7,8)(8,0)(8,7)(9,5)(9,8)(10,2)(10,5)(10,8) </conflicts>
    </extension>
    <extension>
      <list> x[2] x[34] </list>
      <conflicts> (0,0)(0,1)(0,4)(0,5)(1,0)(1,1)(1,10)(2,0)(2,2)(2,9)(3,0)(4,7)(5,2)(6,10)(7,7)(8,0)(8,3)(8,6)(9,1)(9,3)(9,8)(10,3) </conflicts>
    </extension>
    <extension>
      <list> x[2] x[35] </list>
      <conflicts> (0,1)(0,4)(1,8)(1,10)(2,5)(2,6)(3,7)(3,9)(3,10)(4,9)(5,2)(5,5)(6,1)(6,5)(6,6)(7,2)(7,3)(7,4)(7,8)(7,9)(8,2)(8,9)(8,10)(9,2)(10,0)(10,7)(10,8)(10,10) </conflicts>
    </extension>
    <extension>
      <list> x[2] x[36] </list>
      <conflicts> (0,9)(1,7)(2,1)(3,1)(3,7)(4,9)(5,4)(5,8)(5,9)(6,2)(6,3)(6,6)(6,8)(7,0)(7,3)(7,7)(7,10)(8,0)(8,5)(8,8)(9,5)(9,9) </conflicts>
    </extension>
    <extension>
      <list> x[2] x[38] </list>
      <conflicts> (0,8)(0,9)(1,2)(1,7)(1,9)(3,0)(3,4)(3,6)(3,7)(3,8)(3,9)(4,3)(4,4)(4,10)(5,1)(5,7)(8,1)(9,9)(10,4)(10,8)(10,9) </conflicts>
    </extension>
    <extension>
      <list> x[2] x[39] </list>
      <conflicts> (0,6)(0,7)(0,8)(3,0)(3,8)(4,2)(4,8)(4,9)(6,1)(6,8)(7,7)(7,9)(8,6)(10,6) </conflicts>
    </extension>
    <extension>
      <list> x[3..4] </list>
      <conflicts> (0,4)(0,6)(0,9)(1,0)(2,3)(2,4)(3,5)(4,5)(4,9)(4,10)(5,3)(5,8)(6,1)(6,2)(6,10)(7,6)(7,9)(8,0)(8,5)(9,7)(10,9) </conflicts>
    </extension>
    <extension>
      <list> x[3] x[5] </list>
      <conflicts> (0,1)(0,5)(0,7)(1,7)(1,9)(2,4)(2,6)(2,7)(2,8)(2,9)(3,8)(3,10)(4,2)(4,4)(4,5)(5,2)(5,3)(5,4)(5,5)(5,7)(5,9)(6,7)(7,3)(7,4)(7,5)(7,6)(7,8)(8,8)(8,10)(9,0)(9,6)(10,10) </conflicts>
    </extension>
    <extension>
      <list> x[3] x[6] </list>
      <conflicts> (0,1)(0,3)(0,4)(1,0)(1,4)(1,6)(1,10)(2,2)(2,3)(2,5)(2,10)(4,1)(4,7)(5,0)(5,1)(5,4)(5,5)(5,10)(6,4)(6,5)(7,5)(8,3)(9,2)(9,8)(10,0)(10,1)(10,4) </conflicts>
    </extension>
    <extension>
      <list> x[3] x[7] </list>
      <conflicts> (0,10)(1,2)(1,5)(1,9)(2,0)(2,8)(4,3)(4,4)(5,1)(5,8)(6,0)(6,9)(7,4)(8,5)(9,1)(9,4)(10,9)(10,10) </conflicts>
    </extension>
    <extension>
      <list> x[3] x[9] </list>
      <conflicts> (0,6)(0,7)(1,0)(2,1)(2,3)(2,7)(3,4)(3,5)(4,0)(4,5)(4,6)(4,9)(5,2)(5,3)(5,5)(6,1)(6,3)(6,4)(6,7)(6,8)(6,10)(7,0)(7,1)(7,7)(8,0)(8,2)(9,5)(10,1)(10,3)(10,8) </conflicts>
    </extension>
    <extension>
      <list> x[3] x[11] </list>
      <conflicts> (0,1)(0,2)(0,7)(0,8)(0,9)(1,3)(1,6)(1,9)(2,4)(2,5)(2,7)(2,10)(3,3)(3,6)(4,4)(4,10)(5,5)(5,8)(5,9)(6,1)(6,3)(6,5)(6,9)(7,1)(7,3)(8,4)(8,5)(8,6)(8,7)(8,9)(9,10)(10,2)(10,4)(10,7) </conflicts>
    </extension>
    <extension>
      <list> x[3] x[12] </list>
      <conflicts> (1,1)(1,3)(1,9)(2,2)(2,3)(2,7)(2,8)(3,2)(4,0)(4,1)(4,6)(5,2)(5,4)(5,6)(5,10)(6,0)(6,2)(6,3)(6,9)(6,10)(7,0)(7,2)(7,6)(7,10)(8,6)(8,8)(9,3)(10,6)(10,9) </conflicts>
    </extension>
    <extension>
      <list> x[3] x[13] </list>
      <conflicts> (0,2)(0,6)(1,8)(2,5)(2,8)(3,5)(3,6)(4,5)(4,7)(5,0)(7,4)(7,5)(8,3)(8,9)(9,0)(9,2)(10,4)(10,6)(10,9)(10,10) </conflicts>
    </extension>
    <extension>
      <list> x[3] x[14] </list>
      <conflicts> (0,5)(0,8)(2,2)(2,4)(3,2)(3,4)(3,5)(4,1)(4,7)(4,8)(4,10)(6,1)(6,7)(6,9)(7,3)(7,4)(7,5)(7,7)(7,10)(8,0)(8,2)(8,5)(9,9)(10,5)(10,9)(10,10) </conflicts>
    </extension>
    <extension>
      <list> x[3] x[18] </list>
      <conflicts> (0,1)(1,7)(1,9)(2,0)(2,5)(2,7)(3,0)(3,5)(3,8)(4,1)(4,7)(4,9)(5,1)(5,3)(6,0)(6,1)(7,1)(7,5)(8,2)(8,3)(8,4)(8,6)(8,10)(9,0)(9,5)(10,2)(10,4)(10,7)(10,8) </conflicts>
    </extension>
    <extension>
      <list> x[3] x[20] </list>
      <conflicts> (0,5)(0,9)(1,0)(1,7)(2,0)(2,7)(2,8)(3,0)(3,1)(3,3)(3,4)(3,6)(5,10)(6,6)(6,10)(8,1)(8,2)(8,4)(8,7)(9,10)(10,6) </conflicts>
    </extension>
    <extension>
      <list> x[3] x[21] </list>
      <conflicts> (1,2)(1,10)(2,1)(2,3)(2,4)(2,5)(3,8)(4,1)(4,4)(4,8)(5,2)(5,4)(6,1)(6,2)(6,6)(6,9)(7,2)(7,3)(7,4)(7,6)(8,2)(8,4)(8,5)(8,7)(9,0)(9,7)(9,8)(10,1) </conflicts>
    </extension>
    <extension>
      <list> x[3] x[23] </list>
      <conflicts> (0,8)(1,1)(2,1)(2,3)(2,4)(3,0)(3,4)(4,3)(4,4)(4,6)(5,8)(6,6)(6,7)(7,0)(7,3)(7,7)(8,2)(8,7)(9,1)(9,3)(9,5)(9,6) </conflicts>
    </extension>
    <extension>
      <list> x[3] x[24] </list>
      <conflicts> (0,0)(0,6)(0,10)(1,5)(1,7)(2,1)(2,6)(2,8)(3,5)(3,6)(4,2)(5,0)(5,3)(5,5)(5,7)(6,2)(6,8)(7,3)(7,4)(8,0)(8,4)(9,5)(9,10)(10,0)(10,1)(10,7)(10,9) </conflicts>
    </extension>
    <extension>
      <list> x[3] x[26] </list>
      <conflicts> (0,1)(0,8)(1,2)(1,3)(2,6)(2,9)(2,10)(3,4)(5,2)(5,4)(5,9)(6,6)(7,3)(7,8)(7,10)(8,1)(8,7)(8,9)(10,2)(10,8) </conflicts>
    </extension>
    <extension>
      <list> x[3] x[28] </list>
      <conflicts> (0,6)(0,8)(1,4)(2,3)(2,6)(2,8)(3,3)(3,7)(4,3)(4,7)(4,9)(4,10)(5,7)(5,8)(5,9)(6,9)(7,3)(7,8)(7,10)(8,5)(9,0)(9,4)(9,9)(10,5)(10,7)(10,8)(10,9)(10,10) </conflicts>
    </extension>
    <extension>
      <list> x[3] x[30] </list>
      <conflicts> (0,3)(0,5)(0,6)(1,0)(1,1)(1,5)(1,8)(3,4)(4,7)(4,9)(4,10)(5,2)(5,3)(5,5)(6,6)(7,8)(7,10)(8,2)(8,6)(8,9)(9,6)(9,8)(10,10) </conflicts>
    </extension>
    <extension>
      <list> x[3] x[32] </list>
      <conflicts> (0,7)(1,9)(2,6)(2,10)(3,8)(3,9)(3,10)(4,0)(4,9)(5,2)(5,3)(5,10)(7,10)(8,0)(8,3)(9,1)(9,2)(9,3)(9,5)(9,7)(10,3)(10,4) </conflicts>
    </extension>
    <extension>
      <list> x[3] x[33] </list>
      <conflicts> (0,1)(1,4)(1,7)(1,9)(2,2)(2,5)(2,9)(3,0)(3,3)(3,5)(3,10)(4,2)(4,6)(4,10)(5,1)(5,4)(5,9)(6,4)(6,5)(7,0)(7,6)(8,2)(9,6)(9,10)(10,7)(10,9) </conflicts>
    </extension>
    <extension>
      <list> x[3] x[38] </list>
      <conflicts> (0,0)(0,5)(0,6)(0,7)(1,2)(1,7)(1,9)(2,2)(2,4)(2,5)(2,6)(2,7)(2,10)(3,0)(3,1)(3,2)(3,4)(3,9)(4,7)(4,8)(5,0)(5,3)(5,6)(5,9)(6,5)(6,9)(6,10)(7,3)(7,8)(8,4)(9,2)(9,4)(9,5)(10,0)(10,4) </conflicts>
    </extension>
    <extension>
      <list> x[3] x[39] </list>
      <conflicts> (0,1)(0,5)(0,7)(0,9)(1,2)(1,5)(2,1)(2,2)(2,6)(2,7)(2,10)(3,7)(3,10)(4,2)(4,8)(5,2)(5,5)(5,9)(6,3)(7,2)(7,9)(7,10)(8,1)(8,7)(8,8)(9,4)(9,6)(9,9) </conflicts>
    </extension>
    <extension>
      <list> x[4] x[6] </list>
      <conflicts> (0,7)(1,1)(2,0)(2,7)(3,0)(3,1)(3,4)(4,3)(4,6)(4,9)(5,3)(6,2)(6,4)(7,1)(8,6)(8,9)(9,4)(9,5)(9,7) </conflicts>
    </extension>
    <extension>
      <list> x[4] x[9] </list>
      <conflicts> (0,1)(0,4)(0,7)(1,3)(1,5)(1,7)(2,1)(2,2)(2,6)(2,8)(2,9)(2,10)(3,3)(3,4)(3,7)(4,2)(4,5)(4,6)(5,2)(5,10)(6,5)(7,2)(7,3)(8,3)(9,0)(9,1)(9,4)(9,7)(10,0)(10,4)(10,6)(10,9) </conflicts>
    </extension>
    <extension>
      <list> x[4] x[10] </list>
      <conflicts> (0,10)(1,1)(1,7)(2,10)(3,0)(3,4)(3,5)(4,6)(5,2)(5,8)(6,1)(6,2)(6,3)(6,10)(7,1)(7,4)(7,5)(7,8)(8,3)(9,1)(9,2)(10,4)(10,8) </conflicts>
    </extension>
    <extension>
      <list> x[4] x[11] </list>
      <conflicts> (0,0)(0,3)(0,4)(0,8)(1,4)(1,5)(1,6)(1,9)(2,0)(2,2)(3,6)(4,9)(5,6)(5,8)(5,9)(5,10)(6,1)(6,9)(7,2)(7,10)(8,0)(8,6)(8,9)(9,0)(9,3)(9,8)(10,3)(10,7)(10,10) </conflicts>
    </extension>
    <extension>
      <list> x[4] x[17] </list>
      <conflicts> (1,0)(1,6)(1,8)(2,0)(2,6)(2,9)(3,5)(3,7)(3,9)(4,3)(4,8)(6,3)(7,10)(8,7)(9,0)(9,1)(9,4)(9,6)(9,10) </conflicts>
    </extension>
    <extension>
      <list> x[4] x[18] </list>
      <conflicts> (0,3)(0,4)(0,6)(0,8)(1,5)(1,10)(2,1)(2,2)(2,3)(2,5)(2,9)(4,0)(4,8)(4,10)(5,1)(5,2)(5,4)(5,6)(5,7)(5,8)(6,6)(6,7)(7,0)(7,1)(7,5)(7,8)(9,1)(10,4) </conflicts>
    </extension>
    <extension>
      <list> x[4] x[20] </list>
      <conflicts> (0,4)(0,5)(0,8)(0,10)(1,1)(2,0)(2,1)(2,6)(2,7)(3,1)(3,6)(4,9)(5,1)(5,5)(5,8)(6,1)(6,3)(6,4)(6,10)(8,6)(9,0)(9,5)(9,6)(9,9)(10,0)(10,7)(10,8)(10,9) </conflicts>
    </extension>
    <extension>
      <list> x[4] x[23] </list>
      <conflicts> (1,1)(1,2)(1,4)(1,10)(2,0)(2,1)(2,2)(2,4)(3,2)(3,4)(3,8)(3,10)(4,1)(4,3)(4,5)(5,2)(5,3)(6,3)(6,4)(7,0)(7,2)(7,5)(7,8)(8,0)(8,4)(8,10)(9,4)(9,7)(10,4)(10,9)(10,10) </conflicts>
    </extension>
    <extension>
      <list> x[4] x[24] </list>
      <conflicts> (0,9)(1,0)(1,6)(1,10)(2,8)(3,8)(4,0)(4,6)(5,4)(5,5)(5,6)(5,9)(7,7)(7,10)(8,1)(8,2)(8,5)(8,6)(9,4)(10,1)(10,3)(10,7)(10,9) </conflicts>
    </extension>
    <extension>
      <list> x[4] x[25] </list>
      <conflicts> (0,9)(1,1)(2,3)(2,9)(3,9)(3,10)(4,1)(4,9)(5,3)(5,5)(5,6)(5,10)(6,0)(6,5)(6,9)(7,2)(7,5)(7,9)(8,2)(8,7)(8,10)(9,0)(9,4)(9,5)(9,6)(10,2)(10,7) </conflicts>
    </extension>
    <extension>
      <list> x[4] x[27] </list>
      <conflicts> (0,1)(1,0)(2,4)(2,6)(2,7)(4,0)(4,1)(4,7)(4,8)(5,7)(5,8)(7,7)(8,8)(10,0)(10,1)(10,5)(10,7)(10,8)(10,9) </conflicts>
    </extension>
    <extension>
      <list> x[4] x[28] </list>
      <conflicts> (0,10)(1,6)(1,7)(2,0)(2,2)(3,5)(3,6)(3,8)(4,10)(5,2)(5,3)(5,7)(6,1)(6,2)(6,4)(6,5)(6,6)(6,10)(7,6)(7,9)(8,2)(8,4)(8,5)(8,7)(8,8)(8,10)(9,1)(9,5)(10,0)(10,3)(10,8) </conflicts>
    </extension>
    <extension>
      <list> x[4] x[29] </list>
      <conflicts> (0,1)(0,4)(0,7)(1,0)(1,1)(1,2)(1,3)(2,2)(2,6)(2,8)(3,1)(3,5)(4,2)(4,3)(4,8)(5,6)(5,7)(5,8)(6,6)(6,7)(6,10)(7,2)(7,3)(7,5)(7,7)(7,8)(8,5)(8,10)(9,2)(9,3)(9,5)(10,3)(10,7)(10,8)(10,10) </conflicts>
    </extension>
    <extension>
      <list> x[4] x[30] </list>
      <conflicts> (0,1)(0,2)(0,7)(1,2)(2,2)(4,7)(4,8)(4,9)(5,0)(5,2)(5,3)(5,7)(6,0)(6,5)(6,6)(7,9)(8,2) </conflicts>
    </extension>
    <extension>
      <list> x[4] x[31] </list>
      <conflicts> (0,1)(0,4)(0,8)(1,2)(1,3)(1,4)(1,10)(2,0)(2,9)(3,0)(3,2)(3,6)(3,7)(4,10)(5,1)(5,2)(5,3)(6,1)(7,3)(7,7)(8,0)(8,9)(9,3)(9,7)(9,10)(10,0) </conflicts>
    </extension>
    <extension>
      <list> x[4] x[32] </list>
      <conflicts> (0,2)(0,4)(0,5)(0,8)(0,9)(0,10)(1,4)(1,8)(1,9)(2,4)(2,6)(2,8)(4,3)(4,4)(4,5)(5,0)(5,3)(5,5)(5,8)(6,2)(6,7)(6,9)(7,7)(8,5)(9,8) </conflicts>
    </extension>
    <extension>
      <list> x[4] x[35] </list>
      <conflicts> (0,3)(0,5)(0,7)(0,10)(1,5)(2,2)(2,6)(2,9)(3,5)(4,0)(4,2)(5,3)(5,6)(5,7)(6,3)(6,5)(6,10)(7,6)(8,3)(8,7)(8,8)(8,10)(9,4)(9,10)(10,5)(10,7) </conflicts>
    </extension>
    <extension>
      <list> x[4] x[38] </list>
      <conflicts> (0,1)(1,1)(1,3)(1,4)(1,8)(2,0)(2,1)(2,7)(2,9)(3,2)(3,4)(3,9)(4,0)(4,3)(4,4)(5,2)(5,3)(5,7)(5,10)(6,8)(7,3)(7,4)(7,7)(7,10)(8,5)(8,7)(9,1)(9,5)(10,1)(10,5) </conflicts>
    </extension>
    <extension>
      <list> x[5] x[7] </list>
      <conflicts> (0,7)(0,10)(1,2)(1,3)(1,8)(1,9)(2,1)(3,5)(3,6)(4,1)(4,5)(4,9)(5,5)(5,9)(5,10)(6,0)(6,6)(6,8)(7,1)(7,2)(7,4)(7,5)(9,2)(9,8)(10,0)(10,2)(10,9)(10,10) </conflicts>
    </extension>
    <extension>
      <list> x[5] x[8] </list>
      <conflicts> (0,7)(1,7)(2,10)(3,1)(3,7)(3,8)(6,8)(7,2)(7,3)(9,1)(9,4)(9,5)(10,1)(10,5)(10,7) </conflicts>
    </extension>
    <extension>
      <list> x[5] x[10] </list>
      <conflicts> (0,0)(0,3)(0,6)(2,1)(2,7)(4,4)(4,6)(5,2)(5,5)(5,9)(5,10)(6,9)(6,10)(7,0)(8,4)(8,10)(9,3)(9,8)(10,0)(10,1)(10,6) </conflicts>
    </extension>
    <extension>
      <list> x[5] x[11] </list>
      <conflicts> (0,3)(1,7)(1,10)(2,2)(2,9)(2,10)(3,0)(4,0)(4,5)(4,7)(4,9)(5,0)(6,5)(7,1)(7,7)(7,8)(8,4)(8,9)(8,10)(9,2)(9,5)(9,7)(9,9)(10,10) </conflicts>
    </extension>
    <extension>
      <list> x[5] x[12] </list>
      <conflicts> (0,9)(1,6)(1,9)(2,2)(2,3)(3,1)(3,5)(3,6)(5,7)(5,10)(6,2)(6,8)(7,0)(7,1)(7,8)(8,0)(8,3)(8,5)(8,7)(9,0)(9,4)(9,5)(9,8)(10,3)(10,9) </conflicts>
    </extension>
    <extension>
      <list> x[5] x[13] </list>
      <conflicts> (0,0)(0,8)(1,4)(2,1)(3,5)(4,2)(4,8)(4,9)(5,1)(5,2)(5,3)(5,10)(6,0)(6,2)(6,9)(6,10)(7,0)(7,5)(9,2)(10,0)(10,8) </conflicts>
    </extension>
    <extension>
      <list> x[5] x[14] </list>
      <conflicts> (1,1)(1,2)(1,4)(3,2)(4,0)(4,10)(5,1)(5,2)(5,3)(5,4)(5,6)(5,10)(6,7)(6,10)(7,0)(7,2)(7,4)(7,7)(7,8)(8,0)(8,2)(9,4)(9,10)(10,8) </conflicts>
    </extension>
    <extension>
      <list> x[5] x[15] </list>
      <conflicts> (0,1)(0,10)(1,2)(2,3)(2,6)(2,9)(3,0)(3,7)(3,9)(4,7)(6,1)(6,3)(6,6)(6,8)(6,9)(7,1)(7,3)(7,5)(7,7)(7,8)(8,1)(8,3)(8,6)(8,8)(9,6)(9,8)(10,0)(10,7) </conflicts>
    </extension>
    <extension>
      <list> x[5] x[17] </list>
      <conflicts> (0,4)(0,6)(0,8)(1,3)(2,0)(2,2)(2,7)(3,0)(3,2)(4,6)(4,7)(5,0)(5,1)(6,5)(6,6)(7,3)(7,5)(7,6)(7,8)(8,1)(8,3)(9,7)(9,9)(10,0)(10,2)(10,3)(10,7)(10,8) </conflicts>
    </extension>
    <extension>
      <list> x[5] x[23] </list>
      <conflicts> (0,0)(0,3)(0,8)(0,10)(1,4)(1,5)(1,6)(1,7)(2,1)(2,9)(3,3)(3,5)(3,7)(3,9)(4,9)(4,10)(5,4)(5,6)(5,9)(6,3)(6,10)(7,7)(7,9)(8,3)(8,8)(9,0)(9,5)(9,9)(10,6) </conflicts>
    </extension>
    <extension>
      <list> x[5] x[24] </list>
      <conflicts> (0,1)(0,2)(0,4)(0,7)(0,9)(0,10)(2,1)(3,0)(3,1)(3,4)(3,5)(3,7)(4,1)(4,4)(5,2)(5,7)(6,9)(7,2)(7,4)(7,9)(8,5)(8,6)(8,10)(9,7)(10,6)(10,7) </conflicts>
    </extension>
    <extension>
      <list> x[5] x[28] </list>
      <conflicts> (0,2)(0,8)(1,4)(1,5)(1,10)(2,4)(2,5)(3,2)(3,4)(3,8)(4,3)(5,2)(6,2)(6,5)(6,9)(7,8)(8,1)(8,2)(8,6)(8,9)(9,3)(9,10)(10,2)(10,4)(10,8) </conflicts>
    </extension>
    <extension>
      <list> x[5] x[29] </list>
      <conflicts> (0,4)(1,1)(1,4)(1,6)(2,3)(2,10)(3,3)(3,4)(3,6)(3,8)(3,9)(4,2)(5,2)(5,3)(6,0)(6,5)(6,7)(6,9)(7,8)(8,4)(8,6)(9,0)(9,2)(9,3)(10,6)(10,10) </conflicts>
    </extension>
    <extension>
      <list> x[5] x[32] </list>
      <conflicts> (0,10)(1,2)(1,4)(1,10)(2,5)(3,2)(3,3)(4,3)(4,9)(6,7)(6,9)(6,10)(7,0)(7,2)(7,3)(7,5)(7,9)(8,1)(8,2)(8,7)(8,8)(9,3)(9,5)(10,3)(10,5)(10,6)(10,8) </conflicts>
    </extension>
    <extension>
      <list> x[5] x[37] </list>
      <conflicts> (0,8)(1,2)(1,4)(1,7)(1,10)(2,0)(2,6)(3,5)(3,8)(4,0)(4,9)(5,8)(6,8)(8,5)(8,6)(8,8)(9,1)(9,3)(9,7)(9,8)(10,1)(10,3)(10,10) </conflicts>
    </extension>
    <extension>
      <list> x[5] x[38] </list>
      <conflicts> (0,3)(0,5)(0,6)(1,6)(2,0)(2,5)(2,6)(3,1)(3,8)(3,9)(4,1)(4,10)(5,5)(5,9)(6,0)(6,1)(6,10)(7,3)(7,4)(7,7)(8,1)(8,2)(8,3)(9,8)(10,0)(10,1)(10,2)(10,3) </conflicts>
    </extension>
    <extension>
      <list> x[6..7] </list>
      <conflicts> (0,1)(0,5)(0,7)(0,10)(1,2)(1,5)(2,3)(3,0)(3,1)(3,9)(4,0)(4,3)(4,7)(4,9)(5,6)(6,5)(6,9)(6,10)(7,1)(7,4)(7,5)(7,6)(7,7)(9,1)(9,5)(10,3)(10,7) </conflicts>
    </extension>
    <extension>
      <list> x[6] x[11] </list>
      <conflicts> (1,4)(1,6)(1,7)(2,0)(2,6)(3,1)(3,5)(3,6)(4,5)(4,9)(5,2)(5,7)(7,9)(8,5)(8,9)(9,3)(9,8)(9,10)(10,7)(10,9) </conflicts>
    </extension>
    <extension>
      <list> x[6] x[12] </list>
      <conflicts> (0,5)(0,8)(1,0)(1,2)(2,8)(2,9)(3,1)(3,10)(4,1)(4,3)(4,7)(5,3)(8,10)(9,3)(9,5)(9,7)(9,9)(10,2) </conflicts>
    </extension>
    <extension>
      <list> x[6] x[13] </list>
      <conflicts> (0,7)(1,0)(1,3)(1,9)(2,2)(2,5)(3,1)(3,4)(3,8)(4,7)(6,9)(6,10)(7,2)(7,3)(7,7)(7,10)(8,4)(8,5)(8,9)(9,1)(9,4)(9,5)(10,5)(10,6)(10,8)(10,9) </conflicts>
    </extension>
    <extension>
      <list> x[6] x[14] </list>
      <conflicts> (0,2)(0,5)(0,6)(1,1)(1,6)(1,7)(1,8)(2,6)(3,4)(3,5)(4,0)(4,6)(4,8)(5,5)(5,9)(6,2)(7,2)(7,3)(7,5)(7,6)(8,8)(9,9)(10,0)(10,1)(10,6) </conflicts>
    </extension>
    <extension>
      <list> x[6] x[17] </list>
      <conflicts> (0,4)(0,8)(1,1)(1,5)(2,1)(2,6)(2,9)(3,3)(3,5)(4,3)(4,5)(4,8)(5,1)(5,9)(6,7)(7,1)(8,0)(8,8)(9,3)(9,7)(9,9)(9,10) </conflicts>
    </extension>
    <extension>
      <list> x[6] x[19] </list>
      <conflicts> (0,3)(0,7)(0,9)(1,3)(1,7)(2,0)(2,2)(2,3)(2,6)(3,6)(3,8)(4,3)(4,4)(4,5)(4,6)(5,1)(5,3)(5,9)(6,6)(6,7)(7,0)(7,2)(7,5)(7,6)(7,7)(8,0)(8,5)(8,6)(9,4)(9,5)(9,10)(10,4)(10,10) </conflicts>
    </extension>
    <extension>
      <list> x[6] x[20] </list>
      <conflicts> (0,6)(1,7)(2,3)(2,4)(2,6)(5,3)(6,1)(6,4)(6,7)(6,8)(6,10)(7,5)(7,7)(8,8)(8,10)(9,10)(10,3)(10,4)(10,10) </conflicts>
    </extension>
    <extension>
      <list> x[6] x[21] </list>
      <conflicts> (0,3)(0,9)(1,2)(1,5)(1,6)(4,6)(5,1)(5,8)(6,2)(6,3)(6,4)(7,2)(7,5)(8,0)(8,5)(9,5)(10,0)(10,3) </conflicts>
    </extension>
    <extension>
      <list> x[6] x[23] </list>
      <conflicts> (0,3)(0,5)(1,4)(1,6)(1,9)(2,0)(2,5)(2,7)(3,3)(4,3)(4,5)(4,7)(4,8)(4,10)(6,3)(6,5)(7,0)(7,5)(7,9)(7,10)(8,0)(8,2)(8,9)(8,10)(9,2)(9,3)(9,7)(9,9)(10,5) </conflicts>
    </extension>
    <extension>
      <list> x[6] x[26] </list>
      <conflicts> (0,5)(0,6)(0,9)(1,8)(2,0)(2,3)(3,2)(4,1)(5,7)(5,9)(6,3)(6,5)(7,1)(7,4)(7,7)(7,9)(8,1)(8,6)(8,10)(9,0)(9,6)(10,3)(10,4) </conflicts>
    </extension>
    <extension>
      <list> x[6] x[27] </list>
      <conflicts> (0,1)(0,3)(1,9)(2,1)(2,5)(2,9)(3,1)(3,4)(4,2)(4,4)(4,6)(4,8)(5,6)(5,10)(6,0)(6,4)(7,1)(7,5)(7,9)(8,2)(8,5)(8,6)(8,7)(8,9)(9,1)(10,3)(10,4)(10,5)(10,9)(10,10) </conflicts>
    </extension>
    <extension>
      <list> x[6] x[28] </list>
      <conflicts> (0,0)(1,4)(1,9)(2,1)(2,3)(3,1)(3,7)(3,9)(4,8)(5,2)(6,1)(6,4)(6,10)(8,2)(8,5)(8,6)(8,8)(9,6)(9,7)(9,9)(10,7)(10,10) </conflicts>
    </extension>
    <extension>
      <list> x[6] x[29] </list>
      <conflicts> (0,1)(1,5)(1,9)(1,10)(2,6)(3,9)(4,5)(5,0)(5,1)(5,4)(5,6)(5,7)(5,8)(6,10)(7,6)(7,9)(9,1)(9,4)(9,10)(10,0)(10,1)(10,6) </conflicts>
    </extension>
    <extension>
      <list> x[6] x[30] </list>
      <conflicts> (0,1)(0,3)(1,6)(1,7)(2,0)(2,5)(3,2)(3,7)(3,10)(4,9)(5,2)(5,4)(5,8)(5,9)(6,9)(7,0)(7,4)(10,9) </conflicts>
    </extension>
    <extension>
      <list> x[6] x[32] </list>
      <conflicts> (0,10)(2,1)(2,2)(3,7)(4,4)(4,9)(4,10)(5,1)(5,3)(5,6)(6,1)(6,6)(6,10)(7,5)(7,6)(8,1)(8,2)(8,7)(8,8)(9,0)(9,1)(9,4)(9,10)(10,5) </conflicts>
    </extension>
    <extension>
      <list> x[6] x[34] </list>
      <conflicts> (0,2)(0,7)(2,1)(2,3)(2,5)(2,7)(2,8)(3,2)(3,6)(4,5)(4,6)(5,0)(5,9)(6,3)(6,9)(7,5)(7,8)(7,9)(8,1)(8,4)(9,0)(9,7)(9,8)(9,9)(10,2)(10,3)(10,4)(10,7)(10,10) </conflicts>
    </extension>
    <extension>
      <list> x[6] x[35] </list>
      <conflicts> (0,0)(0,2)(0,4)(1,10)(2,4)(3,2)(3,3)(3,10)(4,9)(5,1)(5,2)(5,3)(5,4)(5,6)(6,7)(7,6)(8,1)(8,6)(8,10)(9,0)(9,1)(9,3)(9,6)(10,3)(10,4)(10,9) </conflicts>
    </extension>
    <extension>
      <list> x[6] x[38] </list>
      <conflicts> (0,1)(0,3)(0,8)(1,5)(1,7)(1,8)(2,0)(2,3)(2,6)(3,0)(3,5)(3,7)(3,8)(3,9)(7,2)(8,2)(8,3)(8,6)(8,7)(8,9)(8,10)(9,6)(9,10)(10,3)(10,8)(10,9)(10,10) </conflicts>
    </extension>
    <extension>
      <list> x[6] x[39] </list>
      <conflicts> (0,0)(0,2)(0,7)(2,5)(3,1)(3,2)(3,6)(3,10)(5,0)(5,6)(5,9)(6,4)(6,5)(6,10)(7,1)(7,10)(8,5)(9,4)(9,10)(10,6)(10,8)(10,9) </conflicts>
    </extension>
    <extension>
      <list> x[7..8] </list>
      <conflicts> (1,5)(1,6)(2,6)(2,8)(3,2)(3,3)(3,8)(3,9)(5,4)(5,5)(5,6)(6,4)(7,2)(7,5)(7,7)(8,0)(8,8)(9,2)(9,8)(10,1)(10,7) </conflicts>
    </extension>
    <extension>
      <list> x[7] x[10] </list>
      <conflicts> (0,4)(0,10)(2,1)(2,3)(3,1)(3,5)(4,3)(4,6)(4,9)(5,8)(6,3)(7,1)(8,1)(8,6)(8,9)(9,0)(10,2)(10,5) </conflicts>
    </extension>
    <extension>
      <list> x[7] x[13] </list>
      <conflicts> (0,3)(0,4)(1,0)(1,1)(1,8)(2,5)(2,9)(2,10)(3,10)(4,2)(4,3)(5,3)(5,4)(5,9)(6,2)(6,4)(6,9)(7,0)(7,1)(7,8)(8,0)(8,8)(9,6)(9,7)(9,9)(9,10)(10,0) </conflicts>
    </extension>
    <extension>
      <list> x[7] x[15] </list>
      <conflicts> (0,4)(0,6)(1,0)(1,4)(2,1)(2,2)(3,2)(3,4)(4,3)(5,7)(5,8)(5,10)(6,0)(6,2)(6,4)(6,8)(6,10)(7,10)(8,2)(8,6)(9,1)(9,10)(10,0)(10,1)(10,3)(10,9) </conflicts>
    </extension>
    <extension>
      <list> x[7] x[16] </list>
      <conflicts> (1,8)(2,4)(3,1)(3,3)(4,0)(4,1)(5,1)(5,4)(5,5)(5,7)(5,10)(6,3)(6,4)(7,7)(7,8)(8,0)(8,3)(8,10)(9,5)(9,9)(10,0)(10,6)(10,7) </conflicts>
    </extension>
    <extension>
      <list> x[7] x[21] </list>
      <conflicts> (0,1)(1,0)(1,5)(1,10)(2,1)(2,4)(2,5)(2,6)(3,1)(3,7)(3,8)(4,0)(4,3)(4,4)(4,7)(5,1)(5,10)(6,4)(6,5)(7,5)(7,7)(9,4)(10,0) </conflicts>
    </extension>
    <extension>
      <list> x[7] x[22] </list>
      <conflicts> (0,5)(0,9)(1,4)(1,9)(2,4)(2,10)(3,10)(4,4)(4,10)(5,0)(5,4)(6,2)(7,5)(7,6)(7,8)(7,9)(8,1)(8,3)(8,5)(9,2)(9,4)(9,8) </conflicts>
    </extension>
    <extension>
      <list> x[7] x[24] </list>
      <conflicts> (0,2)(1,0)(2,1)(2,3)(2,8)(2,9)(3,0)(3,2)(3,4)(3,7)(5,1)(6,0)(6,2)(7,0)(7,1)(7,4)(8,4)(8,9)(9,4)(9,8)(10,8)(10,10) </conflicts>
    </extension>
    <extension>
      <list> x[7] x[26] </list>
      <conflicts> (0,1)(0,5)(0,6)(0,9)(1,0)(1,5)(3,8)(4,2)(4,4)(4,5)(4,10)(5,3)(5,4)(5,8)(6,2)(6,6)(7,3)(7,6)(8,8)(9,1)(10,0)(10,2)(10,7) </conflicts>
    </extension>
    <extension>
      <list> x[7] x[27] </list>
      <conflicts> (0,0)(0,6)(1,2)(1,5)(1,8)(1,9)(2,2)(2,10)(3,0)(3,1)(3,7)(4,5)(4,7)(6,5)(6,7)(6,8)(7,0)(7,2)(7,9)(7,10)(8,8)(9,1)(9,8)(9,9)(9,10)(10,3)(10,5)(10,7) </conflicts>
    </extension>
    <extension>
      <list> x[7] x[28] </list>
      <conflicts> (0,2)(0,4)(0,7)(1,0)(1,1)(1,6)(2,2)(2,7)(2,8)(3,10)(4,1)(4,7)(5,0)(5,2)(5,8)(6,0)(6,3)(6,4)(7,2)(7,8)(8,7)(9,6)(9,8)(10,0)(10,4)(10,10) </conflicts>
    </extension>
    <extension>
      <list> x[7] x[30] </list>
      <conflicts> (0,1)(0,3)(0,4)(1,2)(1,4)(2,2)(2,5)(2,8)(3,1)(3,3)(3,4)(3,5)(4,7)(5,1)(5,4)(5,9)(5,10)(6,7)(6,10)(7,2)(7,6)(8,2)(9,5)(9,8)(10,8)(10,10) </conflicts>
    </extension>
    <extension>
      <list> x[7] x[31] </list>
      <conflicts> (0,9)(1,5)(3,0)(3,3)(3,4)(3,10)(4,1)(4,4)(4,9)(5,0)(5,1)(5,3)(5,6)(6,8)(7,1)(7,3)(8,0)(8,7)(8,10)(9,7)(9,8)(10,2)(10,6) </conflicts>
    </extension>
    <extension>
      <list> x[7] x[34] </list>
      <conflicts> (0,1)(0,5)(0,10)(1,1)(2,0)(2,7)(2,9)(3,3)(3,6)(4,9)(5,8)(5,9)(6,0)(6,4)(7,7)(8,1)(8,4)(8,6)(8,9)(9,1)(9,3)(9,5)(9,7)(10,9) </conflicts>
    </extension>
    <extension>
      <list> x[7] x[35] </list>
      <conflicts> (0,8)(0,9)(1,2)(1,4)(1,6)(1,7)(2,8)(2,10)(3,2)(3,5)(3,6)(4,7)(4,8)(6,1)(6,2)(6,5)(6,6)(7,6)(8,7)(9,0)(9,2)(9,6)(9,10)(10,9) </conflicts>
    </extension>
    <extension>
      <list> x[7] x[37] </list>
      <conflicts> (0,6)(1,0)(1,1)(1,4)(2,9)(3,2)(3,3)(3,5)(3,8)(4,4)(5,1)(5,3)(6,1)(6,2)(6,3)(6,9)(7,4)(9,1)(9,4)(9,7)(9,10) </conflicts>
    </extension>
    <extension>
      <list> x[7] x[38] </list>
      <conflicts> (0,5)(0,9)(1,4)(1,5)(1,9)(2,1)(2,3)(2,5)(3,1)(3,2)(3,3)(3,8)(4,0)(4,2)(5,0)(6,2)(6,4)(7,3)(7,10)(8,1)(8,4)(8,6)(8,10)(9,9)(10,0)(10,9) </conflicts>
    </extension>
    <extension>
      <list> x[8..9] </list>
      <conflicts> (0,3)(0,5)(0,7)(1,0)(1,1)(1,7)(2,6)(2,8)(3,1)(3,2)(3,4)(5,3)(5,6)(6,4)(7,1)(7,2)(7,7)(8,3)(9,2)(10,5)(10,6)(10,9) </conflicts>
    </extension>
    <extension>
      <list> x[8] x[10] </list>
      <conflicts> (0,6)(1,4)(1,5)(1,6)(1,7)(1,9)(2,0)(2,4)(2,6)(3,1)(3,4)(3,8)(4,1)(4,8)(5,1)(5,4)(5,7)(6,4)(6,6)(6,10)(7,0)(7,1)(8,0)(8,4)(10,0)(10,5)(10,7) </conflicts>
    </extension>
    <extension>
      <list> x[8] x[11] </list>
      <conflicts> (0,0)(0,9)(1,4)(1,9)(2,1)(2,3)(2,5)(2,9)(3,4)(3,9)(4,2)(4,9)(5,9)(6,7)(7,9)(7,10)(8,8)(9,4)(10,0)(10,3) </conflicts>
    </extension>
    <extension>
      <list> x[8] x[13] </list>
      <conflicts> (0,1)(0,6)(0,8)(0,10)(1,1)(1,5)(3,6)(3,8)(4,0)(4,4)(5,0)(5,3)(5,4)(5,7)(6,1)(6,4)(7,6)(7,10)(8,6)(8,10)(10,0)(10,2) </conflicts>
    </extension>
    <extension>
      <list> x[8] x[16] </list>
      <conflicts> (0,4)(0,5)(0,9)(1,5)(2,9)(3,3)(3,8)(3,9)(3,10)(4,4)(4,9)(5,2)(5,4)(7,4)(7,8)(8,1)(8,3)(8,6)(9,0)(9,4)(10,8) </conflicts>
    </extension>
    <extension>
      <list> x[8] x[20] </list>
      <conflicts> (0,3)(0,7)(0,8)(0,10)(1,0)(1,3)(2,4)(2,7)(2,8)(3,1)(3,4)(3,6)(3,7)(4,1)(4,10)(6,7)(7,2)(7,9)(8,1)(9,1)(9,6)(9,8)(10,10) </conflicts>
    </extension>
    <extension>
      <list> x[8] x[23] </list>
      <conflicts> (0,0)(0,8)(1,0)(1,8)(2,5)(3,7)(3,9)(4,5)(4,9)(5,2)(5,3)(5,5)(5,7)(6,5)(6,9)(6,10)(7,2)(7,8)(7,9)(8,0)(10,1) </conflicts>
    </extension>
    <extension>
      <list> x[8] x[24] </list>
      <conflicts> (0,8)(0,10)(2,1)(2,2)(3,2)(3,10)(4,1)(4,3)(4,9)(4,10)(5,3)(5,5)(5,7)(6,0)(7,9)(9,8)(10,0)(10,9) </conflicts>
    </extension>
    <extension>
      <list> x[8] x[26] </list>
      <conflicts> (0,0)(0,2)(0,5)(1,0)(1,2)(2,0)(2,2)(2,4)(2,9)(3,4)(3,8)(4,0)(4,9)(5,0)(5,2)(5,10)(6,1)(7,0)(7,2)(7,3)(7,4)(7,6)(8,3)(8,4)(9,3)(9,9)(10,5) </conflicts>
    </extension>
    <extension>
      <list> x[8] x[27] </list>
      <conflicts> (0,3)(0,5)(0,6)(0,7)(0,9)(1,0)(1,7)(2,1)(2,2)(2,3)(2,4)(2,6)(3,10)(4,4)(5,0)(5,3)(5,7)(6,3)(6,4)(7,9)(9,1)(10,2) </conflicts>
    </extension>
    <extension>
      <list> x[8] x[29] </list>
      <conflicts> (0,4)(0,6)(2,0)(3,10)(4,3)(4,5)(4,8)(4,10)(5,4)(5,5)(5,10)(6,2)(7,4)(7,7)(8,7)(9,4)(9,8)(10,4)(10,6) </conflicts>
    </extension>
    <extension>
      <list> x[8] x[32] </list>
      <conflicts> (0,7)(0,9)(1,2)(1,6)(1,7)(2,7)(3,1)(3,6)(4,5)(5,0)(5,1)(5,4)(5,5)(5,7)(5,8)(5,9)(6,9)(7,2)(7,4)(7,10)(9,6)(9,8)(9,10)(10,1)(10,6)(10,9)(10,10) </conflicts>
    </extension>
    <extension>
      <list> x[8] x[35] </list>
      <conflicts> (0,5)(0,9)(1,5)(1,8)(1,9)(3,0)(3,4)(3,5)(4,2)(5,3)(5,6)(6,5)(6,7)(8,7)(9,1)(9,3)(9,7)(9,10)(10,2) </conflicts>
    </extension>
    <extension>
      <list> x[8] x[36] </list>
      <conflicts> (0,0)(0,2)(0,3)(0,4)(1,2)(1,8)(1,10)(2,1)(2,3)(2,4)(2,8)(3,5)(3,9)(4,2)(4,3)(4,4)(5,0)(5,10)(6,2)(6,5)(7,7)(7,10)(8,4)(8,10)(9,2)(9,4)(10,8) </conflicts>
    </extension>
    <extension>
      <list> x[8] x[39] </list>
      <conflicts> (1,6)(1,10)(2,3)(3,1)(3,8)(4,10)(5,2)(6,0)(6,7)(7,6)(7,7)(7,10)(8,0)(8,7)(9,7)(9,8)(10,0)(10,6)(10,9) </conflicts>
    </extension>
    <extension>
      <list> x[9..10] </list>
      <conflicts> (1,9)(3,6)(4,0)(4,2)(4,4)(4,9)(5,2)(5,3)(6,0)(6,6)(6,10)(7,2)(7,6)(7,7)(8,2)(9,6)(9,8)(10,3)(10,9) </conflicts>
    </extension>
    <extension>
      <list> x[9] x[13] </list>
      <conflicts> (0,4)(0,6)(1,1)(1,2)(1,3)(1,8)(1,9)(2,1)(2,8)(3,0)(3,2)(3,8)(4,7)(4,10)(5,2)(5,4)(6,10)(7,4)(7,8)(8,3)(8,4)(10,7) </conflicts>
    </extension>
    <extension>
      <list> x[9] x[14] </list>
      <conflicts> (1,1)(1,8)(2,0)(3,6)(4,0)(4,3)(4,4)(5,1)(5,6)(6,5)(7,2)(7,4)(7,7)(7,8)(7,9)(7,10)(8,2)(8,9)(9,1)(9,2)(9,10)(10,4) </conflicts>
    </extension>
    <extension>
      <list> x[9] x[16] </list>
      <conflicts> (0,0)(0,1)(0,3)(0,6)(1,0)(2,2)(3,6)(3,7)(4,8)(4,9)(4,10)(5,4)(5,8)(6,3)(6,4)(6,5)(6,7)(7,6)(8,4)(8,5)(8,9)(10,9)(10,10) </conflicts>
    </extension>
    <extension>
      <list> x[9] x[17] </list>
      <conflicts> (0,1)(1,10)(2,2)(2,6)(3,1)(3,8)(4,5)(4,7)(4,10)(5,1)(5,6)(6,7)(6,9)(7,2)(8,3)(8,9)(9,5)(10,2)(10,3)(10,7)(10,8) </conflicts>
    </extension>
    <extension>
      <list> x[9] x[18] </list>
      <conflicts> (0,4)(0,5)(0,6)(0,8)(1,7)(1,9)(3,2)(3,5)(4,5)(6,2)(6,6)(7,0)(7,1)(7,5)(8,0)(8,3)(9,3)(10,4)(10,7) </conflicts>
    </extension>
    <extension>
      <list> x[9] x[20] </list>
      <conflicts> (0,1)(1,0)(1,8)(2,2)(3,7)(3,8)(4,2)(4,6)(5,3)(5,8)(6,6)(7,3)(7,7)(7,9)(8,1)(8,2)(8,6)(9,8)(10,2)(10,3) </conflicts>
    </extension>
    <extension>
      <list> x[9] x[21] </list>
      <conflicts> (0,7)(1,1)(1,2)(1,4)(1,7)(2,0)(2,2)(2,3)(2,5)(4,1)(4,6)(5,4)(5,5)(6,10)(7,7)(7,8)(8,1)(8,2)(8,6)(8,8)(9,1)(9,4)(9,6)(10,0)(10,7) </conflicts>
    </extension>
    <extension>
      <list> x[9] x[22] </list>
      <conflicts> (0,1)(0,10)(1,9)(2,1)(2,8)(5,3)(5,4)(5,9)(5,10)(6,0)(6,3)(6,9)(7,4)(7,5)(7,6)(9,2)(9,10)(10,10) </conflicts>
    </extension>
    <extension>
      <list> x[9] x[24] </list>
      <conflicts> (0,2)(0,4)(2,1)(2,4)(2,9)(2,10)(3,2)(3,6)(4,2)(4,7)(4,8)(4,10)(5,0)(5,5)(6,1)(6,3)(6,5)(6,6)(7,1)(7,2)(7,3)(7,4)(7,7)(7,8)(8,5)(8,8)(8,10)(9,3)(9,4)(9,8)(10,7) </conflicts>
    </extension>
    <extension>
      <list> x[9] x[25] </list>
      <conflicts> (0,1)(0,2)(1,4)(2,1)(2,3)(4,3)(4,6)(4,9)(5,6)(5,10)(6,10)(7,0)(7,10)(8,4)(8,6)(9,2)(10,2)(10,3)(10,10) </conflicts>
    </extension>
    <extension>
      <list> x[9] x[29] </list>
      <conflicts> (0,5)(0,7)(0,8)(0,9)(0,10)(1,3)(1,7)(1,9)(1,10)(2,4)(2,9)(3,4)(3,6)(3,8)(3,10)(4,1)(4,4)(4,5)(5,2)(5,5)(5,10)(6,9)(6,10)(7,0)(8,3)(8,4)(8,6)(8,7)(8,9)(9,9)(10,2) </conflicts>
    </extension>
    <extension>
      <list> x[9] x[30] </list>
      <conflicts> (0,6)(0,8)(0,9)(2,1)(2,5)(2,6)(2,8)(3,2)(3,6)(4,3)(4,10)(5,1)(5,3)(6,5)(7,2)(7,5)(7,6)(7,8)(8,0)(8,3)(8,7)(8,8)(9,5)(9,6)(9,8)(10,6)(10,7)(10,8)(10,10) </conflicts>
    </extension>
    <extension>
      <list> x[9] x[32] </list>
      <conflicts> (0,2)(0,9)(1,10)(2,3)(3,2)(3,7)(3,9)(4,2)(4,10)(5,4)(5,10)(6,1)(6,2)(6,4)(6,10)(9,1)(9,2)(9,6)(10,7) </conflicts>
    </extension>
    <extension>
      <list> x[9] x[34] </list>
      <conflicts> (0,4)(0,5)(0,6)(0,8)(1,5)(2,0)(2,2)(2,6)(2,10)(3,1)(3,2)(3,8)(3,9)(4,7)(5,2)(5,3)(5,8)(5,9)(6,1)(6,3)(6,9)(7,5)(7,8)(8,1)(8,6)(9,4)(9,7) </conflicts>
    </extension>
    <extension>
      <list> x[9] x[38] </list>
      <conflicts> (0,0)(0,5)(0,6)(1,6)(1,9)(2,1)(2,3)(2,4)(3,1)(3,3)(4,3)(4,4)(4,6)(4,9)(5,3)(5,6)(6,10)(7,0)(7,5)(7,9)(7,10)(8,3)(8,6)(9,1)(9,10)(10,6) </conflicts>
    </extension>
    <extension>
      <list> x[9] x[39] </list>
      <conflicts> (0,4)(1,3)(1,4)(2,0)(2,2)(2,6)(2,7)(4,5)(4,6)(5,1)(5,2)(5,3)(5,5)(5,6)(5,8)(6,0)(6,10)(8,3)(8,7)(9,5)(10,0)(10,2)(10,9) </conflicts>
    </extension>
    <extension>
      <list> x[10] x[12] </list>
      <conflicts> (0,6)(1,6)(2,1)(2,4)(2,7)(2,10)(3,1)(3,2)(3,3)(3,7)(3,8)(3,9)(4,2)(4,7)(6,1)(6,5)(6,9)(7,0)(8,0)(8,2)(8,3)(8,6)(8,7)(9,3)(9,5)(9,9)(10,7)(10,8)(10,10) </conflicts>
    </extension>
    <extension>
      <list> x[10] x[15] </list>
      <conflicts> (0,9)(1,3)(1,6)(2,6)(3,5)(3,10)(6,4)(7,0)(7,3)(7,9)(8,0)(8,8)(8,10)(9,5)(9,10)(10,6) </conflicts>
    </extension>
    <extension>
      <list> x[10] x[16] </list>
      <conflicts> (1,9)(2,1)(2,8)(2,10)(3,9)(4,3)(4,10)(5,2)(5,4)(6,4)(6,8)(7,6)(7,7)(7,10)(8,3)(8,6)(9,3)(9,4)(9,5)(9,6)(10,1)(10,6) </conflicts>
    </extension>
    <extension>
      <list> x[10] x[19] </list>
      <conflicts> (0,7)(1,3)(1,9)(2,1)(2,6)(3,2)(3,5)(4,3)(4,10)(5,0)(5,2)(5,3)(5,5)(5,9)(5,10)(6,1)(6,4)(6,5)(6,7)(6,9)(7,6)(7,9)(7,10)(8,4)(8,7)(9,6)(10,0)(10,3)(10,7)(10,10) </conflicts>
    </extension>
    <extension>
      <list> x[10] x[21] </list>
      <conflicts> (0,5)(1,1)(1,2)(2,6)(3,2)(3,5)(3,8)(3,9)(4,8)(4,10)(5,6)(5,8)(6,4)(6,8)(7,3)(7,5)(7,9)(8,1)(8,3)(8,5)(8,7)(8,10)(9,0)(9,6)(9,7) </conflicts>
    </extension>
    <extension>
      <list> x[10] x[22] </list>
      <conflicts> (0,0)(1,9)(2,0)(2,1)(2,5)(3,1)(3,3)(3,4)(3,8)(4,0)(4,1)(4,2)(5,2)(5,4)(6,1)(6,2)(6,3)(6,8)(7,0)(7,5)(8,1)(8,2)(8,4)(8,6)(8,7)(9,8)(10,0)(10,5) </conflicts>
    </extension>
    <extension>
      <list> x[10] x[26] </list>
      <conflicts> (0,0)(1,1)(1,6)(2,1)(2,3)(2,8)(2,10)(3,4)(3,5)(3,7)(5,5)(5,9)(6,0)(6,1)(6,5)(6,7)(6,9)(7,1)(8,3)(9,2)(9,3)(9,7)(9,8)(10,3)(10,5) </conflicts>
    </extension>
    <extension>
      <list> x[10] x[27] </list>
      <conflicts> (0,4)(0,5)(0,10)(1,4)(1,10)(2,4)(2,6)(2,9)(3,6)(3,7)(5,1)(5,3)(5,8)(6,0)(6,2)(6,4)(6,6)(6,9)(7,0)(7,1)(7,6)(8,7)(10,3)(10,5) </conflicts>
    </extension>
    <extension>
      <list> x[10] x[30] </list>
      <conflicts> (0,1)(0,2)(0,4)(1,0)(2,0)(2,1)(4,0)(4,4)(4,10)(5,6)(5,10)(6,0)(6,2)(6,10)(7,0)(7,2)(7,5)(7,9)(8,5)(8,6)(8,7)(9,1)(9,9)(10,4)(10,6)(10,7) </conflicts>
    </extension>
    <extension>
      <list> x[10] x[31] </list>
      <conflicts> (0,1)(0,4)(0,5)(0,6)(0,10)(1,4)(1,7)(2,2)(2,7)(3,1)(3,2)(5,2)(7,0)(7,2)(7,3)(7,7)(7,10)(8,5)(9,0)(9,3)(9,5)(9,6)(10,7) </conflicts>
    </extension>
    <extension>
      <list> x[10] x[33] </list>
      <conflicts> (0,3)(0,6)(2,0)(2,3)(2,7)(2,8)(3,0)(3,6)(4,0)(4,5)(4,8)(5,0)(5,2)(5,3)(5,4)(5,6)(5,8)(6,1)(6,2)(6,6)(6,10)(7,5)(8,1)(9,2)(9,8) </conflicts>
    </extension>
    <extension>
      <list> x[10] x[35] </list>
      <conflicts> (0,1)(1,3)(2,4)(2,7)(2,8)(3,0)(3,3)(3,10)(4,1)(4,6)(5,0)(5,9)(6,8)(7,1)(7,4)(8,1)(8,2)(8,8)(8,10)(9,2)(9,7)(10,0) </conflicts>
    </extension>
    <extension>
      <list> x[10] x[37] </list>
      <conflicts> (0,1)(0,2)(0,3)(0,7)(1,0)(1,1)(2,2)(2,3)(2,4)(2,5)(2,9)(3,4)(3,7)(4,7)(5,3)(5,7)(5,10)(6,0)(6,2)(6,5)(6,9)(7,5)(8,4)(8,5)(9,5)(10,0)(10,1)(10,10) </conflicts>
    </extension>
    <extension>
      <list> x[11] x[14] </list>
      <conflicts> (0,0)(0,1)(0,3)(0,6)(0,9)(1,5)(1,6)(1,7)(1,8)(2,4)(2,7)(3,0)(3,1)(3,4)(4,3)(4,4)(4,6)(4,10)(5,2)(5,7)(5,8)(6,5)(6,10)(7,1)(7,8)(8,3)(8,5)(9,0)(9,5)(10,1)(10,2)(10,5)(10,6)(10,8) </conflicts>
    </extension>
    <extension>
      <list> x[11] x[15] </list>
      <conflicts> (0,1)(0,7)(1,5)(1,8)(1,9)(2,1)(2,7)(2,9)(3,1)(4,2)(4,8)(5,4)(6,2)(6,5)(6,10)(7,1)(7,3)(7,5)(8,1)(8,5)(8,6)(9,3)(10,9)(10,10) </conflicts>
    </extension>
    <extension>
      <list> x[11] x[16] </list>
      <conflicts> (0,2)(0,3)(0,9)(2,3)(2,4)(2,9)(3,4)(4,0)(5,3)(5,6)(5,8)(6,3)(7,2)(7,3)(7,6)(7,9)(7,10)(8,2)(8,5)(8,8)(9,4)(9,8)(10,4)(10,6)(10,10) </conflicts>
    </extension>
    <extension>
      <list> x[11] x[17] </list>
      <conflicts> (0,1)(0,3)(0,4)(0,5)(0,6)(0,7)(1,4)(2,2)(3,1)(3,6)(3,8)(4,7)(4,8)(4,9)(5,5)(6,7)(7,1)(7,4)(7,8)(7,10)(8,3)(8,8)(9,1)(9,10)(10,7) </conflicts>
    </extension>
    <extension>
      <list> x[11] x[18] </list>
      <conflicts> (0,4)(0,10)(1,10)(2,6)(3,1)(5,0)(5,2)(5,3)(6,0)(6,4)(6,5)(6,9)(7,0)(7,3)(7,9)(9,3)(9,8)(10,2)(10,10) </conflicts>
    </extension>
    <extension>
      <list> x[11] x[19] </list>
      <conflicts> (0,5)(1,9)(2,1)(2,2)(2,8)(3,6)(4,0)(4,1)(4,9)(5,0)(5,2)(5,6)(5,10)(6,6)(6,8)(6,9)(6,10)(7,1)(7,8)(9,2)(9,7) </conflicts>
    </extension>
    <extension>
      <list> x[11] x[22] </list>
      <conflicts> (0,6)(0,10)(1,0)(1,2)(1,4)(2,5)(2,9)(3,5)(3,9)(4,4)(5,5)(5,7)(6,3)(6,10)(7,5)(7,7)(8,8)(9,3)(9,5)(9,9)(10,0)(10,3)(10,4)(10,8) </conflicts>
    </extension>
    <extension>
      <list> x[11] x[26] </list>
      <conflicts> (0,1)(0,9)(1,5)(1,6)(2,4)(2,6)(2,7)(2,8)(2,9)(2,10)(3,0)(4,0)(4,8)(6,9)(7,9)(8,0)(8,2)(8,5)(8,8)(8,9)(9,2) </conflicts>
    </extension>
    <extension>
      <list> x[11] x[28] </list>
      <conflicts> (0,6)(0,7)(1,3)(2,1)(2,2)(2,3)(2,8)(3,5)(3,10)(4,0)(4,2)(4,8)(5,0)(6,8)(6,9)(7,3)(7,6)(7,9)(8,0)(8,1)(8,5)(9,0)(9,1)(9,7)(10,1) </conflicts>
    </extension>
    <extension>
      <list> x[11] x[29] </list>
      <conflicts> (0,0)(0,3)(0,5)(0,9)(1,3)(1,10)(2,4)(4,7)(4,8)(5,4)(5,8)(5,10)(6,3)(6,10)(7,1)(7,5)(8,1)(8,4)(8,8)(8,9)(8,10)(9,6)(10,2)(10,5) </conflicts>
    </extension>
    <extension>
      <list> x[11] x[30] </list>
      <conflicts> (0,0)(0,7)(0,10)(1,0)(1,6)(2,0)(2,1)(2,2)(2,3)(2,5)(3,2)(3,4)(3,5)(3,6)(3,9)(4,1)(4,4)(4,6)(4,9)(6,0)(6,4)(6,5)(6,6)(6,9)(7,3)(7,8)(8,1)(8,9)(9,9)(10,1)(10,3)(10,6)(10,8) </conflicts>
    </extension>
    <extension>
      <list> x[11] x[31] </list>
      <conflicts> (0,1)(1,1)(1,4)(2,0)(2,1)(3,0)(3,3)(3,9)(5,2)(5,6)(5,7)(5,9)(6,3)(6,8)(7,0)(7,6)(7,7)(8,1)(8,2)(8,6)(8,10)(9,2)(9,4)(9,6)(10,4)(10,5) </conflicts>
    </extension>
    <extension>
      <list> x[11] x[32] </list>
      <conflicts> (0,8)(1,2)(1,10)(2,1)(2,3)(3,2)(3,3)(3,5)(4,4)(4,10)(5,1)(5,9)(6,1)(6,2)(6,9)(7,0)(7,2)(7,3)(7,4)(8,3)(8,4)(8,6)(8,8)(8,9)(9,1)(9,5)(9,6)(9,8)(10,3)(10,10) </conflicts>
    </extension>
    <extension>
      <list> x[11] x[33] </list>
      <conflicts> (0,3)(0,4)(0,5)(0,6)(1,4)(1,9)(1,10)(2,0)(2,3)(2,9)(2,10)(3,8)(3,9)(4,0)(4,2)(5,2)(5,5)(5,6)(5,10)(6,0)(6,2)(6,7)(6,8)(6,9)(8,8)(9,6)(10,4)(10,5)(10,9)(10,10) </conflicts>
    </extension>
    <extension>
      <list> x[11] x[34] </list>
      <conflicts> (0,1)(0,5)(0,7)(1,2)(1,7)(2,5)(3,5)(3,7)(3,8)(4,5)(4,6)(4,7)(4,8)(4,9)(5,3)(5,7)(7,5)(8,0)(9,7)(10,4)(10,5) </conflicts>
    </extension>
    <extension>
      <list> x[11] x[36] </list>
      <conflicts> (1,4)(2,0)(2,1)(2,3)(2,7)(3,10)(4,7)(4,9)(6,2)(6,3)(6,5)(6,10)(7,0)(7,5)(7,6)(8,4)(9,1)(9,9)(10,1)(10,3)(10,4) </conflicts>
    </extension>
    <extension>
      <list> x[11] x[37] </list>
      <conflicts> (0,2)(0,3)(0,5)(0,7)(1,0)(1,2)(1,6)(1,7)(3,0)(4,0)(4,6)(4,8)(5,0)(5,2)(5,6)(5,9)(5,10)(6,1)(6,6)(6,8)(7,1)(7,2)(7,3)(7,5)(8,5)(8,9)(9,3)(9,5)(10,1)(10,3)(10,4)(10,8)(10,10) </conflicts>
    </extension>
    <extension>
      <list> x[11] x[38] </list>
      <conflicts> (0,6)(0,9)(1,1)(1,3)(1,10)(2,3)(2,7)(2,8)(3,0)(3,1)(3,3)(3,5)(3,8)(3,9)(4,0)(4,1)(4,2)(4,6)(5,10)(6,1)(6,5)(6,7)(6,8)(6,9)(6,10)(7,4)(7,9)(8,2)(8,9)(9,8)(10,1)(10,9) </conflicts>
    </extension>
    <extension>
      <list> x[12] x[15] </list>
      <conflicts> (0,5)(0,7)(1,1)(1,3)(1,6)(1,9)(2,4)(2,6)(3,1)(3,3)(3,6)(3,10)(4,3)(4,4)(4,6)(4,7)(4,9)(5,0)(5,3)(5,4)(5,9)(5,10)(6,2)(6,6)(7,4)(8,1)(8,3)(8,6)(9,2)(9,3)(9,4)(9,5)(9,6)(9,8)(10,7) </conflicts>
    </extension>
    <extension>
      <list> x[12] x[19] </list>
      <conflicts> (0,0)(0,5)(0,10)(1,5)(1,6)(2,5)(2,9)(3,1)(4,0)(4,9)(5,0)(5,5)(5,10)(6,6)(6,7)(7,4)(7,9)(8,1)(8,3)(8,4)(8,8)(8,9)(9,1)(9,4)(9,5) </conflicts>
    </extension>
    <extension>
      <list> x[12] x[20] </list>
      <conflicts> (0,3)(0,4)(1,1)(1,4)(1,7)(2,1)(2,2)(2,3)(3,5)(4,0)(4,6)(5,1)(5,3)(5,5)(5,10)(6,0)(6,6)(7,2)(7,4)(7,7)(7,8)(8,8)(8,10)(9,7)(10,2)(10,10) </conflicts>
    </extension>
    <extension>
      <list> x[12] x[21] </list>
      <conflicts> (0,2)(0,3)(0,5)(1,7)(1,10)(2,0)(2,3)(2,10)(3,3)(3,4)(3,6)(3,7)(4,5)(4,7)(5,0)(5,2)(5,4)(5,8)(6,0)(6,7)(7,0)(8,0)(8,4)(8,6)(8,7)(9,1)(9,4)(9,8)(10,1)(10,7)(10,9) </conflicts>
    </extension>
    <extension>
      <list> x[12] x[23] </list>
      <conflicts> (0,10)(1,1)(1,7)(1,8)(1,10)(3,0)(3,1)(3,4)(3,9)(3,10)(4,2)(4,8)(5,3)(5,9)(5,10)(6,2)(7,1)(7,4)(8,1)(8,4)(9,0)(9,4)(9,8)(10,2) </conflicts>
    </extension>
    <extension>
      <list> x[12] x[24] </list>
      <conflicts> (0,0)(0,1)(0,3)(0,5)(0,6)(1,0)(1,4)(1,7)(2,3)(2,5)(2,7)(3,1)(3,2)(3,10)(4,1)(4,4)(5,10)(6,1)(7,1)(7,9)(8,9)(9,0)(10,6) </conflicts>
    </extension>
    <extension>
      <list> x[12] x[27] </list>
      <conflicts> (0,0)(1,5)(2,2)(3,1)(3,2)(3,5)(3,7)(4,3)(4,10)(5,2)(5,3)(5,7)(6,1)(6,7)(7,7)(7,10)(8,0)(8,1)(8,3)(8,10)(9,1)(9,8)(9,10)(10,1)(10,6) </conflicts>
    </extension>
    <extension>
      <list> x[12] x[28] </list>
      <conflicts> (0,4)(0,6)(0,10)(1,4)(1,8)(2,5)(4,6)(4,7)(5,0)(5,6)(5,7)(5,10)(6,5)(6,10)(7,8)(8,1)(8,3)(8,5)(9,0)(9,8)(9,10)(10,1)(10,4)(10,6) </conflicts>
    </extension>
    <extension>
      <list> x[12] x[29] </list>
      <conflicts> (0,4)(1,9)(1,10)(2,5)(3,1)(3,2)(3,8)(3,10)(4,0)(5,1)(5,5)(5,6)(5,10)(6,5)(6,6)(6,8)(7,5)(9,3)(9,6)(9,8)(10,0)(10,4)(10,7) </conflicts>
    </extension>
    <extension>
      <list> x[12] x[30] </list>
      <conflicts> (0,7)(1,5)(1,6)(2,10)(3,10)(4,0)(4,1)(4,2)(5,4)(5,5)(5,10)(6,1)(6,7)(7,1)(7,2)(7,4)(7,7)(8,2)(8,5)(8,8)(8,10)(9,0)(9,10)(10,6) </conflicts>
    </extension>
    <extension>
      <list> x[12] x[33] </list>
      <conflicts> (0,4)(0,6)(0,7)(0,10)(3,8)(4,4)(4,9)(4,10)(5,4)(5,6)(5,7)(5,10)(6,3)(6,8)(7,1)(7,5)(8,0)(9,0)(9,3)(9,4)(9,6)(9,9)(10,0)(10,1)(10,4)(10,5)(10,7)(10,10) </conflicts>
    </extension>
    <extension>
      <list> x[12] x[37] </list>
      <conflicts> (0,1)(0,7)(0,8)(0,9)(1,5)(1,6)(1,9)(2,0)(2,6)(2,7)(3,5)(4,5)(4,6)(4,9)(4,10)(5,1)(5,4)(5,7)(5,8)(6,1)(7,7)(8,1)(8,7)(8,10)(9,3)(9,5)(9,6)(10,2)(10,3)(10,4)(10,9) </conflicts>
    </extension>
    <extension>
      <list> x[13] x[15] </list>
      <conflicts> (0,3)(0,4)(0,9)(1,0)(1,2)(1,5)(1,8)(2,1)(2,4)(2,7)(3,4)(4,2)(4,10)(5,1)(5,2)(5,7)(5,8)(6,3)(6,6)(7,2)(7,3)(8,3)(8,8)(8,10)(9,3)(10,3)(10,5)(10,6)(10,7) </conflicts>
    </extension>
    <extension>
      <list> x[13] x[17] </list>
      <conflicts> (0,1)(0,5)(1,7)(2,0)(2,8)(2,9)(3,1)(5,3)(5,4)(7,1)(7,5)(7,8)(8,10)(9,2)(9,4)(9,10)(10,5) </conflicts>
    </extension>
    <extension>
      <list> x[13] x[18] </list>
      <conflicts> (0,9)(1,2)(1,6)(2,0)(2,3)(2,5)(3,1)(3,5)(3,7)(4,7)(4,9)(4,10)(5,7)(5,9)(5,10)(6,0)(6,1)(6,7)(7,1)(7,3)(7,5)(8,0)(8,1)(8,8)(9,0)(10,5) </conflicts>
    </extension>
    <extension>
      <list> x[13] x[21] </list>
      <conflicts> (0,0)(0,2)(0,6)(0,7)(0,8)(1,1)(1,4)(1,5)(1,10)(2,5)(3,0)(4,4)(4,5)(4,7)(4,9)(4,10)(5,3)(5,4)(6,0)(6,2)(6,4)(6,6)(6,7)(7,9)(7,10)(8,0)(8,3)(8,4)(8,5)(10,7)(10,10) </conflicts>
    </extension>
    <extension>
      <list> x[13] x[22] </list>
      <conflicts> (0,3)(0,6)(0,9)(1,1)(1,6)(2,5)(3,3)(3,6)(4,3)(5,3)(5,6)(6,3)(6,4)(6,9)(6,10)(7,4)(7,10)(8,10)(9,3)(9,4)(9,9)(9,10)(10,0)(10,5)(10,9) </conflicts>
    </extension>
    <extension>
      <list> x[13] x[23] </list>
      <conflicts> (0,0)(0,3)(0,8)(1,4)(1,9)(1,10)(3,0)(3,1)(3,3)(3,5)(3,6)(3,8)(4,0)(4,1)(4,2)(4,9)(4,10)(5,1)(5,6)(5,8)(6,1)(6,9)(7,7)(8,1)(8,2)(8,7)(8,9)(8,10)(9,1)(9,3)(9,4)(9,8)(10,9) </conflicts>
    </extension>
    <extension>
      <list> x[13] x[25] </list>
      <conflicts> (0,3)(0,4)(0,9)(1,4)(1,5)(1,7)(2,1)(2,4)(2,5)(2,7)(3,7)(4,0)(4,5)(4,10)(6,6)(8,3)(8,7)(8,8)(9,0)(9,2)(9,4)(9,10) </conflicts>
    </extension>
    <extension>
      <list> x[13] x[30] </list>
      <conflicts> (0,3)(0,6)(0,8)(1,0)(1,2)(1,5)(2,0)(2,1)(2,8)(2,10)(3,6)(4,0)(5,4)(6,6)(7,1)(7,4)(7,7)(8,9)(9,3)(10,2)(10,4) </conflicts>
    </extension>
    <extension>
      <list> x[13] x[33] </list>
      <conflicts> (0,0)(0,3)(1,5)(1,8)(1,9)(2,3)(2,5)(2,7)(3,1)(3,4)(5,1)(5,9)(6,3)(6,8)(7,0)(8,5)(9,3)(10,4) </conflicts>
    </extension>
    <extension>
      <list> x[13] x[35] </list>
      <conflicts> (0,4)(0,9)(0,10)(1,2)(1,4)(1,5)(1,8)(1,10)(2,5)(2,6)(2,9)(3,3)(3,6)(4,0)(4,4)(5,0)(5,1)(5,2)(5,6)(6,5)(7,0)(7,3)(7,9)(8,10)(9,3)(10,0)(10,4)(10,7) </conflicts>
    </extension>
    <extension>
      <list> x[13] x[37] </list>
      <conflicts> (0,0)(0,4)(0,6)(0,8)(1,4)(1,8)(2,2)(2,7)(2,8)(3,2)(3,5)(3,7)(4,6)(5,10)(6,1)(6,5)(7,0)(7,7)(7,9)(8,1)(8,10)(9,2)(9,4) </conflicts>
    </extension>
    <extension>
      <list> x[13] x[39] </list>
      <conflicts> (0,3)(0,5)(1,1)(1,6)(1,7)(2,5)(2,6)(2,10)(3,2)(3,5)(4,0)(5,6)(6,0)(6,4)(6,5)(6,8)(8,4)(8,6)(8,8)(9,5)(10,0)(10,1)(10,6)(10,9) </conflicts>
    </extension>
    <extension>
      <list> x[14..15] </list>
      <conflicts> (0,5)(1,4)(1,10)(2,0)(2,1)(2,2)(2,8)(2,9)(3,10)(4,9)(4,10)(5,5)(5,8)(6,0)(6,10)(7,0)(7,7)(8,0)(8,1)(8,2)(8,4)(8,7)(8,9)(10,4) </conflicts>
    </extension>
    <extension>
      <list> x[14] x[16] </list>
      <conflicts> (0,9)(1,5)(1,9)(2,5)(2,6)(4,0)(4,2)(5,1)(5,10)(6,6)(7,1)(7,8)(8,3)(8,4)(8,7)(8,8)(9,1)(9,6)(9,7)(9,9)(10,0)(10,5)(10,10) </conflicts>
    </extension>
    <extension>
      <list> x[14] x[17] </list>
      <conflicts> (0,5)(1,0)(1,4)(1,7)(2,3)(2,4)(2,5)(2,7)(4,1)(5,3)(6,7)(6,8)(7,6)(8,4)(10,3)(10,7) </conflicts>
    </extension>
    <extension>
      <list> x[14] x[20] </list>
      <conflicts> (0,0)(1,7)(2,5)(3,2)(3,6)(3,8)(3,9)(4,2)(4,8)(5,2)(5,4)(6,0)(6,7)(6,9)(7,0)(7,2)(8,6)(8,7)(8,8)(9,1)(9,5)(9,9)(10,7)(10,10) </conflicts>
    </extension>
    <extension>
      <list> x[14] x[21] </list>
      <conflicts> (0,1)(0,3)(0,4)(0,5)(0,6)(1,7)(1,10)(2,1)(2,7)(3,1)(4,2)(4,6)(4,9)(6,2)(6,3)(6,4)(6,5)(6,9)(7,4)(7,5)(7,8)(8,5)(9,4)(9,5)(9,9)(10,1)(10,3) </conflicts>
    </extension>
    <extension>
      <list> x[14] x[22] </list>
      <conflicts> (0,2)(0,6)(0,8)(0,9)(1,10)(2,2)(2,4)(2,10)(3,5)(3,6)(3,8)(4,3)(4,5)(4,7)(4,8)(4,9)(5,1)(6,3)(6,4)(7,0)(7,2)(7,6)(8,3)(10,0)(10,2)(10,3)(10,6)(10,8) </conflicts>
    </extension>
    <extension>
      <list> x[14] x[23] </list>
      <conflicts> (0,6)(1,6)(1,7)(1,8)(1,9)(2,4)(3,1)(3,2)(3,5)(3,9)(4,4)(4,8)(4,10)(5,3)(5,9)(6,0)(6,2)(6,6)(6,8)(7,3)(7,7)(8,0)(8,3)(8,4)(8,9)(9,9)(10,6) </conflicts>
    </extension>
    <extension>
      <list> x[14] x[25] </list>
      <conflicts> (0,9)(1,7)(1,8)(2,0)(2,2)(2,4)(3,4)(3,5)(3,8)(4,2)(4,7)(5,1)(5,3)(5,9)(6,4)(6,7)(7,1)(7,4)(8,3)(8,4)(8,9)(9,0)(9,1)(9,7)(10,0)(10,9) </conflicts>
    </extension>
    <extension>
      <list> x[14] x[28] </list>
      <conflicts> (0,4)(0,7)(1,1)(2,1)(2,5)(2,8)(2,10)(3,1)(4,10)(5,0)(5,2)(5,5)(5,6)(5,8)(5,10)(6,0)(6,2)(7,6)(7,7)(7,8)(8,6)(8,8)(8,10)(9,8)(10,1)(10,5) </conflicts>
    </extension>
    <extension>
      <list> x[14] x[29] </list>
      <conflicts> (0,0)(0,6)(1,2)(1,6)(3,3)(4,7)(5,5)(5,6)(5,8)(5,9)(6,1)(7,1)(7,2)(7,8)(8,4)(8,7)(8,8)(9,9)(10,2)(10,9) </conflicts>
    </extension>
    <extension>
      <list> x[14] x[30] </list>
      <conflicts> (0,8)(0,10)(1,4)(1,6)(2,8)(3,3)(3,10)(4,2)(4,10)(5,1)(5,5)(5,6)(5,10)(6,7)(7,4)(7,10)(8,2)(9,6)(9,10)(10,5)(10,6) </conflicts>
    </extension>
    <extension>
      <list> x[14] x[33] </list>
      <conflicts> (1,2)(1,6)(1,9)(1,10)(2,0)(2,1)(2,7)(2,8)(3,1)(4,1)(5,1)(5,3)(5,7)(7,0)(7,4)(8,1)(8,6)(9,3)(9,9)(10,1)(10,4)(10,7)(10,10) </conflicts>
    </extension>
    <extension>
      <list> x[14] x[35] </list>
      <conflicts> (0,0)(0,4)(1,0)(1,3)(2,6)(4,5)(5,9)(5,10)(6,5)(7,6)(7,9)(8,7)(8,10)(10,0)(10,6)(10,7) </conflicts>
    </extension>
    <extension>
      <list> x[14] x[36] </list>
      <conflicts> (0,6)(1,5)(2,2)(2,3)(2,9)(3,3)(4,6)(5,2)(5,8)(5,9)(6,0)(6,6)(6,10)(7,5)(8,0)(8,3)(8,7)(8,9)(9,1)(10,5)(10,8)(10,10) </conflicts>
    </extension>
    <extension>
      <list> x[14] x[37] </list>
      <conflicts> (0,10)(1,1)(1,3)(1,4)(1,8)(2,0)(2,1)(2,4)(2,6)(2,8)(2,10)(3,1)(4,0)(4,2)(4,10)(5,0)(5,1)(5,5)(5,8)(6,5)(7,1)(7,2)(7,3)(7,7)(7,9)(8,2)(8,4)(9,6)(10,7)(10,10) </conflicts>
    </extension>
    <extension>
      <list> x[14] x[38] </list>
      <conflicts> (0,7)(1,5)(1,7)(1,10)(2,5)(2,8)(2,9)(3,0)(3,3)(3,9)(4,0)(4,2)(4,7)(4,9)(5,2)(5,6)(5,8)(6,0)(7,1)(7,2)(7,5)(8,1)(8,4)(9,0)(9,8)(10,3)(10,4) </conflicts>
    </extension>
    <extension>
      <list> x[15..16] </list>
      <conflicts> (1,2)(1,4)(1,5)(1,6)(1,9)(2,1)(3,6)(4,2)(4,5)(4,7)(4,9)(5,6)(5,8)(5,10)(6,0)(6,2)(7,8)(8,1)(9,2)(9,5)(9,8)(9,9)(10,1)(10,8) </conflicts>
    </extension>
    <extension>
      <list> x[15] x[17] </list>
      <conflicts> (0,8)(1,0)(1,7)(3,0)(3,6)(3,7)(3,9)(3,10)(5,1)(5,4)(6,6)(7,0)(7,8)(8,0)(8,1)(8,3)(8,6)(8,10)(9,5)(9,10) </conflicts>
    </extension>
    <extension>
      <list> x[15] x[18] </list>
      <conflicts> (0,0)(0,1)(0,3)(1,7)(3,8)(5,4)(5,6)(5,7)(6,2)(6,6)(7,1)(7,5)(8,1)(9,2)(9,3)(9,4)(9,5)(9,6)(10,3)(10,8) </conflicts>
    </extension>
    <extension>
      <list> x[15] x[19] </list>
      <conflicts> (0,4)(0,6)(0,8)(1,1)(1,2)(1,6)(1,8)(2,2)(2,6)(3,3)(3,6)(3,9)(4,4)(4,8)(5,2)(6,7)(7,4)(7,7)(7,8)(8,2)(8,4)(8,5)(8,9)(8,10)(9,0)(9,3)(9,4)(9,5)(10,3)(10,4)(10,5) </conflicts>
    </extension>
    <extension>
      <list> x[15] x[21] </list>
      <conflicts> (0,3)(0,10)(2,1)(2,10)(3,1)(3,3)(3,7)(3,8)(3,9)(4,6)(5,4)(5,6)(6,3)(6,5)(7,1)(7,3)(7,5)(7,6)(7,8)(8,3)(9,3)(9,4)(9,6)(10,1)(10,3)(10,9) </conflicts>
    </extension>
    <extension>
      <list> x[15] x[22] </list>
      <conflicts> (0,2)(0,4)(1,3)(2,2)(2,6)(2,10)(4,3)(4,6)(5,8)(5,9)(6,0)(6,1)(6,3)(6,4)(6,5)(6,7)(6,8)(7,5)(7,7)(7,9)(8,2)(8,6)(9,1)(10,0)(10,2)(10,7)(10,9) </conflicts>
    </extension>
    <extension>
      <list> x[15] x[25] </list>
      <conflicts> (1,7)(2,1)(2,4)(2,7)(3,2)(3,4)(4,6)(4,8)(5,2)(5,4)(6,6)(7,3)(8,7)(9,8)(9,9)(9,10)(10,1) </conflicts>
    </extension>
    <extension>
      <list> x[15] x[26] </list>
      <conflicts> (0,9)(1,6)(1,8)(1,9)(2,8)(2,10)(3,4)(4,0)(4,4)(4,6)(4,10)(5,10)(6,1)(7,0)(7,4)(8,2)(8,4)(8,6)(8,10)(9,5)(10,2)(10,5) </conflicts>
    </extension>
    <extension>
      <list> x[15] x[32] </list>
      <conflicts> (1,2)(2,5)(2,6)(3,4)(3,6)(3,10)(4,2)(4,3)(4,5)(4,7)(4,8)(5,9)(5,10)(6,7)(6,8)(7,0)(7,5)(7,7)(7,9)(8,2)(9,0)(9,7)(9,8)(10,0)(10,6) </conflicts>
    </extension>
    <extension>
      <list> x[15] x[34] </list>
      <conflicts> (1,1)(2,1)(2,5)(2,8)(3,5)(3,8)(4,0)(4,4)(4,6)(4,7)(4,9)(6,0)(6,1)(6,3)(6,4)(6,10)(7,3)(7,4)(7,7)(7,8)(8,6)(9,3)(10,9) </conflicts>
    </extension>
    <extension>
      <list> x[15] x[35] </list>
      <conflicts> (0,0)(0,7)(0,8)(1,4)(1,9)(2,1)(2,3)(2,9)(3,3)(4,6)(4,8)(4,10)(5,5)(6,2)(6,6)(7,2)(7,5)(7,9)(8,3)(8,6)(9,4)(10,2)(10,3)(10,8) </conflicts>
    </extension>
    <extension>
      <list> x[15] x[37] </list>
      <conflicts> (0,1)(0,3)(0,9)(1,3)(1,4)(1,6)(2,3)(2,5)(3,3)(3,8)(3,9)(4,1)(5,4)(5,7)(5,9)(6,1)(7,4)(7,8)(8,3)(8,5)(8,10)(9,2)(9,7)(10,4)(10,5) </conflicts>
    </extension>
    <extension>
      <list> x[15] x[38] </list>
      <conflicts> (0,2)(1,2)(1,4)(1,5)(1,6)(2,9)(3,7)(3,8)(4,0)(4,3)(4,7)(5,0)(6,0)(6,3)(6,7)(6,9)(8,3)(9,6)(9,7)(9,9)(10,2)(10,9) </conflicts>
    </extension>
    <extension>
      <list> x[16..17] </list>
      <conflicts> (0,3)(0,4)(0,8)(0,9)(0,10)(1,5)(1,7)(1,8)(1,9)(2,5)(2,7)(2,9)(3,6)(4,0)(4,4)(4,9)(5,2)(5,10)(6,6)(7,7)(7,8)(8,7)(8,10)(9,2)(9,7)(10,5)(10,6)(10,8) </conflicts>
    </extension>
    <extension>
      <list> x[16] x[18] </list>
      <conflicts> (1,0)(1,1)(1,8)(2,3)(2,4)(2,7)(3,2)(3,4)(3,8)(4,3)(5,5)(6,5)(6,6)(8,0)(8,4)(8,7)(9,6)(9,9)(10,10) </conflicts>
    </extension>
    <extension>
      <list> x[16] x[21] </list>
      <conflicts> (0,2)(0,3)(0,5)(0,7)(1,2)(2,8)(3,7)(4,0)(4,4)(4,10)(5,2)(5,3)(5,5)(5,9)(6,1)(7,6)(7,9)(7,10)(8,2)(8,3)(8,6)(8,7)(8,8)(9,0)(9,3)(10,3)(10,4)(10,8) </conflicts>
    </extension>
    <extension>
      <list> x[16] x[22] </list>
      <conflicts> (0,0)(1,5)(2,9)(3,4)(3,8)(4,0)(4,5)(5,0)(5,3)(6,5)(7,7)(8,7)(9,1)(9,5)(9,8)(10,1) </conflicts>
    </extension>
    <extension>
      <list> x[16] x[27] </list>
      <conflicts> (0,2)(0,10)(1,5)(2,1)(3,3)(3,5)(3,7)(4,0)(4,7)(6,0)(7,0)(7,6)(7,10)(8,7)(9,3)(10,8)(10,9) </conflicts>
    </extension>
    <extension>
      <list> x[16] x[28] </list>
      <conflicts> (0,6)(1,1)(1,2)(1,6)(2,7)(3,5)(3,9)(4,4)(4,5)(4,10)(6,6)(7,5)(7,10)(8,3)(8,5)(9,1)(9,5)(9,10)(10,3)(10,10) </conflicts>
    </extension>
    <extension>
      <list> x[16] x[30] </list>
      <conflicts> (0,4)(0,5)(0,6)(0,7)(1,3)(1,5)(2,1)(2,9)(3,0)(3,6)(3,7)(4,6)(5,0)(5,1)(6,1)(7,0)(7,1)(7,3)(8,3)(8,5)(8,9)(8,10)(9,7)(10,0)(10,2)(10,3) </conflicts>
    </extension>
    <extension>
      <list> x[16] x[31] </list>
      <conflicts> (0,0)(1,5)(2,4)(3,8)(4,2)(5,3)(6,7)(7,5)(8,2)(8,5)(8,8)(9,3)(9,5)(9,6)(9,8)(10,1)(10,4)(10,5) </conflicts>
    </extension>
    <extension>
      <list> x[16] x[32] </list>
      <conflicts> (0,7)(1,0)(1,5)(1,8)(2,9)(4,7)(5,0)(5,4)(6,0)(6,2)(6,7)(6,8)(6,10)(7,2)(7,10)(8,4)(8,6)(8,7)(9,2)(9,6)(10,3)(10,4) </conflicts>
    </extension>
    <extension>
      <list> x[16] x[34] </list>
      <conflicts> (0,0)(1,2)(1,4)(1,7)(1,8)(2,1)(2,2)(2,4)(2,5)(2,7)(2,10)(3,0)(3,6)(3,9)(3,10)(4,2)(4,3)(5,1)(5,8)(5,10)(6,2)(7,7)(8,7)(8,9)(9,2)(10,3)(10,4)(10,6)(10,9) </conflicts>
    </extension>
    <extension>
      <list> x[16] x[36] </list>
      <conflicts> (0,5)(0,9)(2,0)(2,2)(2,6)(2,8)(4,8)(5,0)(5,2)(5,8)(5,10)(6,5)(7,9)(8,4)(8,6)(9,5)(9,9)(10,1)(10,10) </conflicts>
    </extension>
    <extension>
      <list> x[16] x[38] </list>
      <conflicts> (0,1)(0,2)(0,5)(1,1)(1,4)(1,7)(1,10)(2,1)(3,2)(3,3)(3,5)(3,8)(4,4)(4,5)(4,7)(5,1)(5,2)(5,4)(6,0)(6,3)(6,4)(7,0)(7,7)(8,2)(8,5)(9,1)(9,4)(9,7)(9,10)(10,2)(10,3)(10,7) </conflicts>
    </extension>
    <extension>
      <list> x[17] x[19] </list>
      <conflicts> (0,6)(0,7)(1,10)(2,2)(2,5)(2,9)(3,0)(3,2)(3,10)(5,7)(6,6)(7,0)(7,2)(7,3)(8,6)(9,6)(9,8)(9,9)(10,3)(10,5) </conflicts>
    </extension>
    <extension>
      <list> x[17] x[20] </list>
      <conflicts> (0,2)(0,6)(2,0)(2,3)(2,8)(2,9)(3,10)(5,0)(5,1)(6,1)(6,3)(6,5)(6,6)(6,8)(7,4)(7,7)(8,2)(8,7)(9,0)(9,1) </conflicts>
    </extension>
    <extension>
      <list> x[17] x[21] </list>
      <conflicts> (1,3)(1,5)(2,3)(2,6)(2,7)(2,9)(3,2)(4,6)(4,9)(5,1)(5,3)(5,8)(5,9)(6,1)(6,7)(6,10)(7,3)(7,4)(7,8)(7,9)(8,0)(8,1)(9,5)(9,9)(10,0)(10,1)(10,5)(10,7)(10,8) </conflicts>
    </extension>
    <extension>
      <list> x[17] x[22] </list>
      <conflicts> (0,5)(1,1)(2,0)(2,7)(2,9)(3,4)(4,10)(5,5)(5,10)(6,0)(6,1)(6,2)(6,10)(7,7)(7,10)(8,1)(8,4)(8,5)(8,8)(8,9)(9,2)(9,3)(9,9)(9,10)(10,0)(10,1)(10,5) </conflicts>
    </extension>
    <extension>
      <list> x[17] x[23] </list>
      <conflicts> (0,7)(1,1)(1,9)(1,10)(3,0)(3,4)(5,2)(5,3)(5,7)(7,3)(7,6)(9,8)(9,9)(10,2)(10,4)(10,7)(10,9) </conflicts>
    </extension>
    <extension>
      <list> x[17] x[25] </list>
      <conflicts> (0,2)(1,2)(1,4)(1,10)(2,1)(2,3)(2,4)(3,0)(3,1)(3,9)(4,3)(4,9)(5,4)(5,7)(5,8)(6,2)(6,5)(7,7)(7,9)(8,0)(8,2)(8,3)(9,4)(9,5)(9,9)(10,1)(10,3)(10,8) </conflicts>
    </extension>
    <extension>
      <list> x[17] x[26] </list>
      <conflicts> (0,1)(1,0)(1,2)(3,1)(3,4)(4,2)(4,6)(4,8)(5,7)(5,8)(6,1)(7,8)(7,10)(8,0)(8,1)(8,2)(8,3)(8,4)(8,10)(9,0)(9,1)(9,4)(9,9) </conflicts>
    </extension>
    <extension>
      <list> x[17] x[27] </list>
      <conflicts> (0,0)(0,1)(0,3)(0,5)(0,6)(0,9)(0,10)(1,5)(2,8)(3,9)(5,1)(5,3)(5,6)(5,7)(6,1)(6,2)(6,5)(6,6)(6,10)(7,4)(8,5)(8,7)(9,2)(9,3) </conflicts>
    </extension>
    <extension>
      <list> x[17] x[28] </list>
      <conflicts> (0,1)(0,2)(0,6)(0,9)(1,4)(1,7)(2,10)(3,2)(3,5)(3,6)(4,1)(4,5)(5,8)(5,9)(5,10)(7,0)(7,4)(8,2)(8,3)(8,10)(9,1)(9,5) </conflicts>
    </extension>
    <extension>
      <list> x[17] x[29] </list>
      <conflicts> (0,3)(1,0)(1,2)(1,3)(1,8)(1,9)(3,2)(4,1)(4,3)(4,8)(4,10)(5,2)(5,5)(5,6)(5,10)(6,10)(7,3)(7,7)(7,9)(8,1)(8,7)(9,0)(9,5)(10,3)(10,5)(10,6)(10,8) </conflicts>
    </extension>
    <extension>
      <list> x[17] x[31] </list>
      <conflicts> (0,0)(0,1)(0,4)(0,8)(0,10)(1,3)(1,5)(1,7)(1,9)(2,6)(2,7)(2,8)(2,10)(3,0)(3,8)(4,4)(4,6)(5,7)(6,3)(6,10)(7,5)(7,6)(8,1)(8,3)(8,7)(8,10)(9,6)(10,2)(10,7) </conflicts>
    </extension>
    <extension>
      <list> x[17] x[32] </list>
      <conflicts> (0,2)(0,7)(0,8)(1,1)(1,3)(1,5)(1,6)(1,10)(2,0)(2,1)(2,4)(2,6)(2,7)(3,2)(3,6)(4,3)(4,6)(4,7)(5,1)(5,2)(5,8)(6,3)(6,9)(7,1)(7,7)(8,1)(8,2)(8,3)(8,7)(9,6)(10,7)(10,10) </conflicts>
    </extension>
    <extension>
      <list> x[17] x[33] </list>
      <conflicts> (0,3)(1,0)(1,1)(2,2)(2,3)(2,5)(2,7)(3,9)(4,0)(4,1)(4,5)(4,6)(4,7)(4,10)(5,1)(5,7)(6,5)(6,7)(7,1)(8,1)(9,4)(9,6)(9,10)(10,0)(10,1)(10,2)(10,4)(10,6) </conflicts>
    </extension>
    <extension>
      <list> x[17] x[37] </list>
      <conflicts> (0,4)(0,7)(0,9)(0,10)(1,0)(1,2)(1,3)(1,5)(3,3)(3,4)(3,10)(4,4)(5,2)(5,6)(5,7)(6,7)(6,9)(7,5)(7,8)(8,5)(8,6)(9,2)(9,8)(9,9)(10,2) </conflicts>
    </extension>
    <extension>
      <list> x[17] x[39] </list>
      <conflicts> (0,1)(0,4)(1,0)(1,3)(1,4)(1,5)(1,7)(3,1)(3,7)(3,9)(4,1)(4,7)(5,2)(5,3)(6,7)(6,8)(7,5)(7,8)(7,10)(8,8)(9,7)(9,8)(10,2)(10,3)(10,4)(10,8) </conflicts>
    </extension>
    <extension>
      <list> x[18] x[22] </list>
      <conflicts> (0,3)(0,6)(1,0)(1,4)(3,10)(4,2)(4,8)(5,7)(6,7)(6,10)(7,3)(7,5)(7,8)(8,2)(8,7)(8,10)(9,4)(9,6)(10,4)(10,8) </conflicts>
    </extension>
    <extension>
      <list> x[18] x[27] </list>
      <conflicts> (0,0)(0,2)(0,9)(1,3)(1,10)(2,5)(2,6)(3,1)(4,6)(4,9)(5,8)(6,0)(6,2)(6,3)(7,0)(8,1)(8,10)(10,2)(10,6)(10,7)(10,9) </conflicts>
    </extension>
    <extension>
      <list> x[18] x[30] </list>
      <conflicts> (0,1)(0,10)(1,0)(1,4)(1,5)(1,6)(2,9)(3,2)(3,4)(3,7)(3,8)(3,9)(4,6)(4,10)(5,0)(5,4)(5,6)(5,10)(6,7)(7,7)(7,9)(8,2)(8,3)(8,6)(9,2)(9,5)(9,9)(10,2)(10,8) </conflicts>
    </extension>
    <extension>
      <list> x[18] x[31] </list>
      <conflicts> (0,0)(0,5)(1,1)(1,2)(1,4)(1,7)(1,9)(2,5)(3,4)(3,5)(3,8)(4,0)(5,4)(5,5)(5,8)(5,9)(6,1)(6,2)(7,0)(7,1)(7,5)(7,8)(8,0)(8,1)(8,4)(8,10)(9,1)(9,3)(10,0) </conflicts>
    </extension>
    <extension>
      <list> x[18] x[32] </list>
      <conflicts> (0,6)(1,2)(1,4)(1,8)(1,10)(2,3)(2,7)(3,3)(3,4)(3,5)(3,6)(4,6)(5,3)(5,4)(5,5)(7,4)(8,0)(8,2)(9,4)(10,0)(10,1)(10,4) </conflicts>
    </extension>
    <extension>
      <list> x[18] x[34] </list>
      <conflicts> (0,0)(0,8)(1,0)(1,1)(1,9)(1,10)(2,8)(2,9)(3,4)(3,5)(3,7)(3,8)(4,2)(4,3)(4,5)(4,6)(4,8)(4,9)(6,1)(6,5)(7,2)(7,3)(7,7)(8,5)(8,10)(9,1)(9,2)(9,4)(9,5)(9,10)(10,9) </conflicts>
    </extension>
    <extension>
      <list> x[18] x[37] </list>
      <conflicts> (0,0)(0,1)(0,9)(1,1)(1,6)(2,1)(2,5)(2,9)(4,5)(5,0)(5,7)(5,10)(8,7)(9,4)(9,7)(9,9)(10,8) </conflicts>
    </extension>
    <extension>
      <list> x[18] x[39] </list>
      <conflicts> (0,0)(0,5)(0,9)(1,3)(1,5)(1,8)(1,10)(2,6)(4,6)(4,10)(5,3)(5,5)(6,0)(6,1)(6,6)(6,9)(7,4)(7,5)(7,7)(8,9)(9,4)(9,9)(9,10)(10,4)(10,5)(10,6) </conflicts>
    </extension>
    <extension>
      <list> x[19] x[22] </list>
      <conflicts> (0,5)(1,5)(1,8)(2,1)(2,7)(2,9)(3,8)(3,9)(4,3)(5,0)(5,3)(5,5)(5,10)(6,4)(7,1)(7,3)(7,6)(7,7)(7,9)(8,4)(8,9)(9,0)(9,4)(10,1)(10,4)(10,7)(10,10) </conflicts>
    </extension>
    <extension>
      <list> x[19] x[23] </list>
      <conflicts> (0,3)(0,6)(1,2)(2,3)(2,6)(3,0)(3,7)(4,0)(4,2)(4,3)(4,7)(5,10)(6,0)(6,1)(6,8)(7,0)(7,1)(7,6)(8,0)(8,7)(9,0)(9,5)(9,6)(10,3)(10,6)(10,8) </conflicts>
    </extension>
    <extension>
      <list> x[19] x[24] </list>
      <conflicts> (0,9)(1,4)(1,8)(3,0)(3,7)(4,1)(4,2)(4,4)(5,4)(5,9)(5,10)(6,7)(7,2)(7,7)(8,3)(8,5)(9,2)(9,7)(10,4)(10,5) </conflicts>
    </extension>
    <extension>
      <list> x[19] x[26] </list>
      <conflicts> (1,0)(1,1)(1,2)(1,5)(1,7)(2,7)(3,7)(3,9)(4,3)(4,9)(5,4)(6,3)(7,0)(7,4)(7,7)(9,0)(10,4)(10,9) </conflicts>
    </extension>
    <extension>
      <list> x[19] x[27] </list>
      <conflicts> (0,1)(0,8)(1,5)(2,3)(2,5)(3,0)(3,4)(3,7)(3,9)(4,4)(4,7)(5,0)(5,2)(5,9)(6,7)(7,1)(7,6)(7,8)(8,1)(8,3)(8,9)(9,3)(9,4)(10,1)(10,3)(10,5)(10,7)(10,9)(10,10) </conflicts>
    </extension>
    <extension>
      <list> x[19] x[28] </list>
      <conflicts> (0,0)(0,1)(0,4)(0,9)(2,0)(2,5)(2,7)(2,8)(2,10)(3,8)(3,9)(3,10)(4,1)(4,9)(5,2)(5,5)(5,6)(6,3)(7,2)(8,0)(8,6)(8,9)(9,4)(9,5)(9,6)(10,1)(10,6) </conflicts>
    </extension>
    <extension>
      <list> x[19] x[32] </list>
      <conflicts> (0,0)(0,3)(0,6)(0,8)(1,6)(2,1)(2,10)(3,0)(3,7)(3,8)(3,10)(4,3)(4,7)(4,10)(5,1)(5,7)(6,7)(6,9)(7,6)(8,2)(8,5)(8,6)(8,8)(9,6)(9,10)(10,1)(10,2) </conflicts>
    </extension>
    <extension>
      <list> x[19] x[35] </list>
      <conflicts> (0,6)(2,0)(2,8)(3,3)(3,9)(4,2)(4,4)(4,7)(4,10)(5,4)(5,8)(6,1)(6,7)(7,0)(7,5)(7,7)(7,10)(8,0)(8,3)(9,3)(9,7)(10,0)(10,5)(10,9) </conflicts>
    </extension>
    <extension>
      <list> x[19] x[37] </list>
      <conflicts> (0,0)(0,9)(0,10)(1,0)(1,2)(2,7)(3,3)(3,4)(4,1)(4,3)(4,7)(4,8)(5,6)(5,7)(5,8)(6,3)(6,4)(6,7)(7,0)(8,10)(9,9)(10,1)(10,7)(10,8) </conflicts>
    </extension>
    <extension>
      <list> x[20] x[23] </list>
      <conflicts> (0,0)(1,1)(1,2)(1,7)(1,9)(2,2)(4,2)(4,5)(5,0)(6,2)(6,4)(6,5)(7,8)(8,6)(9,4)(9,7)(9,9)(10,7) </conflicts>
    </extension>
    <extension>
      <list> x[20] x[24] </list>
      <conflicts> (1,0)(1,2)(1,4)(2,6)(2,7)(2,9)(3,9)(4,0)(5,1)(5,5)(5,8)(6,0)(6,2)(6,3)(6,9)(7,5)(8,5)(9,0)(9,4)(9,9)(10,0)(10,2)(10,5)(10,8) </conflicts>
    </extension>
    <extension>
      <list> x[20] x[25] </list>
      <conflicts> (0,3)(0,5)(0,6)(0,8)(1,7)(1,8)(3,0)(3,4)(3,8)(3,10)(4,5)(4,8)(5,4)(6,0)(6,3)(6,8)(7,6)(8,3)(8,6)(8,7)(8,9)(9,3)(9,4)(10,0)(10,5)(10,7) </conflicts>
    </extension>
    <extension>
      <list> x[20] x[27] </list>
      <conflicts> (0,0)(0,9)(1,3)(1,9)(1,10)(3,7)(3,8)(3,10)(4,5)(4,8)(4,9)(5,1)(5,8)(5,10)(6,1)(7,5)(7,10)(8,0)(8,4)(8,6)(8,10)(9,1)(9,7)(10,6) </conflicts>
    </extension>
    <extension>
      <list> x[20] x[30] </list>
      <conflicts> (0,0)(0,1)(0,8)(1,10)(2,1)(3,6)(3,9)(4,4)(5,9)(6,0)(6,6)(6,9)(7,2)(7,3)(7,5)(8,3)(8,9)(9,0)(9,1)(9,2)(10,3)(10,9) </conflicts>
    </extension>
    <extension>
      <list> x[20] x[31] </list>
      <conflicts> (0,5)(0,10)(1,4)(1,5)(1,7)(2,3)(2,6)(2,8)(3,8)(3,10)(5,1)(5,2)(5,3)(5,4)(6,9)(7,1)(7,6)(7,8)(7,9)(8,2)(8,6)(9,1)(9,2)(10,1)(10,3)(10,7) </conflicts>
    </extension>
    <extension>
      <list> x[20] x[32] </list>
      <conflicts> (1,5)(2,2)(2,5)(3,1)(3,2)(3,5)(3,9)(4,0)(4,1)(4,4)(6,2)(6,3)(6,4)(7,6)(7,7)(7,8)(9,1)(9,7)(10,1)(10,6)(10,8)(10,9) </conflicts>
    </extension>
    <extension>
      <list> x[20] x[36] </list>
      <conflicts> (0,4)(1,2)(1,4)(1,10)(2,0)(2,3)(2,6)(2,7)(2,9)(3,2)(4,1)(4,3)(4,9)(5,0)(5,3)(5,6)(5,9)(6,1)(6,5)(6,9)(7,1)(7,6)(7,7)(8,4)(8,6)(9,2)(9,4)(9,8)(10,0)(10,2)(10,6) </conflicts>
    </extension>
    <extension>
      <list> x[20] x[37] </list>
      <conflicts> (0,0)(0,2)(0,6)(0,9)(1,1)(1,3)(1,4)(2,2)(3,0)(3,4)(3,5)(3,8)(3,10)(4,2)(4,8)(4,10)(5,1)(5,5)(5,7)(5,10)(6,0)(6,3)(6,4)(6,5)(6,6)(6,9)(8,0)(8,1)(8,9)(9,0)(9,4)(9,5) </conflicts>
    </extension>
    <extension>
      <list> x[21..22] </list>
      <conflicts> (0,0)(0,5)(1,5)(1,8)(1,10)(2,0)(2,2)(2,6)(2,10)(3,0)(3,8)(4,0)(4,4)(5,5)(5,10)(6,6)(6,8)(6,10)(7,3)(7,7)(8,10)(9,3)(10,0)(10,3)(10,4)(10,9) </conflicts>
    </extension>
    <extension>
      <list> x[21] x[23] </list>
      <conflicts> (0,3)(0,7)(1,5)(1,8)(2,5)(2,8)(2,10)(3,8)(4,0)(4,6)(4,9)(5,4)(5,5)(5,10)(6,0)(6,10)(7,4)(7,6)(8,5)(9,3)(9,9)(10,0)(10,1)(10,3) </conflicts>
    </extension>
    <extension>
      <list> x[21] x[26] </list>
      <conflicts> (0,4)(0,6)(0,7)(1,4)(1,5)(1,8)(1,9)(2,1)(2,2)(2,7)(3,9)(4,0)(4,2)(4,3)(5,3)(5,4)(6,0)(6,2)(6,3)(6,5)(7,2)(7,9)(8,3)(8,5)(9,0)(9,9)(10,2)(10,10) </conflicts>
    </extension>
    <extension>
      <list> x[21] x[28] </list>
      <conflicts> (0,1)(0,3)(0,5)(1,1)(1,4)(1,5)(2,10)(3,0)(3,2)(3,8)(3,9)(4,4)(4,10)(5,1)(6,4)(6,9)(6,10)(7,9)(7,10)(8,1)(9,8)(10,1)(10,3) </conflicts>
    </extension>
    <extension>
      <list> x[21] x[29] </list>
      <conflicts> (0,0)(0,1)(0,3)(0,7)(1,1)(1,2)(3,8)(3,10)(4,4)(5,2)(6,5)(6,6)(6,7)(6,8)(7,4)(7,9)(8,0)(8,8)(9,1)(9,2)(9,8)(9,9)(9,10)(10,2) </conflicts>
    </extension>
    <extension>
      <list> x[21] x[30] </list>
      <conflicts> (0,2)(0,3)(1,0)(1,2)(1,5)(1,9)(2,0)(2,5)(2,6)(2,9)(4,1)(4,7)(4,10)(5,0)(5,3)(6,2)(6,9)(7,0)(7,3)(8,7)(9,2)(10,6)(10,7)(10,9) </conflicts>
    </extension>
    <extension>
      <list> x[21] x[31] </list>
      <conflicts> (0,2)(0,3)(0,10)(1,1)(1,3)(2,0)(2,1)(2,2)(3,7)(3,10)(4,7)(5,2)(5,3)(5,6)(5,7)(6,0)(7,2)(7,7)(8,8)(8,9)(9,0)(9,4)(10,1)(10,10) </conflicts>
    </extension>
    <extension>
      <list> x[21] x[33] </list>
      <conflicts> (0,0)(0,4)(0,10)(2,1)(2,4)(2,5)(2,8)(3,8)(3,9)(4,7)(5,0)(5,6)(5,7)(6,2)(6,5)(7,3)(7,10)(8,5)(8,10)(9,6)(9,8)(10,1) </conflicts>
    </extension>
    <extension>
      <list> x[21] x[34] </list>
      <conflicts> (0,7)(1,4)(1,9)(2,0)(2,9)(3,3)(5,6)(5,10)(6,2)(6,3)(6,8)(7,9)(8,1)(8,4)(8,5)(8,7)(9,8)(9,10)(10,7) </conflicts>
    </extension>
    <extension>
      <list> x[21] x[38] </list>
      <conflicts> (0,0)(0,4)(0,5)(1,2)(1,3)(1,5)(1,6)(1,10)(2,0)(2,6)(2,8)(2,10)(3,5)(4,2)(4,4)(4,9)(5,0)(5,1)(5,4)(5,7)(6,4)(6,9)(7,0)(7,4)(8,0)(8,9)(9,3)(9,9)(10,1)(10,6) </conflicts>
    </extension>
    <extension>
      <list> x[22] x[24] </list>
      <conflicts> (0,1)(1,1)(1,3)(1,5)(1,10)(2,0)(2,1)(3,0)(3,4)(3,8)(3,9)(4,1)(4,7)(5,5)(5,7)(5,8)(5,10)(6,0)(6,6)(7,0)(7,1)(7,2)(7,4)(7,5)(8,2)(8,3)(8,6)(8,7)(8,9)(9,2)(9,3)(9,7)(10,3) </conflicts>
    </extension>
    <extension>
      <list> x[22] x[28] </list>
      <conflicts> (1,4)(1,8)(1,9)(2,3)(2,9)(3,4)(3,10)(4,0)(5,0)(5,2)(5,5)(6,6)(7,4)(7,5)(7,6)(7,7)(8,3)(8,6)(8,7)(9,0)(9,2)(9,6) </conflicts>
    </extension>
    <extension>
      <list> x[22] x[29] </list>
      <conflicts> (0,0)(0,3)(0,5)(1,0)(3,6)(3,9)(4,2)(4,9)(5,0)(5,1)(6,1)(6,2)(6,8)(7,5)(8,1)(8,5)(8,8)(8,9)(8,10)(9,1)(9,4)(10,8) </conflicts>
    </extension>
    <extension>
      <list> x[22] x[31] </list>
      <conflicts> (0,8)(1,7)(2,0)(2,1)(2,5)(2,7)(3,1)(3,2)(3,3)(3,6)(4,0)(5,1)(6,7)(7,1)(7,7)(8,2)(9,7)(9,9)(10,0) </conflicts>
    </extension>
    <extension>
      <list> x[22] x[32] </list>
      <conflicts> (0,1)(0,7)(1,0)(1,1)(1,7)(2,3)(3,6)(4,6)(4,7)(4,10)(5,0)(5,10)(6,2)(6,3)(6,5)(6,7)(6,9)(7,0)(8,10)(9,1)(9,2)(9,5)(9,6)(10,4) </conflicts>
    </extension>
    <extension>
      <list> x[22] x[33] </list>
      <conflicts> (0,0)(0,8)(1,1)(1,4)(1,7)(1,9)(2,7)(3,2)(3,3)(3,8)(4,0)(4,9)(5,0)(6,1)(6,8)(7,7)(8,2)(8,6)(8,7)(8,9)(9,8)(10,0)(10,3)(10,4)(10,9) </conflicts>
    </extension>
    <extension>
      <list> x[22] x[35] </list>
      <conflicts> (0,2)(0,7)(0,9)(1,9)(2,3)(2,5)(3,1)(3,7)(3,8)(4,0)(4,10)(5,0)(5,3)(5,6)(5,10)(6,1)(6,6)(6,7)(7,6)(7,8)(8,3)(8,6)(8,7)(8,8)(8,10)(9,0)(9,2)(9,5)(9,6)(9,10)(10,1)(10,4) </conflicts>
    </extension>
    <extension>
      <list> x[22] x[39] </list>
      <conflicts> (0,1)(0,2)(0,8)(1,3)(1,7)(1,9)(2,3)(2,7)(2,8)(3,0)(3,2)(3,4)(4,3)(4,6)(4,9)(5,2)(5,5)(5,7)(5,10)(6,4)(6,5)(7,5)(7,7)(8,2)(8,4)(8,8)(9,1)(9,3)(10,4)(10,6) </conflicts>
    </extension>
    <extension>
      <list> x[23] x[25] </list>
      <conflicts> (0,7)(1,9)(2,5)(3,5)(3,8)(3,9)(4,0)(5,2)(5,3)(5,4)(5,7)(5,8)(5,9)(6,1)(6,2)(7,4)(7,6)(7,8)(8,1)(8,2)(8,4)(8,8)(8,9)(10,0)(10,5)(10,7) </conflicts>
    </extension>
    <extension>
      <list> x[23] x[28] </list>
      <conflicts> (0,9)(0,10)(1,0)(1,1)(2,0)(2,2)(4,0)(7,10)(8,3)(9,3)(9,7)(10,4) </conflicts>
    </extension>
    <extension>
      <list> x[23] x[29] </list>
      <conflicts> (1,0)(1,3)(1,8)(2,1)(2,8)(5,1)(5,6)(5,7)(5,8)(7,0)(7,3)(7,4)(7,10)(8,4)(8,8)(8,9)(9,2)(9,6)(9,8)(9,10)(10,2)(10,4) </conflicts>
    </extension>
    <extension>
      <list> x[23] x[30] </list>
      <conflicts> (0,2)(1,1)(1,3)(1,4)(1,5)(1,9)(2,2)(2,9)(4,8)(5,8)(5,10)(6,6)(6,7)(7,8)(7,9)(8,4)(9,10)(10,1)(10,6)(10,7) </conflicts>
    </extension>
    <extension>
      <list> x[23] x[31] </list>
      <conflicts> (0,1)(0,3)(0,4)(1,3)(1,7)(2,1)(2,10)(3,7)(3,10)(5,1)(5,2)(5,6)(6,1)(7,6)(9,10)(10,7) </conflicts>
    </extension>
    <extension>
      <list> x[23] x[33] </list>
      <conflicts> (0,0)(0,2)(0,3)(1,2)(1,3)(2,5)(3,8)(5,0)(5,2)(5,7)(6,7)(6,10)(7,2)(7,3)(7,7)(9,7)(10,1)(10,10) </conflicts>
    </extension>
    <extension>
      <list> x[23] x[37] </list>
      <conflicts> (0,5)(1,3)(1,6)(1,8)(1,9)(3,0)(3,3)(3,9)(4,0)(4,4)(5,0)(5,8)(6,4)(7,2)(7,5)(7,6)(7,10)(8,3)(9,0)(9,2)(9,4)(10,1)(10,2)(10,8) </conflicts>
    </extension>
    <extension>
      <list> x[23] x[38] </list>
      <conflicts> (0,0)(0,4)(0,6)(0,7)(0,8)(1,1)(1,3)(1,8)(1,10)(2,1)(2,3)(2,5)(2,9)(4,6)(4,7)(5,0)(5,8)(6,2)(6,3)(7,0)(7,6)(8,3)(8,9)(8,10)(9,0)(9,5)(9,7)(9,8)(10,6)(10,8)(10,9)(10,10) </conflicts>
    </extension>
    <extension>
      <list> x[24..25] </list>
      <conflicts> (0,5)(1,3)(1,7)(1,8)(2,2)(2,6)(2,8)(3,8)(4,0)(4,2)(4,5)(4,8)(4,9)(4,10)(6,8)(6,9)(7,7)(7,8)(7,9)(8,5)(9,0)(9,1)(9,9) </conflicts>
    </extension>
    <extension>
      <list> x[24] x[28] </list>
      <conflicts> (0,5)(0,7)(0,9)(1,0)(1,3)(1,7)(2,7)(2,10)(3,1)(3,6)(3,8)(3,10)(4,1)(4,6)(4,8)(6,8)(7,4)(8,6)(9,0)(9,7)(9,10)(10,0) </conflicts>
    </extension>
    <extension>
      <list> x[24] x[31] </list>
      <conflicts> (0,5)(1,2)(1,3)(1,4)(1,8)(1,9)(1,10)(2,4)(2,10)(3,1)(3,6)(3,10)(4,0)(4,7)(5,1)(5,6)(5,7)(7,4)(7,7)(7,8)(8,0)(8,1)(8,9)(8,10)(9,1)(9,5)(9,8)(10,1)(10,3)(10,4)(10,5)(10,7) </conflicts>
    </extension>
    <extension>
      <list> x[24] x[33] </list>
      <conflicts> (0,2)(1,2)(1,10)(3,5)(4,5)(4,6)(4,8)(5,0)(5,5)(5,7)(5,9)(6,8)(6,9)(6,10)(7,0)(7,7)(7,9)(8,2)(8,7)(8,9)(9,2)(9,3)(9,7)(9,10) </conflicts>
    </extension>
    <extension>
      <list> x[24] x[36] </list>
      <conflicts> (0,2)(0,7)(0,8)(0,9)(1,4)(1,8)(1,9)(2,0)(2,1)(2,7)(4,3)(4,6)(5,9)(6,1)(6,2)(7,2)(7,3)(7,6)(8,1)(8,3)(8,4)(8,8)(8,9)(9,4)(9,5)(10,2) </conflicts>
    </extension>
    <extension>
      <list> x[24] x[38] </list>
      <conflicts> (0,4)(1,5)(1,7)(2,3)(2,4)(2,8)(3,7)(3,10)(4,0)(4,3)(4,7)(4,8)(5,10)(6,1)(6,2)(6,5)(6,7)(7,0)(7,1)(7,3)(7,7)(7,9)(9,5)(10,4) </conflicts>
    </extension>
    <extension>
      <list> x[24] x[39] </list>
      <conflicts> (0,0)(2,2)(3,4)(4,3)(5,2)(5,4)(5,6)(5,10)(6,1)(6,2)(6,3)(6,5)(6,7)(6,10)(7,1)(7,8)(8,3)(8,9)(9,2)(9,6)(9,7)(10,4)(10,7)(10,8) </conflicts>
    </extension>
    <extension>
      <list> x[25] x[27] </list>
      <conflicts> (0,0)(0,10)(1,1)(1,2)(1,7)(1,9)(2,1)(2,3)(2,4)(2,7)(3,3)(3,4)(3,6)(4,0)(4,1)(4,5)(4,6)(4,10)(5,5)(5,7)(6,0)(6,8)(7,6)(7,10)(8,3)(8,10)(9,1)(9,5)(10,5)(10,6) </conflicts>
    </extension>
    <extension>
      <list> x[25] x[30] </list>
      <conflicts> (0,5)(0,7)(0,8)(0,9)(1,8)(1,10)(2,9)(3,0)(3,3)(3,5)(5,5)(5,10)(6,2)(6,3)(6,4)(6,6)(6,7)(7,2)(7,7)(8,5)(9,0)(9,1)(9,3)(9,6)(9,7)(9,9)(10,3)(10,5)(10,10) </conflicts>
    </extension>
    <extension>
      <list> x[25] x[32] </list>
      <conflicts> (0,2)(0,9)(1,1)(1,2)(1,3)(1,4)(1,8)(2,3)(2,4)(2,9)(3,2)(3,10)(4,1)(4,2)(4,6)(4,10)(5,2)(5,4)(6,4)(6,5)(6,7)(6,9)(7,2)(8,6)(9,5)(10,6)(10,7)(10,10) </conflicts>
    </extension>
    <extension>
      <list> x[25] x[33] </list>
      <conflicts> (0,6)(1,1)(1,5)(2,0)(2,2)(2,6)(4,1)(4,8)(4,9)(5,6)(6,0)(6,5)(6,6)(6,7)(6,8)(7,4)(7,9)(7,10)(8,5)(8,9)(8,10)(9,2)(9,3)(9,6)(9,10)(10,7) </conflicts>
    </extension>
    <extension>
      <list> x[25] x[34] </list>
      <conflicts> (0,3)(0,4)(0,5)(1,2)(1,8)(2,1)(2,3)(3,2)(3,3)(3,8)(4,3)(4,4)(4,6)(4,7)(4,8)(5,0)(6,1)(8,3)(8,6)(8,7)(9,10) </conflicts>
    </extension>
    <extension>
      <list> x[25] x[35] </list>
      <conflicts> (0,2)(1,7)(2,1)(2,3)(2,4)(3,0)(3,3)(3,6)(4,3)(4,6)(4,8)(5,4)(5,8)(5,10)(6,4)(6,5)(7,0)(7,6)(8,8)(9,3)(9,6)(10,4)(10,6)(10,7) </conflicts>
    </extension>
    <extension>
      <list> x[25] x[36] </list>
      <conflicts> (0,1)(0,9)(0,10)(1,1)(1,7)(2,2)(2,4)(3,0)(3,6)(3,8)(3,9)(4,1)(4,2)(4,5)(4,8)(4,10)(5,7)(6,6)(6,7)(6,8)(8,2)(8,3)(8,4)(8,6)(8,10)(9,1)(9,6)(9,7)(10,1)(10,3)(10,7)(10,10) </conflicts>
    </extension>
    <extension>
      <list> x[26..27] </list>
      <conflicts> (1,6)(1,10)(2,0)(2,2)(3,0)(3,3)(4,4)(4,8)(5,1)(5,4)(5,6)(5,7)(6,7)(7,7)(8,0)(9,3)(9,5)(9,7)(9,9)(10,2)(10,4)(10,5)(10,10) </conflicts>
    </extension>
    <extension>
      <list> x[26] x[28] </list>
      <conflicts> (0,2)(0,5)(1,3)(2,7)(3,0)(4,9)(4,10)(6,1)(6,7)(7,1)(7,2)(7,5)(8,1)(8,5)(8,9)(9,6)(9,9)(10,1)(10,8)(10,9) </conflicts>
    </extension>
    <extension>
      <list> x[26] x[29] </list>
      <conflicts> (0,0)(0,2)(0,8)(1,0)(1,4)(1,5)(1,10)(2,1)(3,1)(3,5)(3,6)(3,7)(3,9)(5,7)(5,8)(6,3)(6,4)(6,9)(6,10)(7,0)(7,9)(8,8)(9,9)(9,10)(10,3)(10,5)(10,6)(10,7)(10,10) </conflicts>
    </extension>
    <extension>
      <list> x[26] x[32] </list>
      <conflicts> (0,0)(0,6)(0,8)(1,2)(1,5)(1,7)(1,10)(2,0)(2,4)(2,8)(3,3)(3,9)(4,7)(4,8)(4,10)(5,4)(6,1)(6,2)(6,10)(7,1)(8,3)(8,4)(8,8)(9,1)(9,9)(9,10)(10,7)(10,9) </conflicts>
    </extension>
    <extension>
      <list> x[26] x[36] </list>
      <conflicts> (0,1)(1,3)(1,9)(1,10)(2,2)(2,5)(2,6)(2,10)(3,9)(4,5)(5,0)(5,3)(6,0)(6,3)(7,1)(7,8)(8,0)(8,1)(8,4)(8,7)(8,8)(9,0)(9,4)(9,10)(10,7)(10,8) </conflicts>
    </extension>
    <extension>
      <list> x[26] x[37] </list>
      <conflicts> (0,0)(0,5)(1,1)(1,6)(1,10)(2,4)(2,9)(3,9)(4,1)(5,1)(5,8)(6,7)(7,0)(7,7)(7,9)(8,4)(9,4)(9,9)(10,1)(10,4)(10,5)(10,6) </conflicts>
    </extension>
    <extension>
      <list> x[26] x[38] </list>
      <conflicts> (0,0)(0,8)(0,10)(2,3)(2,4)(2,8)(3,8)(4,5)(4,7)(5,0)(5,3)(5,7)(6,3)(6,5)(6,6)(6,10)(8,6)(10,9)(10,10) </conflicts>
    </extension>
    <extension>
      <list> x[26] x[39] </list>
      <conflicts> (0,2)(0,9)(1,6)(2,0)(2,5)(2,8)(3,6)(4,4)(4,5)(4,8)(7,6)(8,3)(9,1)(10,0)(10,2)(10,4)(10,9)(10,10) </conflicts>
    </extension>
    <extension>
      <list> x[27] x[29] </list>
      <conflicts> (2,1)(2,2)(2,5)(2,8)(2,9)(3,0)(3,6)(4,2)(4,10)(5,3)(6,1)(7,0)(7,2)(7,3)(7,9)(8,1)(8,5)(8,10)(10,5)(10,6) </conflicts>
    </extension>
    <extension>
      <list> x[27] x[31] </list>
      <conflicts> (0,3)(0,6)(0,9)(1,4)(1,10)(2,0)(2,5)(2,10)(3,6)(4,6)(5,4)(5,7)(6,3)(7,0)(8,1)(9,1)(9,4)(9,8)(10,6)(10,7)(10,9) </conflicts>
    </extension>
    <extension>
      <list> x[27] x[38] </list>
      <conflicts> (1,2)(1,5)(2,4)(2,10)(3,0)(3,3)(4,2)(4,3)(4,9)(5,7)(6,6)(8,3)(8,7)(9,1)(9,4)(9,6)(10,0)(10,4)(10,9) </conflicts>
    </extension>
    <extension>
      <list> x[27] x[39] </list>
      <conflicts> (0,3)(1,7)(1,9)(1,10)(2,2)(2,6)(2,9)(3,3)(4,0)(5,0)(5,2)(5,6)(5,8)(6,1)(6,4)(7,2)(7,3)(7,5)(8,2)(8,4)(9,2)(9,9) </conflicts>
    </extension>
    <extension>
      <list> x[28..29] </list>
      <conflicts> (0,7)(0,10)(1,2)(1,10)(2,3)(2,8)(2,9)(3,3)(3,5)(4,9)(5,9)(6,3)(6,7)(6,8)(6,10)(7,2)(7,4)(7,10)(8,2)(8,10)(9,10)(10,2)(10,5) </conflicts>
    </extension>
    <extension>
      <list> x[28] x[30] </list>
      <conflicts> (0,8)(1,1)(1,3)(1,5)(1,6)(1,7)(1,8)(3,8)(3,10)(4,8)(5,2)(5,8)(6,0)(7,1)(7,7)(8,6)(9,0)(9,3)(9,6)(9,8)(10,0) </conflicts>
    </extension>
    <extension>
      <list> x[28] x[31] </list>
      <conflicts> (0,4)(1,4)(1,6)(1,10)(2,0)(2,3)(2,6)(3,7)(3,8)(4,8)(4,10)(5,1)(5,5)(6,0)(6,5)(6,8)(6,10)(7,2)(7,3)(7,4)(8,0)(8,1)(8,3)(8,7)(8,9)(8,10)(9,4)(9,8)(10,9)(10,10) </conflicts>
    </extension>
    <extension>
      <list> x[28] x[32] </list>
      <conflicts> (0,5)(0,9)(1,4)(1,7)(1,9)(2,0)(2,5)(2,6)(2,8)(4,0)(4,1)(4,6)(5,1)(5,2)(5,6)(6,2)(6,4)(7,7)(7,9)(8,0)(8,4)(9,1)(9,2)(9,5)(9,10)(10,1)(10,2)(10,6)(10,9)(10,10) </conflicts>
    </extension>
    <extension>
      <list> x[28] x[33] </list>
      <conflicts> (0,0)(0,7)(1,2)(1,3)(2,5)(2,8)(2,9)(3,3)(3,5)(3,9)(4,6)(5,2)(5,8)(5,9)(6,10)(7,2)(7,4)(7,7)(8,1)(8,2)(8,4)(8,8)(10,3)(10,4) </conflicts>
    </extension>
    <extension>
      <list> x[28] x[34] </list>
      <conflicts> (0,0)(0,1)(0,9)(1,7)(1,10)(2,3)(2,4)(2,7)(2,10)(3,8)(4,8)(4,10)(5,3)(5,5)(6,0)(6,10)(7,1)(7,2)(7,5)(7,7)(8,2)(8,3)(8,5)(8,6)(8,7)(9,1)(9,4)(9,7)(9,9)(10,0) </conflicts>
    </extension>
    <extension>
      <list> x[28] x[36] </list>
      <conflicts> (0,6)(0,10)(1,3)(2,0)(2,5)(2,6)(2,10)(4,1)(4,3)(4,5)(4,9)(5,5)(5,9)(5,10)(6,6)(8,0)(8,2)(8,7)(8,8)(8,10)(10,4)(10,5)(10,7) </conflicts>
    </extension>
    <extension>
      <list> x[28] x[37] </list>
      <conflicts> (0,5)(1,10)(3,6)(3,9)(3,10)(4,6)(5,0)(5,2)(5,5)(6,8)(6,10)(7,5)(9,2)(9,9)(10,9) </conflicts>
    </extension>
    <extension>
      <list> x[28] x[38] </list>
      <conflicts> (0,2)(0,4)(0,9)(1,0)(1,8)(1,10)(2,0)(2,8)(3,4)(3,7)(3,8)(4,1)(6,10)(7,5)(8,1)(8,2)(8,5)(10,0)(10,1)(10,7)(10,10) </conflicts>
    </extension>
    <extension>
      <list> x[28] x[39] </list>
      <conflicts> (0,6)(0,7)(0,9)(0,10)(1,0)(1,1)(2,0)(2,6)(3,7)(3,8)(3,9)(4,7)(4,9)(5,1)(6,3)(7,2)(7,3)(8,0)(8,4)(9,3)(9,7)(9,9)(10,10) </conflicts>
    </extension>
    <extension>
      <list> x[29..30] </list>
      <conflicts> (0,0)(0,6)(0,10)(1,4)(1,8)(2,0)(2,7)(2,8)(3,9)(3,10)(4,9)(5,0)(5,1)(5,4)(5,7)(5,8)(5,10)(6,1)(7,1)(7,2)(7,4)(8,0)(8,7)(9,4)(9,10) </conflicts>
    </extension>
    <extension>
      <list> x[29] x[35] </list>
      <conflicts> (0,0)(0,1)(2,4)(2,7)(2,9)(3,1)(3,2)(4,4)(4,6)(4,8)(5,1)(5,4)(5,5)(7,0)(7,6)(7,10)(8,1)(8,3)(9,1)(9,8)(10,2)(10,3) </conflicts>
    </extension>
    <extension>
      <list> x[29] x[37] </list>
      <conflicts> (0,2)(0,6)(0,8)(0,10)(3,1)(3,5)(4,0)(4,1)(4,9)(5,2)(5,6)(5,7)(5,10)(6,1)(6,7)(7,5)(8,2)(8,7)(8,10)(9,5)(10,0)(10,2)(10,7)(10,10) </conflicts>
    </extension>
    <extension>
      <list> x[30..31] </list>
      <conflicts> (0,5)(0,7)(1,2)(1,6)(1,8)(2,7)(3,0)(3,6)(4,2)(4,10)(5,9)(5,10)(6,9)(7,4)(7,7)(7,8)(8,3)(8,5)(9,0)(9,5)(9,8)(10,3)(10,4)(10,6)(10,9)(10,10) </conflicts>
    </extension>
    <extension>
      <list> x[30] x[32] </list>
      <conflicts> (0,7)(1,0)(1,7)(4,9)(4,10)(5,3)(5,10)(6,0)(6,8)(7,8)(8,5)(9,5)(9,7)(9,9)(10,5)(10,6)(10,8) </conflicts>
    </extension>
    <extension>
      <list> x[30] x[33] </list>
      <conflicts> (0,0)(0,4)(0,6)(0,7)(0,8)(1,0)(1,5)(1,6)(2,0)(2,4)(2,7)(3,0)(3,2)(3,3)(4,4)(4,6)(5,3)(8,9)(8,10)(9,1)(9,8)(9,9)(10,2)(10,3)(10,7) </conflicts>
    </extension>
    <extension>
      <list> x[30] x[34] </list>
      <conflicts> (0,0)(0,10)(1,1)(1,5)(1,7)(1,8)(1,9)(2,6)(2,7)(3,5)(3,6)(3,10)(4,6)(4,9)(6,3)(6,8)(6,10)(7,9)(7,10)(8,9)(9,0)(10,0)(10,3) </conflicts>
    </extension>
    <extension>
      <list> x[30] x[35] </list>
      <conflicts> (0,2)(0,7)(0,8)(0,10)(1,0)(1,4)(1,10)(2,1)(2,9)(2,10)(3,1)(3,9)(4,4)(4,8)(4,10)(5,4)(5,10)(6,3)(6,4)(6,10)(8,0)(8,1)(9,0)(9,2)(9,4)(9,10)(10,3) </conflicts>
    </extension>
    <extension>
      <list> x[30] x[36] </list>
      <conflicts> (0,0)(0,4)(0,5)(0,7)(1,0)(1,8)(2,3)(2,5)(2,6)(2,9)(3,2)(3,6)(3,9)(4,5)(4,6)(5,2)(5,3)(5,10)(6,6)(6,7)(7,4)(7,5)(8,0)(8,4)(9,3)(9,5)(9,10)(10,2)(10,7)(10,9) </conflicts>
    </extension>
    <extension>
      <list> x[30] x[37] </list>
      <conflicts> (0,6)(1,2)(2,10)(3,5)(4,1)(4,2)(4,3)(4,6)(4,9)(5,3)(5,8)(6,2)(6,3)(6,5)(7,3)(7,4)(8,6)(8,8)(9,2)(9,7)(9,9)(10,0)(10,7)(10,10) </conflicts>
    </extension>
    <extension>
      <list> x[31..32] </list>
      <conflicts> (0,6)(1,0)(1,1)(2,2)(3,3)(3,10)(4,1)(4,8)(5,4)(5,6)(5,9)(6,7)(7,10)(9,0)(9,1)(9,8)(10,1)(10,8)(10,9) </conflicts>
    </extension>
    <extension>
      <list> x[31] x[33] </list>
      <conflicts> (0,8)(1,2)(1,5)(1,7)(1,8)(2,1)(2,3)(2,7)(2,10)(3,6)(4,2)(4,4)(4,6)(4,10)(5,0)(6,3)(6,4)(7,2)(7,7)(7,8)(8,0)(8,5)(8,8)(9,0)(9,7)(10,1)(10,4)(10,8) </conflicts>
    </extension>
    <extension>
      <list> x[31] x[34] </list>
      <conflicts> (0,1)(0,10)(1,5)(1,10)(2,4)(2,5)(2,6)(3,3)(3,6)(3,7)(4,6)(4,7)(5,3)(5,8)(5,10)(6,5)(6,7)(7,2)(7,5)(7,7)(8,2)(8,5)(9,0)(9,4)(9,9)(10,5)(10,8)(10,10) </conflicts>
    </extension>
    <extension>
      <list> x[31] x[36] </list>
      <conflicts> (0,2)(0,4)(0,5)(0,10)(1,1)(1,2)(2,2)(2,4)(2,8)(2,9)(3,1)(4,1)(4,2)(5,7)(6,1)(6,8)(6,10)(7,7)(8,2)(8,3)(8,4)(9,3)(9,5)(9,6)(9,8)(9,10)(10,5) </conflicts>
    </extension>
    <extension>
      <list> x[31] x[37] </list>
      <conflicts> (0,3)(0,8)(0,9)(1,4)(1,10)(2,4)(3,3)(3,5)(5,8)(5,9)(6,3)(6,10)(7,0)(7,1)(7,9)(8,0)(8,3)(8,10)(9,2)(9,4)(10,2)(10,3)(10,4)(10,6) </conflicts>
    </extension>
    <extension>
      <list> x[31] x[38] </list>
      <conflicts> (0,5)(1,0)(1,4)(1,7)(1,10)(2,6)(3,4)(3,6)(3,8)(3,10)(4,4)(4,10)(5,3)(5,4)(5,7)(5,9)(6,0)(6,4)(6,7)(7,1)(8,1)(8,3)(8,5)(9,1)(9,2)(10,1)(10,5) </conflicts>
    </extension>
    <extension>
      <list> x[32..33] </list>
      <conflicts> (0,0)(0,1)(1,4)(1,6)(1,9)(2,8)(3,2)(3,4)(3,8)(4,4)(4,6)(7,6)(9,2)(10,2)(10,4) </conflicts>
    </extension>
    <extension>
      <list> x[32] x[34] </list>
      <conflicts> (0,1)(0,2)(0,4)(0,9)(0,10)(1,5)(1,6)(1,7)(2,1)(2,7)(3,3)(4,3)(4,8)(4,10)(5,3)(5,4)(7,7)(7,8)(8,3)(9,0)(9,5)(10,9) </conflicts>
    </extension>
    <extension>
      <list> x[32] x[36] </list>
      <conflicts> (0,1)(0,4)(0,5)(0,6)(1,6)(3,3)(3,5)(3,6)(4,10)(5,5)(6,2)(6,6)(7,1)(7,4)(8,3)(8,5)(9,3)(9,8)(9,10)(10,0)(10,6) </conflicts>
    </extension>
    <extension>
      <list> x[32] x[37] </list>
      <conflicts> (0,4)(1,1)(1,4)(1,5)(1,7)(1,10)(2,1)(2,3)(3,3)(4,3)(4,4)(4,9)(5,3)(5,6)(6,0)(6,3)(7,4)(7,7)(7,10)(8,0)(8,8)(9,0)(9,4)(9,7)(9,10)(10,1)(10,5)(10,7) </conflicts>
    </extension>
    <extension>
      <list> x[32] x[38] </list>
      <conflicts> (0,0)(0,2)(1,0)(1,3)(1,9)(2,2)(2,3)(2,4)(2,6)(3,0)(3,9)(4,3)(4,4)(4,9)(5,2)(5,10)(6,5)(6,8)(6,9)(6,10)(7,3)(7,4)(7,9)(7,10)(8,0)(8,1)(8,2)(8,9)(9,10)(10,8) </conflicts>
    </extension>
    <extension>
      <list> x[33] x[35] </list>
      <conflicts> (0,1)(1,4)(1,9)(2,10)(3,10)(4,9)(5,7)(6,2)(6,3)(6,5)(7,1)(7,3)(7,5)(8,5)(9,5)(9,6)(9,10)(10,4)(10,10) </conflicts>
    </extension>
    <extension>
      <list> x[33] x[39] </list>
      <conflicts> (0,5)(0,9)(1,9)(2,1)(2,4)(2,5)(2,7)(2,9)(3,0)(3,3)(3,6)(3,7)(4,4)(4,10)(5,6)(5,8)(6,0)(6,3)(6,8)(6,10)(7,0)(7,10)(8,2)(9,7)(10,0)(10,5) </conflicts>
    </extension>
    <extension>
      <list> x[34] x[36] </list>
      <conflicts> (0,0)(0,4)(0,8)(0,9)(1,2)(2,0)(2,7)(2,10)(3,3)(3,5)(4,7)(4,8)(4,9)(6,0)(6,3)(6,9)(7,4)(8,2)(8,3)(9,2)(9,6)(9,8)(9,10) </conflicts>
    </extension>
    <extension>
      <list> x[34] x[37] </list>
      <conflicts> (0,0)(0,2)(1,1)(3,5)(4,2)(4,5)(4,7)(4,8)(5,2)(5,4)(6,0)(6,5)(8,0)(8,6)(9,8)(10,2)(10,8) </conflicts>
    </extension>
    <extension>
      <list> x[34] x[38] </list>
      <conflicts> (0,2)(0,4)(0,8)(0,10)(2,0)(2,3)(2,7)(2,10)(3,6)(4,1)(5,1)(5,6)(6,4)(6,10)(7,1)(7,6)(7,8)(8,1)(8,2)(8,3)(8,4)(8,8)(8,9)(9,1)(9,2)(9,3)(9,4)(10,0)(10,6)(10,7)(10,9) </conflicts>
    </extension>
    <extension>
      <list> x[34] x[39] </list>
      <conflicts> (0,7)(0,9)(1,6)(1,8)(1,10)(2,4)(2,9)(3,1)(3,4)(3,5)(3,7)(3,9)(3,10)(4,3)(4,7)(5,3)(5,7)(6,0)(6,2)(6,3)(6,10)(7,1)(7,3)(7,5)(7,7)(7,8)(8,6)(9,2)(9,3)(9,7)(10,2) </conflicts>
    </extension>
    <extension>
      <list> x[35..36] </list>
      <conflicts> (0,3)(1,1)(2,1)(2,4)(2,10)(3,3)(3,6)(3,8)(3,9)(4,4)(4,5)(5,3)(5,8)(6,2)(6,4)(6,7)(7,0)(7,1)(7,6)(7,8)(7,9)(8,2)(8,6)(9,9)(10,1)(10,6)(10,9) </conflicts>
    </extension>
    <extension>
      <list> x[35] x[37] </list>
      <conflicts> (0,0)(0,1)(0,6)(1,0)(2,6)(4,3)(4,9)(4,10)(7,0)(7,4)(7,8)(9,2)(9,3)(9,5)(9,6)(10,1)(10,4) </conflicts>
    </extension>
    <extension>
      <list> x[36] x[38] </list>
      <conflicts> (0,3)(0,10)(1,0)(1,4)(1,8)(2,3)(2,6)(2,7)(3,1)(3,6)(4,4)(5,5)(5,9)(6,8)(6,10)(7,5)(7,10)(8,1)(8,6)(9,4)(9,6)(9,9)(10,4)(10,6) </conflicts>
    </extension>
    <extension>
      <list> x[36] x[39] </list>
      <conflicts> (0,0)(0,1)(0,3)(0,5)(0,6)(1,8)(2,0)(2,4)(2,9)(3,4)(3,5)(4,4)(4,7)(4,9)(5,1)(5,3)(5,8)(5,9)(6,2)(6,3)(6,7)(6,9)(7,0)(7,1)(7,5)(9,9)(9,10)(10,6) </conflicts>
    </extension>
    <extension>
      <list> x[37..38] </list>
      <conflicts> (0,6)(1,8)(2,2)(2,3)(2,9)(3,6)(3,8)(4,1)(4,9)(5,0)(5,4)(5,6)(5,10)(6,3)(7,3)(8,6)(9,0)(9,6)(9,7) </conflicts>
    </extension>
  </constraints>
</instance>
