<instance format="XCSP3" type="CSP">
  <variables>
    <var id="x0"> 0..224 </var>
    <var id="x1"> 0..224 </var>
    <var id="x2"> 0..188 </var>
    <var id="x3"> 0..188 </var>
    <var id="x4"> 0..227 </var>
    <var id="x5"> 0..227 </var>
    <var id="x6"> 0..131 </var>
    <var id="x7"> 0..131 </var>
    <var id="x8"> 0..179 </var>
    <var id="x9"> 0..179 </var>
    <var id="x10"> 0..192 </var>
    <var id="x11"> 0..192 </var>
    <var id="x12"> 0..153 </var>
    <var id="x13"> 0..153 </var>
    <var id="x14"> 0..176 </var>
    <var id="x15"> 0..176 </var>
    <var id="x16"> 0..158 </var>
    <var id="x17"> 0..158 </var>
    <var id="x18"> 0..175 </var>
    <var id="x19"> 0..175 </var>
    <var id="x20"> 0..201 </var>
    <var id="x21"> 0..201 </var>
    <var id="x22"> 0..165 </var>
    <var id="x23"> 0..165 </var>
    <var id="x24"> 0..212 </var>
    <var id="x25"> 0..212 </var>
    <var id="x26"> 0..195 </var>
    <var id="x27"> 0..195 </var>
    <var id="x28"> 0..136 </var>
    <var id="x29"> 0..136 </var>
    <var id="x30"> 0..212 </var>
    <var id="x31"> 0..212 </var>
  </variables>
  <constraints>
    <group>
      <intension> or(le(add(%0,%1),%2),le(add(%3,%4),%5)) </intension>
      <args> x6 97 x10 x10 36 x6 </args>
      <args> x7 97 x10 x10 36 x7 </args>
      <args> x6 97 x11 x11 36 x6 </args>
      <args> x6 97 x18 x18 53 x6 </args>
      <args> x7 97 x18 x18 53 x7 </args>
      <args> x6 97 x19 x19 53 x6 </args>
      <args> x6 97 x30 x30 16 x6 </args>
      <args> x7 97 x30 x30 16 x7 </args>
      <args> x6 97 x31 x31 16 x6 </args>
      <args> x10 36 x18 x18 53 x10 </args>
      <args> x11 36 x18 x18 53 x11 </args>
      <args> x10 36 x19 x19 53 x10 </args>
      <args> x10 36 x30 x30 16 x10 </args>
      <args> x11 36 x30 x30 16 x11 </args>
      <args> x10 36 x31 x31 16 x10 </args>
      <args> x18 53 x30 x30 16 x18 </args>
      <args> x19 53 x30 x30 16 x19 </args>
      <args> x18 53 x31 x31 16 x18 </args>
      <args> x0 4 x8 x8 49 x0 </args>
      <args> x1 4 x8 x8 49 x1 </args>
      <args> x0 4 x9 x9 49 x0 </args>
      <args> x0 4 x22 x22 63 x0 </args>
      <args> x1 4 x22 x22 63 x1 </args>
      <args> x0 4 x23 x23 63 x0 </args>
      <args> x0 4 x24 x24 16 x0 </args>
      <args> x1 4 x24 x24 16 x1 </args>
      <args> x0 4 x25 x25 16 x0 </args>
      <args> x8 49 x22 x22 63 x8 </args>
      <args> x9 49 x22 x22 63 x9 </args>
      <args> x8 49 x23 x23 63 x8 </args>
      <args> x8 49 x24 x24 16 x8 </args>
      <args> x9 49 x24 x24 16 x9 </args>
      <args> x8 49 x25 x25 16 x8 </args>
      <args> x22 63 x24 x24 16 x22 </args>
      <args> x23 63 x24 x24 16 x23 </args>
      <args> x22 63 x25 x25 16 x22 </args>
      <args> x2 40 x14 x14 52 x2 </args>
      <args> x3 40 x14 x14 52 x3 </args>
      <args> x2 40 x15 x15 52 x2 </args>
      <args> x2 40 x20 x20 27 x2 </args>
      <args> x3 40 x20 x20 27 x3 </args>
      <args> x2 40 x21 x21 27 x2 </args>
      <args> x2 40 x28 x28 92 x2 </args>
      <args> x3 40 x28 x28 92 x3 </args>
      <args> x2 40 x29 x29 92 x2 </args>
      <args> x14 52 x20 x20 27 x14 </args>
      <args> x15 52 x20 x20 27 x15 </args>
      <args> x14 52 x21 x21 27 x14 </args>
      <args> x14 52 x28 x28 92 x14 </args>
      <args> x15 52 x28 x28 92 x15 </args>
      <args> x14 52 x29 x29 92 x14 </args>
      <args> x20 27 x28 x28 92 x20 </args>
      <args> x21 27 x28 x28 92 x21 </args>
      <args> x20 27 x29 x29 92 x20 </args>
      <args> x4 1 x12 x12 75 x4 </args>
      <args> x5 1 x12 x12 75 x5 </args>
      <args> x4 1 x13 x13 75 x4 </args>
      <args> x4 1 x16 x16 70 x4 </args>
      <args> x5 1 x16 x16 70 x5 </args>
      <args> x4 1 x17 x17 70 x4 </args>
      <args> x4 1 x26 x26 33 x4 </args>
      <args> x5 1 x26 x26 33 x5 </args>
      <args> x4 1 x27 x27 33 x4 </args>
      <args> x12 75 x16 x16 70 x12 </args>
      <args> x13 75 x16 x16 70 x13 </args>
      <args> x12 75 x17 x17 70 x12 </args>
      <args> x12 75 x26 x26 33 x12 </args>
      <args> x13 75 x26 x26 33 x13 </args>
      <args> x12 75 x27 x27 33 x12 </args>
      <args> x16 70 x26 x26 33 x16 </args>
      <args> x17 70 x26 x26 33 x17 </args>
      <args> x16 70 x27 x27 33 x16 </args>
      <args> x0 4 x2 x2 40 x0 </args>
      <args> x1 4 x2 x2 40 x1 </args>
      <args> x0 4 x3 x3 40 x0 </args>
      <args> x0 4 x4 x4 1 x0 </args>
      <args> x1 4 x4 x4 1 x1 </args>
      <args> x0 4 x5 x5 1 x0 </args>
      <args> x0 4 x6 x6 97 x0 </args>
      <args> x1 4 x6 x6 97 x1 </args>
      <args> x0 4 x7 x7 97 x0 </args>
      <args> x2 40 x4 x4 1 x2 </args>
      <args> x3 40 x4 x4 1 x3 </args>
      <args> x2 40 x5 x5 1 x2 </args>
      <args> x2 40 x6 x6 97 x2 </args>
      <args> x3 40 x6 x6 97 x3 </args>
      <args> x2 40 x7 x7 97 x2 </args>
      <args> x4 1 x6 x6 97 x4 </args>
      <args> x5 1 x6 x6 97 x5 </args>
      <args> x4 1 x7 x7 97 x4 </args>
      <args> x8 49 x10 x10 36 x8 </args>
      <args> x9 49 x10 x10 36 x9 </args>
      <args> x8 49 x11 x11 36 x8 </args>
      <args> x8 49 x12 x12 75 x8 </args>
      <args> x9 49 x12 x12 75 x9 </args>
      <args> x8 49 x13 x13 75 x8 </args>
      <args> x8 49 x14 x14 52 x8 </args>
      <args> x9 49 x14 x14 52 x9 </args>
      <args> x8 49 x15 x15 52 x8 </args>
      <args> x10 36 x12 x12 75 x10 </args>
      <args> x11 36 x12 x12 75 x11 </args>
      <args> x10 36 x13 x13 75 x10 </args>
      <args> x10 36 x14 x14 52 x10 </args>
      <args> x11 36 x14 x14 52 x11 </args>
      <args> x10 36 x15 x15 52 x10 </args>
      <args> x12 75 x14 x14 52 x12 </args>
      <args> x13 75 x14 x14 52 x13 </args>
      <args> x12 75 x15 x15 52 x12 </args>
      <args> x16 70 x18 x18 53 x16 </args>
      <args> x17 70 x18 x18 53 x17 </args>
      <args> x16 70 x19 x19 53 x16 </args>
      <args> x16 70 x20 x20 27 x16 </args>
      <args> x17 70 x20 x20 27 x17 </args>
      <args> x16 70 x21 x21 27 x16 </args>
      <args> x16 70 x22 x22 63 x16 </args>
      <args> x17 70 x22 x22 63 x17 </args>
      <args> x16 70 x23 x23 63 x16 </args>
      <args> x18 53 x20 x20 27 x18 </args>
      <args> x19 53 x20 x20 27 x19 </args>
      <args> x18 53 x21 x21 27 x18 </args>
      <args> x18 53 x22 x22 63 x18 </args>
      <args> x19 53 x22 x22 63 x19 </args>
      <args> x18 53 x23 x23 63 x18 </args>
      <args> x20 27 x22 x22 63 x20 </args>
      <args> x21 27 x22 x22 63 x21 </args>
      <args> x20 27 x23 x23 63 x20 </args>
      <args> x24 16 x26 x26 33 x24 </args>
      <args> x25 16 x26 x26 33 x25 </args>
      <args> x24 16 x27 x27 33 x24 </args>
      <args> x24 16 x28 x28 92 x24 </args>
      <args> x25 16 x28 x28 92 x25 </args>
      <args> x24 16 x29 x29 92 x24 </args>
      <args> x24 16 x30 x30 16 x24 </args>
      <args> x25 16 x30 x30 16 x25 </args>
      <args> x24 16 x31 x31 16 x24 </args>
      <args> x26 33 x28 x28 92 x26 </args>
      <args> x27 33 x28 x28 92 x27 </args>
      <args> x26 33 x29 x29 92 x26 </args>
      <args> x26 33 x30 x30 16 x26 </args>
      <args> x27 33 x30 x30 16 x27 </args>
      <args> x26 33 x31 x31 16 x26 </args>
      <args> x28 92 x30 x30 16 x28 </args>
      <args> x29 92 x30 x30 16 x29 </args>
      <args> x28 92 x31 x31 16 x28 </args>
    </group>
    <group>
      <intension> ne(%0,%1) </intension>
      <args> x0 x1 </args>
      <args> x2 x3 </args>
      <args> x4 x5 </args>
      <args> x6 x7 </args>
      <args> x8 x9 </args>
      <args> x10 x11 </args>
      <args> x12 x13 </args>
      <args> x14 x15 </args>
      <args> x16 x17 </args>
      <args> x18 x19 </args>
      <args> x20 x21 </args>
      <args> x22 x23 </args>
      <args> x24 x25 </args>
      <args> x26 x27 </args>
      <args> x28 x29 </args>
      <args> x30 x31 </args>
    </group>
  </constraints>
</instance>
