<instance format="XCSP3" type="CSP">
  <variables>
    <array id="x" size="[60]"> 1..30 </array>
  </variables>
  <constraints>
    <group>
      <intension> and(ne(%0,%1),ne(abs(sub(%2,%3)),%4)) </intension>
      <args> x[0] x[2] x[0] x[2] 1 </args>
      <args> x[1] x[2] x[1] x[2] 1 </args>
      <args> x[0] x[3] x[0] x[3] 1 </args>
      <args> x[0] x[4] x[0] x[4] 2 </args>
      <args> x[1] x[4] x[1] x[4] 2 </args>
      <args> x[0] x[5] x[0] x[5] 2 </args>
      <args> x[0] x[6] x[0] x[6] 3 </args>
      <args> x[1] x[6] x[1] x[6] 3 </args>
      <args> x[0] x[7] x[0] x[7] 3 </args>
      <args> x[0] x[8] x[0] x[8] 4 </args>
      <args> x[1] x[8] x[1] x[8] 4 </args>
      <args> x[0] x[9] x[0] x[9] 4 </args>
      <args> x[0] x[10] x[0] x[10] 5 </args>
      <args> x[1] x[10] x[1] x[10] 5 </args>
      <args> x[0] x[11] x[0] x[11] 5 </args>
      <args> x[0] x[12] x[0] x[12] 6 </args>
      <args> x[1] x[12] x[1] x[12] 6 </args>
      <args> x[0] x[13] x[0] x[13] 6 </args>
      <args> x[0] x[14] x[0] x[14] 7 </args>
      <args> x[1] x[14] x[1] x[14] 7 </args>
      <args> x[0] x[15] x[0] x[15] 7 </args>
      <args> x[0] x[16] x[0] x[16] 8 </args>
      <args> x[1] x[16] x[1] x[16] 8 </args>
      <args> x[0] x[17] x[0] x[17] 8 </args>
      <args> x[0] x[18] x[0] x[18] 9 </args>
      <args> x[1] x[18] x[1] x[18] 9 </args>
      <args> x[0] x[19] x[0] x[19] 9 </args>
      <args> x[0] x[20] x[0] x[20] 10 </args>
      <args> x[1] x[20] x[1] x[20] 10 </args>
      <args> x[0] x[21] x[0] x[21] 10 </args>
      <args> x[0] x[22] x[0] x[22] 11 </args>
      <args> x[1] x[22] x[1] x[22] 11 </args>
      <args> x[0] x[23] x[0] x[23] 11 </args>
      <args> x[0] x[24] x[0] x[24] 12 </args>
      <args> x[1] x[24] x[1] x[24] 12 </args>
      <args> x[0] x[25] x[0] x[25] 12 </args>
      <args> x[0] x[26] x[0] x[26] 13 </args>
      <args> x[1] x[26] x[1] x[26] 13 </args>
      <args> x[0] x[27] x[0] x[27] 13 </args>
      <args> x[0] x[28] x[0] x[28] 14 </args>
      <args> x[1] x[28] x[1] x[28] 14 </args>
      <args> x[0] x[29] x[0] x[29] 14 </args>
      <args> x[0] x[30] x[0] x[30] 15 </args>
      <args> x[1] x[30] x[1] x[30] 15 </args>
      <args> x[0] x[31] x[0] x[31] 15 </args>
      <args> x[0] x[32] x[0] x[32] 16 </args>
      <args> x[1] x[32] x[1] x[32] 16 </args>
      <args> x[0] x[33] x[0] x[33] 16 </args>
      <args> x[0] x[34] x[0] x[34] 17 </args>
      <args> x[1] x[34] x[1] x[34] 17 </args>
      <args> x[0] x[35] x[0] x[35] 17 </args>
      <args> x[0] x[36] x[0] x[36] 18 </args>
      <args> x[1] x[36] x[1] x[36] 18 </args>
      <args> x[0] x[37] x[0] x[37] 18 </args>
      <args> x[0] x[38] x[0] x[38] 19 </args>
      <args> x[1] x[38] x[1] x[38] 19 </args>
      <args> x[0] x[39] x[0] x[39] 19 </args>
      <args> x[0] x[40] x[0] x[40] 20 </args>
      <args> x[1] x[40] x[1] x[40] 20 </args>
      <args> x[0] x[41] x[0] x[41] 20 </args>
      <args> x[0] x[42] x[0] x[42] 21 </args>
      <args> x[1] x[42] x[1] x[42] 21 </args>
      <args> x[0] x[43] x[0] x[43] 21 </args>
      <args> x[0] x[44] x[0] x[44] 22 </args>
      <args> x[1] x[44] x[1] x[44] 22 </args>
      <args> x[0] x[45] x[0] x[45] 22 </args>
      <args> x[0] x[46] x[0] x[46] 23 </args>
      <args> x[1] x[46] x[1] x[46] 23 </args>
      <args> x[0] x[47] x[0] x[47] 23 </args>
      <args> x[0] x[48] x[0] x[48] 24 </args>
      <args> x[1] x[48] x[1] x[48] 24 </args>
      <args> x[0] x[49] x[0] x[49] 24 </args>
      <args> x[0] x[50] x[0] x[50] 25 </args>
      <args> x[1] x[50] x[1] x[50] 25 </args>
      <args> x[0] x[51] x[0] x[51] 25 </args>
      <args> x[0] x[52] x[0] x[52] 26 </args>
      <args> x[1] x[52] x[1] x[52] 26 </args>
      <args> x[0] x[53] x[0] x[53] 26 </args>
      <args> x[0] x[54] x[0] x[54] 27 </args>
      <args> x[1] x[54] x[1] x[54] 27 </args>
      <args> x[0] x[55] x[0] x[55] 27 </args>
      <args> x[0] x[56] x[0] x[56] 28 </args>
      <args> x[1] x[56] x[1] x[56] 28 </args>
      <args> x[0] x[57] x[0] x[57] 28 </args>
      <args> x[0] x[58] x[0] x[58] 29 </args>
      <args> x[1] x[58] x[1] x[58] 29 </args>
      <args> x[0] x[59] x[0] x[59] 29 </args>
      <args> x[2] x[4] x[2] x[4] 1 </args>
      <args> x[3] x[4] x[3] x[4] 1 </args>
      <args> x[2] x[5] x[2] x[5] 1 </args>
      <args> x[2] x[6] x[2] x[6] 2 </args>
      <args> x[3] x[6] x[3] x[6] 2 </args>
      <args> x[2] x[7] x[2] x[7] 2 </args>
      <args> x[2] x[8] x[2] x[8] 3 </args>
      <args> x[3] x[8] x[3] x[8] 3 </args>
      <args> x[2] x[9] x[2] x[9] 3 </args>
      <args> x[2] x[10] x[2] x[10] 4 </args>
      <args> x[3] x[10] x[3] x[10] 4 </args>
      <args> x[2] x[11] x[2] x[11] 4 </args>
      <args> x[2] x[12] x[2] x[12] 5 </args>
      <args> x[3] x[12] x[3] x[12] 5 </args>
      <args> x[2] x[13] x[2] x[13] 5 </args>
      <args> x[2] x[14] x[2] x[14] 6 </args>
      <args> x[3] x[14] x[3] x[14] 6 </args>
      <args> x[2] x[15] x[2] x[15] 6 </args>
      <args> x[2] x[16] x[2] x[16] 7 </args>
      <args> x[3] x[16] x[3] x[16] 7 </args>
      <args> x[2] x[17] x[2] x[17] 7 </args>
      <args> x[2] x[18] x[2] x[18] 8 </args>
      <args> x[3] x[18] x[3] x[18] 8 </args>
      <args> x[2] x[19] x[2] x[19] 8 </args>
      <args> x[2] x[20] x[2] x[20] 9 </args>
      <args> x[3] x[20] x[3] x[20] 9 </args>
      <args> x[2] x[21] x[2] x[21] 9 </args>
      <args> x[2] x[22] x[2] x[22] 10 </args>
      <args> x[3] x[22] x[3] x[22] 10 </args>
      <args> x[2] x[23] x[2] x[23] 10 </args>
      <args> x[2] x[24] x[2] x[24] 11 </args>
      <args> x[3] x[24] x[3] x[24] 11 </args>
      <args> x[2] x[25] x[2] x[25] 11 </args>
      <args> x[2] x[26] x[2] x[26] 12 </args>
      <args> x[3] x[26] x[3] x[26] 12 </args>
      <args> x[2] x[27] x[2] x[27] 12 </args>
      <args> x[2] x[28] x[2] x[28] 13 </args>
      <args> x[3] x[28] x[3] x[28] 13 </args>
      <args> x[2] x[29] x[2] x[29] 13 </args>
      <args> x[2] x[30] x[2] x[30] 14 </args>
      <args> x[3] x[30] x[3] x[30] 14 </args>
      <args> x[2] x[31] x[2] x[31] 14 </args>
      <args> x[2] x[32] x[2] x[32] 15 </args>
      <args> x[3] x[32] x[3] x[32] 15 </args>
      <args> x[2] x[33] x[2] x[33] 15 </args>
      <args> x[2] x[34] x[2] x[34] 16 </args>
      <args> x[3] x[34] x[3] x[34] 16 </args>
      <args> x[2] x[35] x[2] x[35] 16 </args>
      <args> x[2] x[36] x[2] x[36] 17 </args>
      <args> x[3] x[36] x[3] x[36] 17 </args>
      <args> x[2] x[37] x[2] x[37] 17 </args>
      <args> x[2] x[38] x[2] x[38] 18 </args>
      <args> x[3] x[38] x[3] x[38] 18 </args>
      <args> x[2] x[39] x[2] x[39] 18 </args>
      <args> x[2] x[40] x[2] x[40] 19 </args>
      <args> x[3] x[40] x[3] x[40] 19 </args>
      <args> x[2] x[41] x[2] x[41] 19 </args>
      <args> x[2] x[42] x[2] x[42] 20 </args>
      <args> x[3] x[42] x[3] x[42] 20 </args>
      <args> x[2] x[43] x[2] x[43] 20 </args>
      <args> x[2] x[44] x[2] x[44] 21 </args>
      <args> x[3] x[44] x[3] x[44] 21 </args>
      <args> x[2] x[45] x[2] x[45] 21 </args>
      <args> x[2] x[46] x[2] x[46] 22 </args>
      <args> x[3] x[46] x[3] x[46] 22 </args>
      <args> x[2] x[47] x[2] x[47] 22 </args>
      <args> x[2] x[48] x[2] x[48] 23 </args>
      <args> x[3] x[48] x[3] x[48] 23 </args>
      <args> x[2] x[49] x[2] x[49] 23 </args>
      <args> x[2] x[50] x[2] x[50] 24 </args>
      <args> x[3] x[50] x[3] x[50] 24 </args>
      <args> x[2] x[51] x[2] x[51] 24 </args>
      <args> x[2] x[52] x[2] x[52] 25 </args>
      <args> x[3] x[52] x[3] x[52] 25 </args>
      <args> x[2] x[53] x[2] x[53] 25 </args>
      <args> x[2] x[54] x[2] x[54] 26 </args>
      <args> x[3] x[54] x[3] x[54] 26 </args>
      <args> x[2] x[55] x[2] x[55] 26 </args>
      <args> x[2] x[56] x[2] x[56] 27 </args>
      <args> x[3] x[56] x[3] x[56] 27 </args>
      <args> x[2] x[57] x[2] x[57] 27 </args>
      <args> x[2] x[58] x[2] x[58] 28 </args>
      <args> x[3] x[58] x[3] x[58] 28 </args>
      <args> x[2] x[59] x[2] x[59] 28 </args>
      <args> x[4] x[6] x[4] x[6] 1 </args>
      <args> x[5] x[6] x[5] x[6] 1 </args>
      <args> x[4] x[7] x[4] x[7] 1 </args>
      <args> x[4] x[8] x[4] x[8] 2 </args>
      <args> x[5] x[8] x[5] x[8] 2 </args>
      <args> x[4] x[9] x[4] x[9] 2 </args>
      <args> x[4] x[10] x[4] x[10] 3 </args>
      <args> x[5] x[10] x[5] x[10] 3 </args>
      <args> x[4] x[11] x[4] x[11] 3 </args>
      <args> x[4] x[12] x[4] x[12] 4 </args>
      <args> x[5] x[12] x[5] x[12] 4 </args>
      <args> x[4] x[13] x[4] x[13] 4 </args>
      <args> x[4] x[14] x[4] x[14] 5 </args>
      <args> x[5] x[14] x[5] x[14] 5 </args>
      <args> x[4] x[15] x[4] x[15] 5 </args>
      <args> x[4] x[16] x[4] x[16] 6 </args>
      <args> x[5] x[16] x[5] x[16] 6 </args>
      <args> x[4] x[17] x[4] x[17] 6 </args>
      <args> x[4] x[18] x[4] x[18] 7 </args>
      <args> x[5] x[18] x[5] x[18] 7 </args>
      <args> x[4] x[19] x[4] x[19] 7 </args>
      <args> x[4] x[20] x[4] x[20] 8 </args>
      <args> x[5] x[20] x[5] x[20] 8 </args>
      <args> x[4] x[21] x[4] x[21] 8 </args>
      <args> x[4] x[22] x[4] x[22] 9 </args>
      <args> x[5] x[22] x[5] x[22] 9 </args>
      <args> x[4] x[23] x[4] x[23] 9 </args>
      <args> x[4] x[24] x[4] x[24] 10 </args>
      <args> x[5] x[24] x[5] x[24] 10 </args>
      <args> x[4] x[25] x[4] x[25] 10 </args>
      <args> x[4] x[26] x[4] x[26] 11 </args>
      <args> x[5] x[26] x[5] x[26] 11 </args>
      <args> x[4] x[27] x[4] x[27] 11 </args>
      <args> x[4] x[28] x[4] x[28] 12 </args>
      <args> x[5] x[28] x[5] x[28] 12 </args>
      <args> x[4] x[29] x[4] x[29] 12 </args>
      <args> x[4] x[30] x[4] x[30] 13 </args>
      <args> x[5] x[30] x[5] x[30] 13 </args>
      <args> x[4] x[31] x[4] x[31] 13 </args>
      <args> x[4] x[32] x[4] x[32] 14 </args>
      <args> x[5] x[32] x[5] x[32] 14 </args>
      <args> x[4] x[33] x[4] x[33] 14 </args>
      <args> x[4] x[34] x[4] x[34] 15 </args>
      <args> x[5] x[34] x[5] x[34] 15 </args>
      <args> x[4] x[35] x[4] x[35] 15 </args>
      <args> x[4] x[36] x[4] x[36] 16 </args>
      <args> x[5] x[36] x[5] x[36] 16 </args>
      <args> x[4] x[37] x[4] x[37] 16 </args>
      <args> x[4] x[38] x[4] x[38] 17 </args>
      <args> x[5] x[38] x[5] x[38] 17 </args>
      <args> x[4] x[39] x[4] x[39] 17 </args>
      <args> x[4] x[40] x[4] x[40] 18 </args>
      <args> x[5] x[40] x[5] x[40] 18 </args>
      <args> x[4] x[41] x[4] x[41] 18 </args>
      <args> x[4] x[42] x[4] x[42] 19 </args>
      <args> x[5] x[42] x[5] x[42] 19 </args>
      <args> x[4] x[43] x[4] x[43] 19 </args>
      <args> x[4] x[44] x[4] x[44] 20 </args>
      <args> x[5] x[44] x[5] x[44] 20 </args>
      <args> x[4] x[45] x[4] x[45] 20 </args>
      <args> x[4] x[46] x[4] x[46] 21 </args>
      <args> x[5] x[46] x[5] x[46] 21 </args>
      <args> x[4] x[47] x[4] x[47] 21 </args>
      <args> x[4] x[48] x[4] x[48] 22 </args>
      <args> x[5] x[48] x[5] x[48] 22 </args>
      <args> x[4] x[49] x[4] x[49] 22 </args>
      <args> x[4] x[50] x[4] x[50] 23 </args>
      <args> x[5] x[50] x[5] x[50] 23 </args>
      <args> x[4] x[51] x[4] x[51] 23 </args>
      <args> x[4] x[52] x[4] x[52] 24 </args>
      <args> x[5] x[52] x[5] x[52] 24 </args>
      <args> x[4] x[53] x[4] x[53] 24 </args>
      <args> x[4] x[54] x[4] x[54] 25 </args>
      <args> x[5] x[54] x[5] x[54] 25 </args>
      <args> x[4] x[55] x[4] x[55] 25 </args>
      <args> x[4] x[56] x[4] x[56] 26 </args>
      <args> x[5] x[56] x[5] x[56] 26 </args>
      <args> x[4] x[57] x[4] x[57] 26 </args>
      <args> x[4] x[58] x[4] x[58] 27 </args>
      <args> x[5] x[58] x[5] x[58] 27 </args>
      <args> x[4] x[59] x[4] x[59] 27 </args>
      <args> x[6] x[8] x[6] x[8] 1 </args>
      <args> x[7] x[8] x[7] x[8] 1 </args>
      <args> x[6] x[9] x[6] x[9] 1 </args>
      <args> x[6] x[10] x[6] x[10] 2 </args>
      <args> x[7] x[10] x[7] x[10] 2 </args>
      <args> x[6] x[11] x[6] x[11] 2 </args>
      <args> x[6] x[12] x[6] x[12] 3 </args>
      <args> x[7] x[12] x[7] x[12] 3 </args>
      <args> x[6] x[13] x[6] x[13] 3 </args>
      <args> x[6] x[14] x[6] x[14] 4 </args>
      <args> x[7] x[14] x[7] x[14] 4 </args>
      <args> x[6] x[15] x[6] x[15] 4 </args>
      <args> x[6] x[16] x[6] x[16] 5 </args>
      <args> x[7] x[16] x[7] x[16] 5 </args>
      <args> x[6] x[17] x[6] x[17] 5 </args>
      <args> x[6] x[18] x[6] x[18] 6 </args>
      <args> x[7] x[18] x[7] x[18] 6 </args>
      <args> x[6] x[19] x[6] x[19] 6 </args>
      <args> x[6] x[20] x[6] x[20] 7 </args>
      <args> x[7] x[20] x[7] x[20] 7 </args>
      <args> x[6] x[21] x[6] x[21] 7 </args>
      <args> x[6] x[22] x[6] x[22] 8 </args>
      <args> x[7] x[22] x[7] x[22] 8 </args>
      <args> x[6] x[23] x[6] x[23] 8 </args>
      <args> x[6] x[24] x[6] x[24] 9 </args>
      <args> x[7] x[24] x[7] x[24] 9 </args>
      <args> x[6] x[25] x[6] x[25] 9 </args>
      <args> x[6] x[26] x[6] x[26] 10 </args>
      <args> x[7] x[26] x[7] x[26] 10 </args>
      <args> x[6] x[27] x[6] x[27] 10 </args>
      <args> x[6] x[28] x[6] x[28] 11 </args>
      <args> x[7] x[28] x[7] x[28] 11 </args>
      <args> x[6] x[29] x[6] x[29] 11 </args>
      <args> x[6] x[30] x[6] x[30] 12 </args>
      <args> x[7] x[30] x[7] x[30] 12 </args>
      <args> x[6] x[31] x[6] x[31] 12 </args>
      <args> x[6] x[32] x[6] x[32] 13 </args>
      <args> x[7] x[32] x[7] x[32] 13 </args>
      <args> x[6] x[33] x[6] x[33] 13 </args>
      <args> x[6] x[34] x[6] x[34] 14 </args>
      <args> x[7] x[34] x[7] x[34] 14 </args>
      <args> x[6] x[35] x[6] x[35] 14 </args>
      <args> x[6] x[36] x[6] x[36] 15 </args>
      <args> x[7] x[36] x[7] x[36] 15 </args>
      <args> x[6] x[37] x[6] x[37] 15 </args>
      <args> x[6] x[38] x[6] x[38] 16 </args>
      <args> x[7] x[38] x[7] x[38] 16 </args>
      <args> x[6] x[39] x[6] x[39] 16 </args>
      <args> x[6] x[40] x[6] x[40] 17 </args>
      <args> x[7] x[40] x[7] x[40] 17 </args>
      <args> x[6] x[41] x[6] x[41] 17 </args>
      <args> x[6] x[42] x[6] x[42] 18 </args>
      <args> x[7] x[42] x[7] x[42] 18 </args>
      <args> x[6] x[43] x[6] x[43] 18 </args>
      <args> x[6] x[44] x[6] x[44] 19 </args>
      <args> x[7] x[44] x[7] x[44] 19 </args>
      <args> x[6] x[45] x[6] x[45] 19 </args>
      <args> x[6] x[46] x[6] x[46] 20 </args>
      <args> x[7] x[46] x[7] x[46] 20 </args>
      <args> x[6] x[47] x[6] x[47] 20 </args>
      <args> x[6] x[48] x[6] x[48] 21 </args>
      <args> x[7] x[48] x[7] x[48] 21 </args>
      <args> x[6] x[49] x[6] x[49] 21 </args>
      <args> x[6] x[50] x[6] x[50] 22 </args>
      <args> x[7] x[50] x[7] x[50] 22 </args>
      <args> x[6] x[51] x[6] x[51] 22 </args>
      <args> x[6] x[52] x[6] x[52] 23 </args>
      <args> x[7] x[52] x[7] x[52] 23 </args>
      <args> x[6] x[53] x[6] x[53] 23 </args>
      <args> x[6] x[54] x[6] x[54] 24 </args>
      <args> x[7] x[54] x[7] x[54] 24 </args>
      <args> x[6] x[55] x[6] x[55] 24 </args>
      <args> x[6] x[56] x[6] x[56] 25 </args>
      <args> x[7] x[56] x[7] x[56] 25 </args>
      <args> x[6] x[57] x[6] x[57] 25 </args>
      <args> x[6] x[58] x[6] x[58] 26 </args>
      <args> x[7] x[58] x[7] x[58] 26 </args>
      <args> x[6] x[59] x[6] x[59] 26 </args>
      <args> x[8] x[10] x[8] x[10] 1 </args>
      <args> x[9] x[10] x[9] x[10] 1 </args>
      <args> x[8] x[11] x[8] x[11] 1 </args>
      <args> x[8] x[12] x[8] x[12] 2 </args>
      <args> x[9] x[12] x[9] x[12] 2 </args>
      <args> x[8] x[13] x[8] x[13] 2 </args>
      <args> x[8] x[14] x[8] x[14] 3 </args>
      <args> x[9] x[14] x[9] x[14] 3 </args>
      <args> x[8] x[15] x[8] x[15] 3 </args>
      <args> x[8] x[16] x[8] x[16] 4 </args>
      <args> x[9] x[16] x[9] x[16] 4 </args>
      <args> x[8] x[17] x[8] x[17] 4 </args>
      <args> x[8] x[18] x[8] x[18] 5 </args>
      <args> x[9] x[18] x[9] x[18] 5 </args>
      <args> x[8] x[19] x[8] x[19] 5 </args>
      <args> x[8] x[20] x[8] x[20] 6 </args>
      <args> x[9] x[20] x[9] x[20] 6 </args>
      <args> x[8] x[21] x[8] x[21] 6 </args>
      <args> x[8] x[22] x[8] x[22] 7 </args>
      <args> x[9] x[22] x[9] x[22] 7 </args>
      <args> x[8] x[23] x[8] x[23] 7 </args>
      <args> x[8] x[24] x[8] x[24] 8 </args>
      <args> x[9] x[24] x[9] x[24] 8 </args>
      <args> x[8] x[25] x[8] x[25] 8 </args>
      <args> x[8] x[26] x[8] x[26] 9 </args>
      <args> x[9] x[26] x[9] x[26] 9 </args>
      <args> x[8] x[27] x[8] x[27] 9 </args>
      <args> x[8] x[28] x[8] x[28] 10 </args>
      <args> x[9] x[28] x[9] x[28] 10 </args>
      <args> x[8] x[29] x[8] x[29] 10 </args>
      <args> x[8] x[30] x[8] x[30] 11 </args>
      <args> x[9] x[30] x[9] x[30] 11 </args>
      <args> x[8] x[31] x[8] x[31] 11 </args>
      <args> x[8] x[32] x[8] x[32] 12 </args>
      <args> x[9] x[32] x[9] x[32] 12 </args>
      <args> x[8] x[33] x[8] x[33] 12 </args>
      <args> x[8] x[34] x[8] x[34] 13 </args>
      <args> x[9] x[34] x[9] x[34] 13 </args>
      <args> x[8] x[35] x[8] x[35] 13 </args>
      <args> x[8] x[36] x[8] x[36] 14 </args>
      <args> x[9] x[36] x[9] x[36] 14 </args>
      <args> x[8] x[37] x[8] x[37] 14 </args>
      <args> x[8] x[38] x[8] x[38] 15 </args>
      <args> x[9] x[38] x[9] x[38] 15 </args>
      <args> x[8] x[39] x[8] x[39] 15 </args>
      <args> x[8] x[40] x[8] x[40] 16 </args>
      <args> x[9] x[40] x[9] x[40] 16 </args>
      <args> x[8] x[41] x[8] x[41] 16 </args>
      <args> x[8] x[42] x[8] x[42] 17 </args>
      <args> x[9] x[42] x[9] x[42] 17 </args>
      <args> x[8] x[43] x[8] x[43] 17 </args>
      <args> x[8] x[44] x[8] x[44] 18 </args>
      <args> x[9] x[44] x[9] x[44] 18 </args>
      <args> x[8] x[45] x[8] x[45] 18 </args>
      <args> x[8] x[46] x[8] x[46] 19 </args>
      <args> x[9] x[46] x[9] x[46] 19 </args>
      <args> x[8] x[47] x[8] x[47] 19 </args>
      <args> x[8] x[48] x[8] x[48] 20 </args>
      <args> x[9] x[48] x[9] x[48] 20 </args>
      <args> x[8] x[49] x[8] x[49] 20 </args>
      <args> x[8] x[50] x[8] x[50] 21 </args>
      <args> x[9] x[50] x[9] x[50] 21 </args>
      <args> x[8] x[51] x[8] x[51] 21 </args>
      <args> x[8] x[52] x[8] x[52] 22 </args>
      <args> x[9] x[52] x[9] x[52] 22 </args>
      <args> x[8] x[53] x[8] x[53] 22 </args>
      <args> x[8] x[54] x[8] x[54] 23 </args>
      <args> x[9] x[54] x[9] x[54] 23 </args>
      <args> x[8] x[55] x[8] x[55] 23 </args>
      <args> x[8] x[56] x[8] x[56] 24 </args>
      <args> x[9] x[56] x[9] x[56] 24 </args>
      <args> x[8] x[57] x[8] x[57] 24 </args>
      <args> x[8] x[58] x[8] x[58] 25 </args>
      <args> x[9] x[58] x[9] x[58] 25 </args>
      <args> x[8] x[59] x[8] x[59] 25 </args>
      <args> x[10] x[12] x[10] x[12] 1 </args>
      <args> x[11] x[12] x[11] x[12] 1 </args>
      <args> x[10] x[13] x[10] x[13] 1 </args>
      <args> x[10] x[14] x[10] x[14] 2 </args>
      <args> x[11] x[14] x[11] x[14] 2 </args>
      <args> x[10] x[15] x[10] x[15] 2 </args>
      <args> x[10] x[16] x[10] x[16] 3 </args>
      <args> x[11] x[16] x[11] x[16] 3 </args>
      <args> x[10] x[17] x[10] x[17] 3 </args>
      <args> x[10] x[18] x[10] x[18] 4 </args>
      <args> x[11] x[18] x[11] x[18] 4 </args>
      <args> x[10] x[19] x[10] x[19] 4 </args>
      <args> x[10] x[20] x[10] x[20] 5 </args>
      <args> x[11] x[20] x[11] x[20] 5 </args>
      <args> x[10] x[21] x[10] x[21] 5 </args>
      <args> x[10] x[22] x[10] x[22] 6 </args>
      <args> x[11] x[22] x[11] x[22] 6 </args>
      <args> x[10] x[23] x[10] x[23] 6 </args>
      <args> x[10] x[24] x[10] x[24] 7 </args>
      <args> x[11] x[24] x[11] x[24] 7 </args>
      <args> x[10] x[25] x[10] x[25] 7 </args>
      <args> x[10] x[26] x[10] x[26] 8 </args>
      <args> x[11] x[26] x[11] x[26] 8 </args>
      <args> x[10] x[27] x[10] x[27] 8 </args>
      <args> x[10] x[28] x[10] x[28] 9 </args>
      <args> x[11] x[28] x[11] x[28] 9 </args>
      <args> x[10] x[29] x[10] x[29] 9 </args>
      <args> x[10] x[30] x[10] x[30] 10 </args>
      <args> x[11] x[30] x[11] x[30] 10 </args>
      <args> x[10] x[31] x[10] x[31] 10 </args>
      <args> x[10] x[32] x[10] x[32] 11 </args>
      <args> x[11] x[32] x[11] x[32] 11 </args>
      <args> x[10] x[33] x[10] x[33] 11 </args>
      <args> x[10] x[34] x[10] x[34] 12 </args>
      <args> x[11] x[34] x[11] x[34] 12 </args>
      <args> x[10] x[35] x[10] x[35] 12 </args>
      <args> x[10] x[36] x[10] x[36] 13 </args>
      <args> x[11] x[36] x[11] x[36] 13 </args>
      <args> x[10] x[37] x[10] x[37] 13 </args>
      <args> x[10] x[38] x[10] x[38] 14 </args>
      <args> x[11] x[38] x[11] x[38] 14 </args>
      <args> x[10] x[39] x[10] x[39] 14 </args>
      <args> x[10] x[40] x[10] x[40] 15 </args>
      <args> x[11] x[40] x[11] x[40] 15 </args>
      <args> x[10] x[41] x[10] x[41] 15 </args>
      <args> x[10] x[42] x[10] x[42] 16 </args>
      <args> x[11] x[42] x[11] x[42] 16 </args>
      <args> x[10] x[43] x[10] x[43] 16 </args>
      <args> x[10] x[44] x[10] x[44] 17 </args>
      <args> x[11] x[44] x[11] x[44] 17 </args>
      <args> x[10] x[45] x[10] x[45] 17 </args>
      <args> x[10] x[46] x[10] x[46] 18 </args>
      <args> x[11] x[46] x[11] x[46] 18 </args>
      <args> x[10] x[47] x[10] x[47] 18 </args>
      <args> x[10] x[48] x[10] x[48] 19 </args>
      <args> x[11] x[48] x[11] x[48] 19 </args>
      <args> x[10] x[49] x[10] x[49] 19 </args>
      <args> x[10] x[50] x[10] x[50] 20 </args>
      <args> x[11] x[50] x[11] x[50] 20 </args>
      <args> x[10] x[51] x[10] x[51] 20 </args>
      <args> x[10] x[52] x[10] x[52] 21 </args>
      <args> x[11] x[52] x[11] x[52] 21 </args>
      <args> x[10] x[53] x[10] x[53] 21 </args>
      <args> x[10] x[54] x[10] x[54] 22 </args>
      <args> x[11] x[54] x[11] x[54] 22 </args>
      <args> x[10] x[55] x[10] x[55] 22 </args>
      <args> x[10] x[56] x[10] x[56] 23 </args>
      <args> x[11] x[56] x[11] x[56] 23 </args>
      <args> x[10] x[57] x[10] x[57] 23 </args>
      <args> x[10] x[58] x[10] x[58] 24 </args>
      <args> x[11] x[58] x[11] x[58] 24 </args>
      <args> x[10] x[59] x[10] x[59] 24 </args>
      <args> x[12] x[14] x[12] x[14] 1 </args>
      <args> x[13] x[14] x[13] x[14] 1 </args>
      <args> x[12] x[15] x[12] x[15] 1 </args>
      <args> x[12] x[16] x[12] x[16] 2 </args>
      <args> x[13] x[16] x[13] x[16] 2 </args>
      <args> x[12] x[17] x[12] x[17] 2 </args>
      <args> x[12] x[18] x[12] x[18] 3 </args>
      <args> x[13] x[18] x[13] x[18] 3 </args>
      <args> x[12] x[19] x[12] x[19] 3 </args>
      <args> x[12] x[20] x[12] x[20] 4 </args>
      <args> x[13] x[20] x[13] x[20] 4 </args>
      <args> x[12] x[21] x[12] x[21] 4 </args>
      <args> x[12] x[22] x[12] x[22] 5 </args>
      <args> x[13] x[22] x[13] x[22] 5 </args>
      <args> x[12] x[23] x[12] x[23] 5 </args>
      <args> x[12] x[24] x[12] x[24] 6 </args>
      <args> x[13] x[24] x[13] x[24] 6 </args>
      <args> x[12] x[25] x[12] x[25] 6 </args>
      <args> x[12] x[26] x[12] x[26] 7 </args>
      <args> x[13] x[26] x[13] x[26] 7 </args>
      <args> x[12] x[27] x[12] x[27] 7 </args>
      <args> x[12] x[28] x[12] x[28] 8 </args>
      <args> x[13] x[28] x[13] x[28] 8 </args>
      <args> x[12] x[29] x[12] x[29] 8 </args>
      <args> x[12] x[30] x[12] x[30] 9 </args>
      <args> x[13] x[30] x[13] x[30] 9 </args>
      <args> x[12] x[31] x[12] x[31] 9 </args>
      <args> x[12] x[32] x[12] x[32] 10 </args>
      <args> x[13] x[32] x[13] x[32] 10 </args>
      <args> x[12] x[33] x[12] x[33] 10 </args>
      <args> x[12] x[34] x[12] x[34] 11 </args>
      <args> x[13] x[34] x[13] x[34] 11 </args>
      <args> x[12] x[35] x[12] x[35] 11 </args>
      <args> x[12] x[36] x[12] x[36] 12 </args>
      <args> x[13] x[36] x[13] x[36] 12 </args>
      <args> x[12] x[37] x[12] x[37] 12 </args>
      <args> x[12] x[38] x[12] x[38] 13 </args>
      <args> x[13] x[38] x[13] x[38] 13 </args>
      <args> x[12] x[39] x[12] x[39] 13 </args>
      <args> x[12] x[40] x[12] x[40] 14 </args>
      <args> x[13] x[40] x[13] x[40] 14 </args>
      <args> x[12] x[41] x[12] x[41] 14 </args>
      <args> x[12] x[42] x[12] x[42] 15 </args>
      <args> x[13] x[42] x[13] x[42] 15 </args>
      <args> x[12] x[43] x[12] x[43] 15 </args>
      <args> x[12] x[44] x[12] x[44] 16 </args>
      <args> x[13] x[44] x[13] x[44] 16 </args>
      <args> x[12] x[45] x[12] x[45] 16 </args>
      <args> x[12] x[46] x[12] x[46] 17 </args>
      <args> x[13] x[46] x[13] x[46] 17 </args>
      <args> x[12] x[47] x[12] x[47] 17 </args>
      <args> x[12] x[48] x[12] x[48] 18 </args>
      <args> x[13] x[48] x[13] x[48] 18 </args>
      <args> x[12] x[49] x[12] x[49] 18 </args>
      <args> x[12] x[50] x[12] x[50] 19 </args>
      <args> x[13] x[50] x[13] x[50] 19 </args>
      <args> x[12] x[51] x[12] x[51] 19 </args>
      <args> x[12] x[52] x[12] x[52] 20 </args>
      <args> x[13] x[52] x[13] x[52] 20 </args>
      <args> x[12] x[53] x[12] x[53] 20 </args>
      <args> x[12] x[54] x[12] x[54] 21 </args>
      <args> x[13] x[54] x[13] x[54] 21 </args>
      <args> x[12] x[55] x[12] x[55] 21 </args>
      <args> x[12] x[56] x[12] x[56] 22 </args>
      <args> x[13] x[56] x[13] x[56] 22 </args>
      <args> x[12] x[57] x[12] x[57] 22 </args>
      <args> x[12] x[58] x[12] x[58] 23 </args>
      <args> x[13] x[58] x[13] x[58] 23 </args>
      <args> x[12] x[59] x[12] x[59] 23 </args>
      <args> x[14] x[16] x[14] x[16] 1 </args>
      <args> x[15] x[16] x[15] x[16] 1 </args>
      <args> x[14] x[17] x[14] x[17] 1 </args>
      <args> x[14] x[18] x[14] x[18] 2 </args>
      <args> x[15] x[18] x[15] x[18] 2 </args>
      <args> x[14] x[19] x[14] x[19] 2 </args>
      <args> x[14] x[20] x[14] x[20] 3 </args>
      <args> x[15] x[20] x[15] x[20] 3 </args>
      <args> x[14] x[21] x[14] x[21] 3 </args>
      <args> x[14] x[22] x[14] x[22] 4 </args>
      <args> x[15] x[22] x[15] x[22] 4 </args>
      <args> x[14] x[23] x[14] x[23] 4 </args>
      <args> x[14] x[24] x[14] x[24] 5 </args>
      <args> x[15] x[24] x[15] x[24] 5 </args>
      <args> x[14] x[25] x[14] x[25] 5 </args>
      <args> x[14] x[26] x[14] x[26] 6 </args>
      <args> x[15] x[26] x[15] x[26] 6 </args>
      <args> x[14] x[27] x[14] x[27] 6 </args>
      <args> x[14] x[28] x[14] x[28] 7 </args>
      <args> x[15] x[28] x[15] x[28] 7 </args>
      <args> x[14] x[29] x[14] x[29] 7 </args>
      <args> x[14] x[30] x[14] x[30] 8 </args>
      <args> x[15] x[30] x[15] x[30] 8 </args>
      <args> x[14] x[31] x[14] x[31] 8 </args>
      <args> x[14] x[32] x[14] x[32] 9 </args>
      <args> x[15] x[32] x[15] x[32] 9 </args>
      <args> x[14] x[33] x[14] x[33] 9 </args>
      <args> x[14] x[34] x[14] x[34] 10 </args>
      <args> x[15] x[34] x[15] x[34] 10 </args>
      <args> x[14] x[35] x[14] x[35] 10 </args>
      <args> x[14] x[36] x[14] x[36] 11 </args>
      <args> x[15] x[36] x[15] x[36] 11 </args>
      <args> x[14] x[37] x[14] x[37] 11 </args>
      <args> x[14] x[38] x[14] x[38] 12 </args>
      <args> x[15] x[38] x[15] x[38] 12 </args>
      <args> x[14] x[39] x[14] x[39] 12 </args>
      <args> x[14] x[40] x[14] x[40] 13 </args>
      <args> x[15] x[40] x[15] x[40] 13 </args>
      <args> x[14] x[41] x[14] x[41] 13 </args>
      <args> x[14] x[42] x[14] x[42] 14 </args>
      <args> x[15] x[42] x[15] x[42] 14 </args>
      <args> x[14] x[43] x[14] x[43] 14 </args>
      <args> x[14] x[44] x[14] x[44] 15 </args>
      <args> x[15] x[44] x[15] x[44] 15 </args>
      <args> x[14] x[45] x[14] x[45] 15 </args>
      <args> x[14] x[46] x[14] x[46] 16 </args>
      <args> x[15] x[46] x[15] x[46] 16 </args>
      <args> x[14] x[47] x[14] x[47] 16 </args>
      <args> x[14] x[48] x[14] x[48] 17 </args>
      <args> x[15] x[48] x[15] x[48] 17 </args>
      <args> x[14] x[49] x[14] x[49] 17 </args>
      <args> x[14] x[50] x[14] x[50] 18 </args>
      <args> x[15] x[50] x[15] x[50] 18 </args>
      <args> x[14] x[51] x[14] x[51] 18 </args>
      <args> x[14] x[52] x[14] x[52] 19 </args>
      <args> x[15] x[52] x[15] x[52] 19 </args>
      <args> x[14] x[53] x[14] x[53] 19 </args>
      <args> x[14] x[54] x[14] x[54] 20 </args>
      <args> x[15] x[54] x[15] x[54] 20 </args>
      <args> x[14] x[55] x[14] x[55] 20 </args>
      <args> x[14] x[56] x[14] x[56] 21 </args>
      <args> x[15] x[56] x[15] x[56] 21 </args>
      <args> x[14] x[57] x[14] x[57] 21 </args>
      <args> x[14] x[58] x[14] x[58] 22 </args>
      <args> x[15] x[58] x[15] x[58] 22 </args>
      <args> x[14] x[59] x[14] x[59] 22 </args>
      <args> x[16] x[18] x[16] x[18] 1 </args>
      <args> x[17] x[18] x[17] x[18] 1 </args>
      <args> x[16] x[19] x[16] x[19] 1 </args>
      <args> x[16] x[20] x[16] x[20] 2 </args>
      <args> x[17] x[20] x[17] x[20] 2 </args>
      <args> x[16] x[21] x[16] x[21] 2 </args>
      <args> x[16] x[22] x[16] x[22] 3 </args>
      <args> x[17] x[22] x[17] x[22] 3 </args>
      <args> x[16] x[23] x[16] x[23] 3 </args>
      <args> x[16] x[24] x[16] x[24] 4 </args>
      <args> x[17] x[24] x[17] x[24] 4 </args>
      <args> x[16] x[25] x[16] x[25] 4 </args>
      <args> x[16] x[26] x[16] x[26] 5 </args>
      <args> x[17] x[26] x[17] x[26] 5 </args>
      <args> x[16] x[27] x[16] x[27] 5 </args>
      <args> x[16] x[28] x[16] x[28] 6 </args>
      <args> x[17] x[28] x[17] x[28] 6 </args>
      <args> x[16] x[29] x[16] x[29] 6 </args>
      <args> x[16] x[30] x[16] x[30] 7 </args>
      <args> x[17] x[30] x[17] x[30] 7 </args>
      <args> x[16] x[31] x[16] x[31] 7 </args>
      <args> x[16] x[32] x[16] x[32] 8 </args>
      <args> x[17] x[32] x[17] x[32] 8 </args>
      <args> x[16] x[33] x[16] x[33] 8 </args>
      <args> x[16] x[34] x[16] x[34] 9 </args>
      <args> x[17] x[34] x[17] x[34] 9 </args>
      <args> x[16] x[35] x[16] x[35] 9 </args>
      <args> x[16] x[36] x[16] x[36] 10 </args>
      <args> x[17] x[36] x[17] x[36] 10 </args>
      <args> x[16] x[37] x[16] x[37] 10 </args>
      <args> x[16] x[38] x[16] x[38] 11 </args>
      <args> x[17] x[38] x[17] x[38] 11 </args>
      <args> x[16] x[39] x[16] x[39] 11 </args>
      <args> x[16] x[40] x[16] x[40] 12 </args>
      <args> x[17] x[40] x[17] x[40] 12 </args>
      <args> x[16] x[41] x[16] x[41] 12 </args>
      <args> x[16] x[42] x[16] x[42] 13 </args>
      <args> x[17] x[42] x[17] x[42] 13 </args>
      <args> x[16] x[43] x[16] x[43] 13 </args>
      <args> x[16] x[44] x[16] x[44] 14 </args>
      <args> x[17] x[44] x[17] x[44] 14 </args>
      <args> x[16] x[45] x[16] x[45] 14 </args>
      <args> x[16] x[46] x[16] x[46] 15 </args>
      <args> x[17] x[46] x[17] x[46] 15 </args>
      <args> x[16] x[47] x[16] x[47] 15 </args>
      <args> x[16] x[48] x[16] x[48] 16 </args>
      <args> x[17] x[48] x[17] x[48] 16 </args>
      <args> x[16] x[49] x[16] x[49] 16 </args>
      <args> x[16] x[50] x[16] x[50] 17 </args>
      <args> x[17] x[50] x[17] x[50] 17 </args>
      <args> x[16] x[51] x[16] x[51] 17 </args>
      <args> x[16] x[52] x[16] x[52] 18 </args>
      <args> x[17] x[52] x[17] x[52] 18 </args>
      <args> x[16] x[53] x[16] x[53] 18 </args>
      <args> x[16] x[54] x[16] x[54] 19 </args>
      <args> x[17] x[54] x[17] x[54] 19 </args>
      <args> x[16] x[55] x[16] x[55] 19 </args>
      <args> x[16] x[56] x[16] x[56] 20 </args>
      <args> x[17] x[56] x[17] x[56] 20 </args>
      <args> x[16] x[57] x[16] x[57] 20 </args>
      <args> x[16] x[58] x[16] x[58] 21 </args>
      <args> x[17] x[58] x[17] x[58] 21 </args>
      <args> x[16] x[59] x[16] x[59] 21 </args>
      <args> x[18] x[20] x[18] x[20] 1 </args>
      <args> x[19] x[20] x[19] x[20] 1 </args>
      <args> x[18] x[21] x[18] x[21] 1 </args>
      <args> x[18] x[22] x[18] x[22] 2 </args>
      <args> x[19] x[22] x[19] x[22] 2 </args>
      <args> x[18] x[23] x[18] x[23] 2 </args>
      <args> x[18] x[24] x[18] x[24] 3 </args>
      <args> x[19] x[24] x[19] x[24] 3 </args>
      <args> x[18] x[25] x[18] x[25] 3 </args>
      <args> x[18] x[26] x[18] x[26] 4 </args>
      <args> x[19] x[26] x[19] x[26] 4 </args>
      <args> x[18] x[27] x[18] x[27] 4 </args>
      <args> x[18] x[28] x[18] x[28] 5 </args>
      <args> x[19] x[28] x[19] x[28] 5 </args>
      <args> x[18] x[29] x[18] x[29] 5 </args>
      <args> x[18] x[30] x[18] x[30] 6 </args>
      <args> x[19] x[30] x[19] x[30] 6 </args>
      <args> x[18] x[31] x[18] x[31] 6 </args>
      <args> x[18] x[32] x[18] x[32] 7 </args>
      <args> x[19] x[32] x[19] x[32] 7 </args>
      <args> x[18] x[33] x[18] x[33] 7 </args>
      <args> x[18] x[34] x[18] x[34] 8 </args>
      <args> x[19] x[34] x[19] x[34] 8 </args>
      <args> x[18] x[35] x[18] x[35] 8 </args>
      <args> x[18] x[36] x[18] x[36] 9 </args>
      <args> x[19] x[36] x[19] x[36] 9 </args>
      <args> x[18] x[37] x[18] x[37] 9 </args>
      <args> x[18] x[38] x[18] x[38] 10 </args>
      <args> x[19] x[38] x[19] x[38] 10 </args>
      <args> x[18] x[39] x[18] x[39] 10 </args>
      <args> x[18] x[40] x[18] x[40] 11 </args>
      <args> x[19] x[40] x[19] x[40] 11 </args>
      <args> x[18] x[41] x[18] x[41] 11 </args>
      <args> x[18] x[42] x[18] x[42] 12 </args>
      <args> x[19] x[42] x[19] x[42] 12 </args>
      <args> x[18] x[43] x[18] x[43] 12 </args>
      <args> x[18] x[44] x[18] x[44] 13 </args>
      <args> x[19] x[44] x[19] x[44] 13 </args>
      <args> x[18] x[45] x[18] x[45] 13 </args>
      <args> x[18] x[46] x[18] x[46] 14 </args>
      <args> x[19] x[46] x[19] x[46] 14 </args>
      <args> x[18] x[47] x[18] x[47] 14 </args>
      <args> x[18] x[48] x[18] x[48] 15 </args>
      <args> x[19] x[48] x[19] x[48] 15 </args>
      <args> x[18] x[49] x[18] x[49] 15 </args>
      <args> x[18] x[50] x[18] x[50] 16 </args>
      <args> x[19] x[50] x[19] x[50] 16 </args>
      <args> x[18] x[51] x[18] x[51] 16 </args>
      <args> x[18] x[52] x[18] x[52] 17 </args>
      <args> x[19] x[52] x[19] x[52] 17 </args>
      <args> x[18] x[53] x[18] x[53] 17 </args>
      <args> x[18] x[54] x[18] x[54] 18 </args>
      <args> x[19] x[54] x[19] x[54] 18 </args>
      <args> x[18] x[55] x[18] x[55] 18 </args>
      <args> x[18] x[56] x[18] x[56] 19 </args>
      <args> x[19] x[56] x[19] x[56] 19 </args>
      <args> x[18] x[57] x[18] x[57] 19 </args>
      <args> x[18] x[58] x[18] x[58] 20 </args>
      <args> x[19] x[58] x[19] x[58] 20 </args>
      <args> x[18] x[59] x[18] x[59] 20 </args>
      <args> x[20] x[22] x[20] x[22] 1 </args>
      <args> x[21] x[22] x[21] x[22] 1 </args>
      <args> x[20] x[23] x[20] x[23] 1 </args>
      <args> x[20] x[24] x[20] x[24] 2 </args>
      <args> x[21] x[24] x[21] x[24] 2 </args>
      <args> x[20] x[25] x[20] x[25] 2 </args>
      <args> x[20] x[26] x[20] x[26] 3 </args>
      <args> x[21] x[26] x[21] x[26] 3 </args>
      <args> x[20] x[27] x[20] x[27] 3 </args>
      <args> x[20] x[28] x[20] x[28] 4 </args>
      <args> x[21] x[28] x[21] x[28] 4 </args>
      <args> x[20] x[29] x[20] x[29] 4 </args>
      <args> x[20] x[30] x[20] x[30] 5 </args>
      <args> x[21] x[30] x[21] x[30] 5 </args>
      <args> x[20] x[31] x[20] x[31] 5 </args>
      <args> x[20] x[32] x[20] x[32] 6 </args>
      <args> x[21] x[32] x[21] x[32] 6 </args>
      <args> x[20] x[33] x[20] x[33] 6 </args>
      <args> x[20] x[34] x[20] x[34] 7 </args>
      <args> x[21] x[34] x[21] x[34] 7 </args>
      <args> x[20] x[35] x[20] x[35] 7 </args>
      <args> x[20] x[36] x[20] x[36] 8 </args>
      <args> x[21] x[36] x[21] x[36] 8 </args>
      <args> x[20] x[37] x[20] x[37] 8 </args>
      <args> x[20] x[38] x[20] x[38] 9 </args>
      <args> x[21] x[38] x[21] x[38] 9 </args>
      <args> x[20] x[39] x[20] x[39] 9 </args>
      <args> x[20] x[40] x[20] x[40] 10 </args>
      <args> x[21] x[40] x[21] x[40] 10 </args>
      <args> x[20] x[41] x[20] x[41] 10 </args>
      <args> x[20] x[42] x[20] x[42] 11 </args>
      <args> x[21] x[42] x[21] x[42] 11 </args>
      <args> x[20] x[43] x[20] x[43] 11 </args>
      <args> x[20] x[44] x[20] x[44] 12 </args>
      <args> x[21] x[44] x[21] x[44] 12 </args>
      <args> x[20] x[45] x[20] x[45] 12 </args>
      <args> x[20] x[46] x[20] x[46] 13 </args>
      <args> x[21] x[46] x[21] x[46] 13 </args>
      <args> x[20] x[47] x[20] x[47] 13 </args>
      <args> x[20] x[48] x[20] x[48] 14 </args>
      <args> x[21] x[48] x[21] x[48] 14 </args>
      <args> x[20] x[49] x[20] x[49] 14 </args>
      <args> x[20] x[50] x[20] x[50] 15 </args>
      <args> x[21] x[50] x[21] x[50] 15 </args>
      <args> x[20] x[51] x[20] x[51] 15 </args>
      <args> x[20] x[52] x[20] x[52] 16 </args>
      <args> x[21] x[52] x[21] x[52] 16 </args>
      <args> x[20] x[53] x[20] x[53] 16 </args>
      <args> x[20] x[54] x[20] x[54] 17 </args>
      <args> x[21] x[54] x[21] x[54] 17 </args>
      <args> x[20] x[55] x[20] x[55] 17 </args>
      <args> x[20] x[56] x[20] x[56] 18 </args>
      <args> x[21] x[56] x[21] x[56] 18 </args>
      <args> x[20] x[57] x[20] x[57] 18 </args>
      <args> x[20] x[58] x[20] x[58] 19 </args>
      <args> x[21] x[58] x[21] x[58] 19 </args>
      <args> x[20] x[59] x[20] x[59] 19 </args>
      <args> x[22] x[24] x[22] x[24] 1 </args>
      <args> x[23] x[24] x[23] x[24] 1 </args>
      <args> x[22] x[25] x[22] x[25] 1 </args>
      <args> x[22] x[26] x[22] x[26] 2 </args>
      <args> x[23] x[26] x[23] x[26] 2 </args>
      <args> x[22] x[27] x[22] x[27] 2 </args>
      <args> x[22] x[28] x[22] x[28] 3 </args>
      <args> x[23] x[28] x[23] x[28] 3 </args>
      <args> x[22] x[29] x[22] x[29] 3 </args>
      <args> x[22] x[30] x[22] x[30] 4 </args>
      <args> x[23] x[30] x[23] x[30] 4 </args>
      <args> x[22] x[31] x[22] x[31] 4 </args>
      <args> x[22] x[32] x[22] x[32] 5 </args>
      <args> x[23] x[32] x[23] x[32] 5 </args>
      <args> x[22] x[33] x[22] x[33] 5 </args>
      <args> x[22] x[34] x[22] x[34] 6 </args>
      <args> x[23] x[34] x[23] x[34] 6 </args>
      <args> x[22] x[35] x[22] x[35] 6 </args>
      <args> x[22] x[36] x[22] x[36] 7 </args>
      <args> x[23] x[36] x[23] x[36] 7 </args>
      <args> x[22] x[37] x[22] x[37] 7 </args>
      <args> x[22] x[38] x[22] x[38] 8 </args>
      <args> x[23] x[38] x[23] x[38] 8 </args>
      <args> x[22] x[39] x[22] x[39] 8 </args>
      <args> x[22] x[40] x[22] x[40] 9 </args>
      <args> x[23] x[40] x[23] x[40] 9 </args>
      <args> x[22] x[41] x[22] x[41] 9 </args>
      <args> x[22] x[42] x[22] x[42] 10 </args>
      <args> x[23] x[42] x[23] x[42] 10 </args>
      <args> x[22] x[43] x[22] x[43] 10 </args>
      <args> x[22] x[44] x[22] x[44] 11 </args>
      <args> x[23] x[44] x[23] x[44] 11 </args>
      <args> x[22] x[45] x[22] x[45] 11 </args>
      <args> x[22] x[46] x[22] x[46] 12 </args>
      <args> x[23] x[46] x[23] x[46] 12 </args>
      <args> x[22] x[47] x[22] x[47] 12 </args>
      <args> x[22] x[48] x[22] x[48] 13 </args>
      <args> x[23] x[48] x[23] x[48] 13 </args>
      <args> x[22] x[49] x[22] x[49] 13 </args>
      <args> x[22] x[50] x[22] x[50] 14 </args>
      <args> x[23] x[50] x[23] x[50] 14 </args>
      <args> x[22] x[51] x[22] x[51] 14 </args>
      <args> x[22] x[52] x[22] x[52] 15 </args>
      <args> x[23] x[52] x[23] x[52] 15 </args>
      <args> x[22] x[53] x[22] x[53] 15 </args>
      <args> x[22] x[54] x[22] x[54] 16 </args>
      <args> x[23] x[54] x[23] x[54] 16 </args>
      <args> x[22] x[55] x[22] x[55] 16 </args>
      <args> x[22] x[56] x[22] x[56] 17 </args>
      <args> x[23] x[56] x[23] x[56] 17 </args>
      <args> x[22] x[57] x[22] x[57] 17 </args>
      <args> x[22] x[58] x[22] x[58] 18 </args>
      <args> x[23] x[58] x[23] x[58] 18 </args>
      <args> x[22] x[59] x[22] x[59] 18 </args>
      <args> x[24] x[26] x[24] x[26] 1 </args>
      <args> x[25] x[26] x[25] x[26] 1 </args>
      <args> x[24] x[27] x[24] x[27] 1 </args>
      <args> x[24] x[28] x[24] x[28] 2 </args>
      <args> x[25] x[28] x[25] x[28] 2 </args>
      <args> x[24] x[29] x[24] x[29] 2 </args>
      <args> x[24] x[30] x[24] x[30] 3 </args>
      <args> x[25] x[30] x[25] x[30] 3 </args>
      <args> x[24] x[31] x[24] x[31] 3 </args>
      <args> x[24] x[32] x[24] x[32] 4 </args>
      <args> x[25] x[32] x[25] x[32] 4 </args>
      <args> x[24] x[33] x[24] x[33] 4 </args>
      <args> x[24] x[34] x[24] x[34] 5 </args>
      <args> x[25] x[34] x[25] x[34] 5 </args>
      <args> x[24] x[35] x[24] x[35] 5 </args>
      <args> x[24] x[36] x[24] x[36] 6 </args>
      <args> x[25] x[36] x[25] x[36] 6 </args>
      <args> x[24] x[37] x[24] x[37] 6 </args>
      <args> x[24] x[38] x[24] x[38] 7 </args>
      <args> x[25] x[38] x[25] x[38] 7 </args>
      <args> x[24] x[39] x[24] x[39] 7 </args>
      <args> x[24] x[40] x[24] x[40] 8 </args>
      <args> x[25] x[40] x[25] x[40] 8 </args>
      <args> x[24] x[41] x[24] x[41] 8 </args>
      <args> x[24] x[42] x[24] x[42] 9 </args>
      <args> x[25] x[42] x[25] x[42] 9 </args>
      <args> x[24] x[43] x[24] x[43] 9 </args>
      <args> x[24] x[44] x[24] x[44] 10 </args>
      <args> x[25] x[44] x[25] x[44] 10 </args>
      <args> x[24] x[45] x[24] x[45] 10 </args>
      <args> x[24] x[46] x[24] x[46] 11 </args>
      <args> x[25] x[46] x[25] x[46] 11 </args>
      <args> x[24] x[47] x[24] x[47] 11 </args>
      <args> x[24] x[48] x[24] x[48] 12 </args>
      <args> x[25] x[48] x[25] x[48] 12 </args>
      <args> x[24] x[49] x[24] x[49] 12 </args>
      <args> x[24] x[50] x[24] x[50] 13 </args>
      <args> x[25] x[50] x[25] x[50] 13 </args>
      <args> x[24] x[51] x[24] x[51] 13 </args>
      <args> x[24] x[52] x[24] x[52] 14 </args>
      <args> x[25] x[52] x[25] x[52] 14 </args>
      <args> x[24] x[53] x[24] x[53] 14 </args>
      <args> x[24] x[54] x[24] x[54] 15 </args>
      <args> x[25] x[54] x[25] x[54] 15 </args>
      <args> x[24] x[55] x[24] x[55] 15 </args>
      <args> x[24] x[56] x[24] x[56] 16 </args>
      <args> x[25] x[56] x[25] x[56] 16 </args>
      <args> x[24] x[57] x[24] x[57] 16 </args>
      <args> x[24] x[58] x[24] x[58] 17 </args>
      <args> x[25] x[58] x[25] x[58] 17 </args>
      <args> x[24] x[59] x[24] x[59] 17 </args>
      <args> x[26] x[28] x[26] x[28] 1 </args>
      <args> x[27] x[28] x[27] x[28] 1 </args>
      <args> x[26] x[29] x[26] x[29] 1 </args>
      <args> x[26] x[30] x[26] x[30] 2 </args>
      <args> x[27] x[30] x[27] x[30] 2 </args>
      <args> x[26] x[31] x[26] x[31] 2 </args>
      <args> x[26] x[32] x[26] x[32] 3 </args>
      <args> x[27] x[32] x[27] x[32] 3 </args>
      <args> x[26] x[33] x[26] x[33] 3 </args>
      <args> x[26] x[34] x[26] x[34] 4 </args>
      <args> x[27] x[34] x[27] x[34] 4 </args>
      <args> x[26] x[35] x[26] x[35] 4 </args>
      <args> x[26] x[36] x[26] x[36] 5 </args>
      <args> x[27] x[36] x[27] x[36] 5 </args>
      <args> x[26] x[37] x[26] x[37] 5 </args>
      <args> x[26] x[38] x[26] x[38] 6 </args>
      <args> x[27] x[38] x[27] x[38] 6 </args>
      <args> x[26] x[39] x[26] x[39] 6 </args>
      <args> x[26] x[40] x[26] x[40] 7 </args>
      <args> x[27] x[40] x[27] x[40] 7 </args>
      <args> x[26] x[41] x[26] x[41] 7 </args>
      <args> x[26] x[42] x[26] x[42] 8 </args>
      <args> x[27] x[42] x[27] x[42] 8 </args>
      <args> x[26] x[43] x[26] x[43] 8 </args>
      <args> x[26] x[44] x[26] x[44] 9 </args>
      <args> x[27] x[44] x[27] x[44] 9 </args>
      <args> x[26] x[45] x[26] x[45] 9 </args>
      <args> x[26] x[46] x[26] x[46] 10 </args>
      <args> x[27] x[46] x[27] x[46] 10 </args>
      <args> x[26] x[47] x[26] x[47] 10 </args>
      <args> x[26] x[48] x[26] x[48] 11 </args>
      <args> x[27] x[48] x[27] x[48] 11 </args>
      <args> x[26] x[49] x[26] x[49] 11 </args>
      <args> x[26] x[50] x[26] x[50] 12 </args>
      <args> x[27] x[50] x[27] x[50] 12 </args>
      <args> x[26] x[51] x[26] x[51] 12 </args>
      <args> x[26] x[52] x[26] x[52] 13 </args>
      <args> x[27] x[52] x[27] x[52] 13 </args>
      <args> x[26] x[53] x[26] x[53] 13 </args>
      <args> x[26] x[54] x[26] x[54] 14 </args>
      <args> x[27] x[54] x[27] x[54] 14 </args>
      <args> x[26] x[55] x[26] x[55] 14 </args>
      <args> x[26] x[56] x[26] x[56] 15 </args>
      <args> x[27] x[56] x[27] x[56] 15 </args>
      <args> x[26] x[57] x[26] x[57] 15 </args>
      <args> x[26] x[58] x[26] x[58] 16 </args>
      <args> x[27] x[58] x[27] x[58] 16 </args>
      <args> x[26] x[59] x[26] x[59] 16 </args>
      <args> x[28] x[30] x[28] x[30] 1 </args>
      <args> x[29] x[30] x[29] x[30] 1 </args>
      <args> x[28] x[31] x[28] x[31] 1 </args>
      <args> x[28] x[32] x[28] x[32] 2 </args>
      <args> x[29] x[32] x[29] x[32] 2 </args>
      <args> x[28] x[33] x[28] x[33] 2 </args>
      <args> x[28] x[34] x[28] x[34] 3 </args>
      <args> x[29] x[34] x[29] x[34] 3 </args>
      <args> x[28] x[35] x[28] x[35] 3 </args>
      <args> x[28] x[36] x[28] x[36] 4 </args>
      <args> x[29] x[36] x[29] x[36] 4 </args>
      <args> x[28] x[37] x[28] x[37] 4 </args>
      <args> x[28] x[38] x[28] x[38] 5 </args>
      <args> x[29] x[38] x[29] x[38] 5 </args>
      <args> x[28] x[39] x[28] x[39] 5 </args>
      <args> x[28] x[40] x[28] x[40] 6 </args>
      <args> x[29] x[40] x[29] x[40] 6 </args>
      <args> x[28] x[41] x[28] x[41] 6 </args>
      <args> x[28] x[42] x[28] x[42] 7 </args>
      <args> x[29] x[42] x[29] x[42] 7 </args>
      <args> x[28] x[43] x[28] x[43] 7 </args>
      <args> x[28] x[44] x[28] x[44] 8 </args>
      <args> x[29] x[44] x[29] x[44] 8 </args>
      <args> x[28] x[45] x[28] x[45] 8 </args>
      <args> x[28] x[46] x[28] x[46] 9 </args>
      <args> x[29] x[46] x[29] x[46] 9 </args>
      <args> x[28] x[47] x[28] x[47] 9 </args>
      <args> x[28] x[48] x[28] x[48] 10 </args>
      <args> x[29] x[48] x[29] x[48] 10 </args>
      <args> x[28] x[49] x[28] x[49] 10 </args>
      <args> x[28] x[50] x[28] x[50] 11 </args>
      <args> x[29] x[50] x[29] x[50] 11 </args>
      <args> x[28] x[51] x[28] x[51] 11 </args>
      <args> x[28] x[52] x[28] x[52] 12 </args>
      <args> x[29] x[52] x[29] x[52] 12 </args>
      <args> x[28] x[53] x[28] x[53] 12 </args>
      <args> x[28] x[54] x[28] x[54] 13 </args>
      <args> x[29] x[54] x[29] x[54] 13 </args>
      <args> x[28] x[55] x[28] x[55] 13 </args>
      <args> x[28] x[56] x[28] x[56] 14 </args>
      <args> x[29] x[56] x[29] x[56] 14 </args>
      <args> x[28] x[57] x[28] x[57] 14 </args>
      <args> x[28] x[58] x[28] x[58] 15 </args>
      <args> x[29] x[58] x[29] x[58] 15 </args>
      <args> x[28] x[59] x[28] x[59] 15 </args>
      <args> x[30] x[32] x[30] x[32] 1 </args>
      <args> x[31] x[32] x[31] x[32] 1 </args>
      <args> x[30] x[33] x[30] x[33] 1 </args>
      <args> x[30] x[34] x[30] x[34] 2 </args>
      <args> x[31] x[34] x[31] x[34] 2 </args>
      <args> x[30] x[35] x[30] x[35] 2 </args>
      <args> x[30] x[36] x[30] x[36] 3 </args>
      <args> x[31] x[36] x[31] x[36] 3 </args>
      <args> x[30] x[37] x[30] x[37] 3 </args>
      <args> x[30] x[38] x[30] x[38] 4 </args>
      <args> x[31] x[38] x[31] x[38] 4 </args>
      <args> x[30] x[39] x[30] x[39] 4 </args>
      <args> x[30] x[40] x[30] x[40] 5 </args>
      <args> x[31] x[40] x[31] x[40] 5 </args>
      <args> x[30] x[41] x[30] x[41] 5 </args>
      <args> x[30] x[42] x[30] x[42] 6 </args>
      <args> x[31] x[42] x[31] x[42] 6 </args>
      <args> x[30] x[43] x[30] x[43] 6 </args>
      <args> x[30] x[44] x[30] x[44] 7 </args>
      <args> x[31] x[44] x[31] x[44] 7 </args>
      <args> x[30] x[45] x[30] x[45] 7 </args>
      <args> x[30] x[46] x[30] x[46] 8 </args>
      <args> x[31] x[46] x[31] x[46] 8 </args>
      <args> x[30] x[47] x[30] x[47] 8 </args>
      <args> x[30] x[48] x[30] x[48] 9 </args>
      <args> x[31] x[48] x[31] x[48] 9 </args>
      <args> x[30] x[49] x[30] x[49] 9 </args>
      <args> x[30] x[50] x[30] x[50] 10 </args>
      <args> x[31] x[50] x[31] x[50] 10 </args>
      <args> x[30] x[51] x[30] x[51] 10 </args>
      <args> x[30] x[52] x[30] x[52] 11 </args>
      <args> x[31] x[52] x[31] x[52] 11 </args>
      <args> x[30] x[53] x[30] x[53] 11 </args>
      <args> x[30] x[54] x[30] x[54] 12 </args>
      <args> x[31] x[54] x[31] x[54] 12 </args>
      <args> x[30] x[55] x[30] x[55] 12 </args>
      <args> x[30] x[56] x[30] x[56] 13 </args>
      <args> x[31] x[56] x[31] x[56] 13 </args>
      <args> x[30] x[57] x[30] x[57] 13 </args>
      <args> x[30] x[58] x[30] x[58] 14 </args>
      <args> x[31] x[58] x[31] x[58] 14 </args>
      <args> x[30] x[59] x[30] x[59] 14 </args>
      <args> x[32] x[34] x[32] x[34] 1 </args>
      <args> x[33] x[34] x[33] x[34] 1 </args>
      <args> x[32] x[35] x[32] x[35] 1 </args>
      <args> x[32] x[36] x[32] x[36] 2 </args>
      <args> x[33] x[36] x[33] x[36] 2 </args>
      <args> x[32] x[37] x[32] x[37] 2 </args>
      <args> x[32] x[38] x[32] x[38] 3 </args>
      <args> x[33] x[38] x[33] x[38] 3 </args>
      <args> x[32] x[39] x[32] x[39] 3 </args>
      <args> x[32] x[40] x[32] x[40] 4 </args>
      <args> x[33] x[40] x[33] x[40] 4 </args>
      <args> x[32] x[41] x[32] x[41] 4 </args>
      <args> x[32] x[42] x[32] x[42] 5 </args>
      <args> x[33] x[42] x[33] x[42] 5 </args>
      <args> x[32] x[43] x[32] x[43] 5 </args>
      <args> x[32] x[44] x[32] x[44] 6 </args>
      <args> x[33] x[44] x[33] x[44] 6 </args>
      <args> x[32] x[45] x[32] x[45] 6 </args>
      <args> x[32] x[46] x[32] x[46] 7 </args>
      <args> x[33] x[46] x[33] x[46] 7 </args>
      <args> x[32] x[47] x[32] x[47] 7 </args>
      <args> x[32] x[48] x[32] x[48] 8 </args>
      <args> x[33] x[48] x[33] x[48] 8 </args>
      <args> x[32] x[49] x[32] x[49] 8 </args>
      <args> x[32] x[50] x[32] x[50] 9 </args>
      <args> x[33] x[50] x[33] x[50] 9 </args>
      <args> x[32] x[51] x[32] x[51] 9 </args>
      <args> x[32] x[52] x[32] x[52] 10 </args>
      <args> x[33] x[52] x[33] x[52] 10 </args>
      <args> x[32] x[53] x[32] x[53] 10 </args>
      <args> x[32] x[54] x[32] x[54] 11 </args>
      <args> x[33] x[54] x[33] x[54] 11 </args>
      <args> x[32] x[55] x[32] x[55] 11 </args>
      <args> x[32] x[56] x[32] x[56] 12 </args>
      <args> x[33] x[56] x[33] x[56] 12 </args>
      <args> x[32] x[57] x[32] x[57] 12 </args>
      <args> x[32] x[58] x[32] x[58] 13 </args>
      <args> x[33] x[58] x[33] x[58] 13 </args>
      <args> x[32] x[59] x[32] x[59] 13 </args>
      <args> x[34] x[36] x[34] x[36] 1 </args>
      <args> x[35] x[36] x[35] x[36] 1 </args>
      <args> x[34] x[37] x[34] x[37] 1 </args>
      <args> x[34] x[38] x[34] x[38] 2 </args>
      <args> x[35] x[38] x[35] x[38] 2 </args>
      <args> x[34] x[39] x[34] x[39] 2 </args>
      <args> x[34] x[40] x[34] x[40] 3 </args>
      <args> x[35] x[40] x[35] x[40] 3 </args>
      <args> x[34] x[41] x[34] x[41] 3 </args>
      <args> x[34] x[42] x[34] x[42] 4 </args>
      <args> x[35] x[42] x[35] x[42] 4 </args>
      <args> x[34] x[43] x[34] x[43] 4 </args>
      <args> x[34] x[44] x[34] x[44] 5 </args>
      <args> x[35] x[44] x[35] x[44] 5 </args>
      <args> x[34] x[45] x[34] x[45] 5 </args>
      <args> x[34] x[46] x[34] x[46] 6 </args>
      <args> x[35] x[46] x[35] x[46] 6 </args>
      <args> x[34] x[47] x[34] x[47] 6 </args>
      <args> x[34] x[48] x[34] x[48] 7 </args>
      <args> x[35] x[48] x[35] x[48] 7 </args>
      <args> x[34] x[49] x[34] x[49] 7 </args>
      <args> x[34] x[50] x[34] x[50] 8 </args>
      <args> x[35] x[50] x[35] x[50] 8 </args>
      <args> x[34] x[51] x[34] x[51] 8 </args>
      <args> x[34] x[52] x[34] x[52] 9 </args>
      <args> x[35] x[52] x[35] x[52] 9 </args>
      <args> x[34] x[53] x[34] x[53] 9 </args>
      <args> x[34] x[54] x[34] x[54] 10 </args>
      <args> x[35] x[54] x[35] x[54] 10 </args>
      <args> x[34] x[55] x[34] x[55] 10 </args>
      <args> x[34] x[56] x[34] x[56] 11 </args>
      <args> x[35] x[56] x[35] x[56] 11 </args>
      <args> x[34] x[57] x[34] x[57] 11 </args>
      <args> x[34] x[58] x[34] x[58] 12 </args>
      <args> x[35] x[58] x[35] x[58] 12 </args>
      <args> x[34] x[59] x[34] x[59] 12 </args>
      <args> x[36] x[38] x[36] x[38] 1 </args>
      <args> x[37] x[38] x[37] x[38] 1 </args>
      <args> x[36] x[39] x[36] x[39] 1 </args>
      <args> x[36] x[40] x[36] x[40] 2 </args>
      <args> x[37] x[40] x[37] x[40] 2 </args>
      <args> x[36] x[41] x[36] x[41] 2 </args>
      <args> x[36] x[42] x[36] x[42] 3 </args>
      <args> x[37] x[42] x[37] x[42] 3 </args>
      <args> x[36] x[43] x[36] x[43] 3 </args>
      <args> x[36] x[44] x[36] x[44] 4 </args>
      <args> x[37] x[44] x[37] x[44] 4 </args>
      <args> x[36] x[45] x[36] x[45] 4 </args>
      <args> x[36] x[46] x[36] x[46] 5 </args>
      <args> x[37] x[46] x[37] x[46] 5 </args>
      <args> x[36] x[47] x[36] x[47] 5 </args>
      <args> x[36] x[48] x[36] x[48] 6 </args>
      <args> x[37] x[48] x[37] x[48] 6 </args>
      <args> x[36] x[49] x[36] x[49] 6 </args>
      <args> x[36] x[50] x[36] x[50] 7 </args>
      <args> x[37] x[50] x[37] x[50] 7 </args>
      <args> x[36] x[51] x[36] x[51] 7 </args>
      <args> x[36] x[52] x[36] x[52] 8 </args>
      <args> x[37] x[52] x[37] x[52] 8 </args>
      <args> x[36] x[53] x[36] x[53] 8 </args>
      <args> x[36] x[54] x[36] x[54] 9 </args>
      <args> x[37] x[54] x[37] x[54] 9 </args>
      <args> x[36] x[55] x[36] x[55] 9 </args>
      <args> x[36] x[56] x[36] x[56] 10 </args>
      <args> x[37] x[56] x[37] x[56] 10 </args>
      <args> x[36] x[57] x[36] x[57] 10 </args>
      <args> x[36] x[58] x[36] x[58] 11 </args>
      <args> x[37] x[58] x[37] x[58] 11 </args>
      <args> x[36] x[59] x[36] x[59] 11 </args>
      <args> x[38] x[40] x[38] x[40] 1 </args>
      <args> x[39] x[40] x[39] x[40] 1 </args>
      <args> x[38] x[41] x[38] x[41] 1 </args>
      <args> x[38] x[42] x[38] x[42] 2 </args>
      <args> x[39] x[42] x[39] x[42] 2 </args>
      <args> x[38] x[43] x[38] x[43] 2 </args>
      <args> x[38] x[44] x[38] x[44] 3 </args>
      <args> x[39] x[44] x[39] x[44] 3 </args>
      <args> x[38] x[45] x[38] x[45] 3 </args>
      <args> x[38] x[46] x[38] x[46] 4 </args>
      <args> x[39] x[46] x[39] x[46] 4 </args>
      <args> x[38] x[47] x[38] x[47] 4 </args>
      <args> x[38] x[48] x[38] x[48] 5 </args>
      <args> x[39] x[48] x[39] x[48] 5 </args>
      <args> x[38] x[49] x[38] x[49] 5 </args>
      <args> x[38] x[50] x[38] x[50] 6 </args>
      <args> x[39] x[50] x[39] x[50] 6 </args>
      <args> x[38] x[51] x[38] x[51] 6 </args>
      <args> x[38] x[52] x[38] x[52] 7 </args>
      <args> x[39] x[52] x[39] x[52] 7 </args>
      <args> x[38] x[53] x[38] x[53] 7 </args>
      <args> x[38] x[54] x[38] x[54] 8 </args>
      <args> x[39] x[54] x[39] x[54] 8 </args>
      <args> x[38] x[55] x[38] x[55] 8 </args>
      <args> x[38] x[56] x[38] x[56] 9 </args>
      <args> x[39] x[56] x[39] x[56] 9 </args>
      <args> x[38] x[57] x[38] x[57] 9 </args>
      <args> x[38] x[58] x[38] x[58] 10 </args>
      <args> x[39] x[58] x[39] x[58] 10 </args>
      <args> x[38] x[59] x[38] x[59] 10 </args>
      <args> x[40] x[42] x[40] x[42] 1 </args>
      <args> x[41] x[42] x[41] x[42] 1 </args>
      <args> x[40] x[43] x[40] x[43] 1 </args>
      <args> x[40] x[44] x[40] x[44] 2 </args>
      <args> x[41] x[44] x[41] x[44] 2 </args>
      <args> x[40] x[45] x[40] x[45] 2 </args>
      <args> x[40] x[46] x[40] x[46] 3 </args>
      <args> x[41] x[46] x[41] x[46] 3 </args>
      <args> x[40] x[47] x[40] x[47] 3 </args>
      <args> x[40] x[48] x[40] x[48] 4 </args>
      <args> x[41] x[48] x[41] x[48] 4 </args>
      <args> x[40] x[49] x[40] x[49] 4 </args>
      <args> x[40] x[50] x[40] x[50] 5 </args>
      <args> x[41] x[50] x[41] x[50] 5 </args>
      <args> x[40] x[51] x[40] x[51] 5 </args>
      <args> x[40] x[52] x[40] x[52] 6 </args>
      <args> x[41] x[52] x[41] x[52] 6 </args>
      <args> x[40] x[53] x[40] x[53] 6 </args>
      <args> x[40] x[54] x[40] x[54] 7 </args>
      <args> x[41] x[54] x[41] x[54] 7 </args>
      <args> x[40] x[55] x[40] x[55] 7 </args>
      <args> x[40] x[56] x[40] x[56] 8 </args>
      <args> x[41] x[56] x[41] x[56] 8 </args>
      <args> x[40] x[57] x[40] x[57] 8 </args>
      <args> x[40] x[58] x[40] x[58] 9 </args>
      <args> x[41] x[58] x[41] x[58] 9 </args>
      <args> x[40] x[59] x[40] x[59] 9 </args>
      <args> x[42] x[44] x[42] x[44] 1 </args>
      <args> x[43] x[44] x[43] x[44] 1 </args>
      <args> x[42] x[45] x[42] x[45] 1 </args>
      <args> x[42] x[46] x[42] x[46] 2 </args>
      <args> x[43] x[46] x[43] x[46] 2 </args>
      <args> x[42] x[47] x[42] x[47] 2 </args>
      <args> x[42] x[48] x[42] x[48] 3 </args>
      <args> x[43] x[48] x[43] x[48] 3 </args>
      <args> x[42] x[49] x[42] x[49] 3 </args>
      <args> x[42] x[50] x[42] x[50] 4 </args>
      <args> x[43] x[50] x[43] x[50] 4 </args>
      <args> x[42] x[51] x[42] x[51] 4 </args>
      <args> x[42] x[52] x[42] x[52] 5 </args>
      <args> x[43] x[52] x[43] x[52] 5 </args>
      <args> x[42] x[53] x[42] x[53] 5 </args>
      <args> x[42] x[54] x[42] x[54] 6 </args>
      <args> x[43] x[54] x[43] x[54] 6 </args>
      <args> x[42] x[55] x[42] x[55] 6 </args>
      <args> x[42] x[56] x[42] x[56] 7 </args>
      <args> x[43] x[56] x[43] x[56] 7 </args>
      <args> x[42] x[57] x[42] x[57] 7 </args>
      <args> x[42] x[58] x[42] x[58] 8 </args>
      <args> x[43] x[58] x[43] x[58] 8 </args>
      <args> x[42] x[59] x[42] x[59] 8 </args>
      <args> x[44] x[46] x[44] x[46] 1 </args>
      <args> x[45] x[46] x[45] x[46] 1 </args>
      <args> x[44] x[47] x[44] x[47] 1 </args>
      <args> x[44] x[48] x[44] x[48] 2 </args>
      <args> x[45] x[48] x[45] x[48] 2 </args>
      <args> x[44] x[49] x[44] x[49] 2 </args>
      <args> x[44] x[50] x[44] x[50] 3 </args>
      <args> x[45] x[50] x[45] x[50] 3 </args>
      <args> x[44] x[51] x[44] x[51] 3 </args>
      <args> x[44] x[52] x[44] x[52] 4 </args>
      <args> x[45] x[52] x[45] x[52] 4 </args>
      <args> x[44] x[53] x[44] x[53] 4 </args>
      <args> x[44] x[54] x[44] x[54] 5 </args>
      <args> x[45] x[54] x[45] x[54] 5 </args>
      <args> x[44] x[55] x[44] x[55] 5 </args>
      <args> x[44] x[56] x[44] x[56] 6 </args>
      <args> x[45] x[56] x[45] x[56] 6 </args>
      <args> x[44] x[57] x[44] x[57] 6 </args>
      <args> x[44] x[58] x[44] x[58] 7 </args>
      <args> x[45] x[58] x[45] x[58] 7 </args>
      <args> x[44] x[59] x[44] x[59] 7 </args>
      <args> x[46] x[48] x[46] x[48] 1 </args>
      <args> x[47] x[48] x[47] x[48] 1 </args>
      <args> x[46] x[49] x[46] x[49] 1 </args>
      <args> x[46] x[50] x[46] x[50] 2 </args>
      <args> x[47] x[50] x[47] x[50] 2 </args>
      <args> x[46] x[51] x[46] x[51] 2 </args>
      <args> x[46] x[52] x[46] x[52] 3 </args>
      <args> x[47] x[52] x[47] x[52] 3 </args>
      <args> x[46] x[53] x[46] x[53] 3 </args>
      <args> x[46] x[54] x[46] x[54] 4 </args>
      <args> x[47] x[54] x[47] x[54] 4 </args>
      <args> x[46] x[55] x[46] x[55] 4 </args>
      <args> x[46] x[56] x[46] x[56] 5 </args>
      <args> x[47] x[56] x[47] x[56] 5 </args>
      <args> x[46] x[57] x[46] x[57] 5 </args>
      <args> x[46] x[58] x[46] x[58] 6 </args>
      <args> x[47] x[58] x[47] x[58] 6 </args>
      <args> x[46] x[59] x[46] x[59] 6 </args>
      <args> x[48] x[50] x[48] x[50] 1 </args>
      <args> x[49] x[50] x[49] x[50] 1 </args>
      <args> x[48] x[51] x[48] x[51] 1 </args>
      <args> x[48] x[52] x[48] x[52] 2 </args>
      <args> x[49] x[52] x[49] x[52] 2 </args>
      <args> x[48] x[53] x[48] x[53] 2 </args>
      <args> x[48] x[54] x[48] x[54] 3 </args>
      <args> x[49] x[54] x[49] x[54] 3 </args>
      <args> x[48] x[55] x[48] x[55] 3 </args>
      <args> x[48] x[56] x[48] x[56] 4 </args>
      <args> x[49] x[56] x[49] x[56] 4 </args>
      <args> x[48] x[57] x[48] x[57] 4 </args>
      <args> x[48] x[58] x[48] x[58] 5 </args>
      <args> x[49] x[58] x[49] x[58] 5 </args>
      <args> x[48] x[59] x[48] x[59] 5 </args>
      <args> x[50] x[52] x[50] x[52] 1 </args>
      <args> x[51] x[52] x[51] x[52] 1 </args>
      <args> x[50] x[53] x[50] x[53] 1 </args>
      <args> x[50] x[54] x[50] x[54] 2 </args>
      <args> x[51] x[54] x[51] x[54] 2 </args>
      <args> x[50] x[55] x[50] x[55] 2 </args>
      <args> x[50] x[56] x[50] x[56] 3 </args>
      <args> x[51] x[56] x[51] x[56] 3 </args>
      <args> x[50] x[57] x[50] x[57] 3 </args>
      <args> x[50] x[58] x[50] x[58] 4 </args>
      <args> x[51] x[58] x[51] x[58] 4 </args>
      <args> x[50] x[59] x[50] x[59] 4 </args>
      <args> x[52] x[54] x[52] x[54] 1 </args>
      <args> x[53] x[54] x[53] x[54] 1 </args>
      <args> x[52] x[55] x[52] x[55] 1 </args>
      <args> x[52] x[56] x[52] x[56] 2 </args>
      <args> x[53] x[56] x[53] x[56] 2 </args>
      <args> x[52] x[57] x[52] x[57] 2 </args>
      <args> x[52] x[58] x[52] x[58] 3 </args>
      <args> x[53] x[58] x[53] x[58] 3 </args>
      <args> x[52] x[59] x[52] x[59] 3 </args>
      <args> x[54] x[56] x[54] x[56] 1 </args>
      <args> x[55] x[56] x[55] x[56] 1 </args>
      <args> x[54] x[57] x[54] x[57] 1 </args>
      <args> x[54] x[58] x[54] x[58] 2 </args>
      <args> x[55] x[58] x[55] x[58] 2 </args>
      <args> x[54] x[59] x[54] x[59] 2 </args>
      <args> x[56] x[58] x[56] x[58] 1 </args>
      <args> x[57] x[58] x[57] x[58] 1 </args>
      <args> x[56] x[59] x[56] x[59] 1 </args>
    </group>
    <group>
      <intension> ne(%0,%1) </intension>
      <args> x[0] x[1] </args>
      <args> x[2] x[3] </args>
      <args> x[4] x[5] </args>
      <args> x[6] x[7] </args>
      <args> x[8] x[9] </args>
      <args> x[10] x[11] </args>
      <args> x[12] x[13] </args>
      <args> x[14] x[15] </args>
      <args> x[16] x[17] </args>
      <args> x[18] x[19] </args>
      <args> x[20] x[21] </args>
      <args> x[22] x[23] </args>
      <args> x[24] x[25] </args>
      <args> x[26] x[27] </args>
      <args> x[28] x[29] </args>
      <args> x[30] x[31] </args>
      <args> x[32] x[33] </args>
      <args> x[34] x[35] </args>
      <args> x[36] x[37] </args>
      <args> x[38] x[39] </args>
      <args> x[40] x[41] </args>
      <args> x[42] x[43] </args>
      <args> x[44] x[45] </args>
      <args> x[46] x[47] </args>
      <args> x[48] x[49] </args>
      <args> x[50] x[51] </args>
      <args> x[52] x[53] </args>
      <args> x[54] x[55] </args>
      <args> x[56] x[57] </args>
      <args> x[58] x[59] </args>
    </group>
  </constraints>
</instance>
