<instance format="XCSP3" type="CSP">
  <variables>
    <var id="x0"> 0..231 </var>
    <var id="x1"> 0..231 </var>
    <var id="x2"> 0..166 </var>
    <var id="x3"> 0..166 </var>
    <var id="x4"> 0..191 </var>
    <var id="x5"> 0..191 </var>
    <var id="x6"> 0..153 </var>
    <var id="x7"> 0..153 </var>
    <var id="x8"> 0..212 </var>
    <var id="x9"> 0..212 </var>
    <var id="x10"> 0..156 </var>
    <var id="x11"> 0..156 </var>
    <var id="x12"> 0..178 </var>
    <var id="x13"> 0..178 </var>
    <var id="x14"> 0..191 </var>
    <var id="x15"> 0..191 </var>
    <var id="x16"> 0..207 </var>
    <var id="x17"> 0..207 </var>
    <var id="x18"> 0..180 </var>
    <var id="x19"> 0..180 </var>
    <var id="x20"> 0..207 </var>
    <var id="x21"> 0..207 </var>
    <var id="x22"> 0..175 </var>
    <var id="x23"> 0..175 </var>
    <var id="x24"> 0..193 </var>
    <var id="x25"> 0..193 </var>
    <var id="x26"> 0..172 </var>
    <var id="x27"> 0..172 </var>
    <var id="x28"> 0..191 </var>
    <var id="x29"> 0..191 </var>
    <var id="x30"> 0..162 </var>
    <var id="x31"> 0..162 </var>
  </variables>
  <constraints>
    <group>
      <intension> or(le(add(%0,%1),%2),le(add(%3,%4),%5)) </intension>
      <args> x4 45 x10 x10 80 x4 </args>
      <args> x5 45 x10 x10 80 x5 </args>
      <args> x4 45 x11 x11 80 x4 </args>
      <args> x4 45 x16 x16 29 x4 </args>
      <args> x5 45 x16 x16 29 x5 </args>
      <args> x4 45 x17 x17 29 x4 </args>
      <args> x4 45 x30 x30 74 x4 </args>
      <args> x5 45 x30 x30 74 x5 </args>
      <args> x4 45 x31 x31 74 x4 </args>
      <args> x10 80 x16 x16 29 x10 </args>
      <args> x11 80 x16 x16 29 x11 </args>
      <args> x10 80 x17 x17 29 x10 </args>
      <args> x10 80 x30 x30 74 x10 </args>
      <args> x11 80 x30 x30 74 x11 </args>
      <args> x10 80 x31 x31 74 x10 </args>
      <args> x16 29 x30 x30 74 x16 </args>
      <args> x17 29 x30 x30 74 x17 </args>
      <args> x16 29 x31 x31 74 x16 </args>
      <args> x6 83 x14 x14 45 x6 </args>
      <args> x7 83 x14 x14 45 x7 </args>
      <args> x6 83 x15 x15 45 x6 </args>
      <args> x6 83 x18 x18 56 x6 </args>
      <args> x7 83 x18 x18 56 x7 </args>
      <args> x6 83 x19 x19 56 x6 </args>
      <args> x6 83 x28 x28 45 x6 </args>
      <args> x7 83 x28 x28 45 x7 </args>
      <args> x6 83 x29 x29 45 x6 </args>
      <args> x14 45 x18 x18 56 x14 </args>
      <args> x15 45 x18 x18 56 x15 </args>
      <args> x14 45 x19 x19 56 x14 </args>
      <args> x14 45 x28 x28 45 x14 </args>
      <args> x15 45 x28 x28 45 x15 </args>
      <args> x14 45 x29 x29 45 x14 </args>
      <args> x18 56 x28 x28 45 x18 </args>
      <args> x19 56 x28 x28 45 x19 </args>
      <args> x18 56 x29 x29 45 x18 </args>
      <args> x2 70 x12 x12 58 x2 </args>
      <args> x3 70 x12 x12 58 x3 </args>
      <args> x2 70 x13 x13 58 x2 </args>
      <args> x2 70 x20 x20 29 x2 </args>
      <args> x3 70 x20 x20 29 x3 </args>
      <args> x2 70 x21 x21 29 x2 </args>
      <args> x2 70 x26 x26 64 x2 </args>
      <args> x3 70 x26 x26 64 x3 </args>
      <args> x2 70 x27 x27 64 x2 </args>
      <args> x12 58 x20 x20 29 x12 </args>
      <args> x13 58 x20 x20 29 x13 </args>
      <args> x12 58 x21 x21 29 x12 </args>
      <args> x12 58 x26 x26 64 x12 </args>
      <args> x13 58 x26 x26 64 x13 </args>
      <args> x12 58 x27 x27 64 x12 </args>
      <args> x20 29 x26 x26 64 x20 </args>
      <args> x21 29 x26 x26 64 x21 </args>
      <args> x20 29 x27 x27 64 x20 </args>
      <args> x0 5 x8 x8 24 x0 </args>
      <args> x1 5 x8 x8 24 x1 </args>
      <args> x0 5 x9 x9 24 x0 </args>
      <args> x0 5 x22 x22 61 x0 </args>
      <args> x1 5 x22 x22 61 x1 </args>
      <args> x0 5 x23 x23 61 x0 </args>
      <args> x0 5 x24 x24 43 x0 </args>
      <args> x1 5 x24 x24 43 x1 </args>
      <args> x0 5 x25 x25 43 x0 </args>
      <args> x8 24 x22 x22 61 x8 </args>
      <args> x9 24 x22 x22 61 x9 </args>
      <args> x8 24 x23 x23 61 x8 </args>
      <args> x8 24 x24 x24 43 x8 </args>
      <args> x9 24 x24 x24 43 x9 </args>
      <args> x8 24 x25 x25 43 x8 </args>
      <args> x22 61 x24 x24 43 x22 </args>
      <args> x23 61 x24 x24 43 x23 </args>
      <args> x22 61 x25 x25 43 x22 </args>
      <args> x0 5 x2 x2 70 x0 </args>
      <args> x1 5 x2 x2 70 x1 </args>
      <args> x0 5 x3 x3 70 x0 </args>
      <args> x0 5 x4 x4 45 x0 </args>
      <args> x1 5 x4 x4 45 x1 </args>
      <args> x0 5 x5 x5 45 x0 </args>
      <args> x0 5 x6 x6 83 x0 </args>
      <args> x1 5 x6 x6 83 x1 </args>
      <args> x0 5 x7 x7 83 x0 </args>
      <args> x2 70 x4 x4 45 x2 </args>
      <args> x3 70 x4 x4 45 x3 </args>
      <args> x2 70 x5 x5 45 x2 </args>
      <args> x2 70 x6 x6 83 x2 </args>
      <args> x3 70 x6 x6 83 x3 </args>
      <args> x2 70 x7 x7 83 x2 </args>
      <args> x4 45 x6 x6 83 x4 </args>
      <args> x5 45 x6 x6 83 x5 </args>
      <args> x4 45 x7 x7 83 x4 </args>
      <args> x8 24 x10 x10 80 x8 </args>
      <args> x9 24 x10 x10 80 x9 </args>
      <args> x8 24 x11 x11 80 x8 </args>
      <args> x8 24 x12 x12 58 x8 </args>
      <args> x9 24 x12 x12 58 x9 </args>
      <args> x8 24 x13 x13 58 x8 </args>
      <args> x8 24 x14 x14 45 x8 </args>
      <args> x9 24 x14 x14 45 x9 </args>
      <args> x8 24 x15 x15 45 x8 </args>
      <args> x10 80 x12 x12 58 x10 </args>
      <args> x11 80 x12 x12 58 x11 </args>
      <args> x10 80 x13 x13 58 x10 </args>
      <args> x10 80 x14 x14 45 x10 </args>
      <args> x11 80 x14 x14 45 x11 </args>
      <args> x10 80 x15 x15 45 x10 </args>
      <args> x12 58 x14 x14 45 x12 </args>
      <args> x13 58 x14 x14 45 x13 </args>
      <args> x12 58 x15 x15 45 x12 </args>
      <args> x16 29 x18 x18 56 x16 </args>
      <args> x17 29 x18 x18 56 x17 </args>
      <args> x16 29 x19 x19 56 x16 </args>
      <args> x16 29 x20 x20 29 x16 </args>
      <args> x17 29 x20 x20 29 x17 </args>
      <args> x16 29 x21 x21 29 x16 </args>
      <args> x16 29 x22 x22 61 x16 </args>
      <args> x17 29 x22 x22 61 x17 </args>
      <args> x16 29 x23 x23 61 x16 </args>
      <args> x18 56 x20 x20 29 x18 </args>
      <args> x19 56 x20 x20 29 x19 </args>
      <args> x18 56 x21 x21 29 x18 </args>
      <args> x18 56 x22 x22 61 x18 </args>
      <args> x19 56 x22 x22 61 x19 </args>
      <args> x18 56 x23 x23 61 x18 </args>
      <args> x20 29 x22 x22 61 x20 </args>
      <args> x21 29 x22 x22 61 x21 </args>
      <args> x20 29 x23 x23 61 x20 </args>
      <args> x24 43 x26 x26 64 x24 </args>
      <args> x25 43 x26 x26 64 x25 </args>
      <args> x24 43 x27 x27 64 x24 </args>
      <args> x24 43 x28 x28 45 x24 </args>
      <args> x25 43 x28 x28 45 x25 </args>
      <args> x24 43 x29 x29 45 x24 </args>
      <args> x24 43 x30 x30 74 x24 </args>
      <args> x25 43 x30 x30 74 x25 </args>
      <args> x24 43 x31 x31 74 x24 </args>
      <args> x26 64 x28 x28 45 x26 </args>
      <args> x27 64 x28 x28 45 x27 </args>
      <args> x26 64 x29 x29 45 x26 </args>
      <args> x26 64 x30 x30 74 x26 </args>
      <args> x27 64 x30 x30 74 x27 </args>
      <args> x26 64 x31 x31 74 x26 </args>
      <args> x28 45 x30 x30 74 x28 </args>
      <args> x29 45 x30 x30 74 x29 </args>
      <args> x28 45 x31 x31 74 x28 </args>
    </group>
    <group>
      <intension> ne(%0,%1) </intension>
      <args> x0 x1 </args>
      <args> x2 x3 </args>
      <args> x4 x5 </args>
      <args> x6 x7 </args>
      <args> x8 x9 </args>
      <args> x10 x11 </args>
      <args> x12 x13 </args>
      <args> x14 x15 </args>
      <args> x16 x17 </args>
      <args> x18 x19 </args>
      <args> x20 x21 </args>
      <args> x22 x23 </args>
      <args> x24 x25 </args>
      <args> x26 x27 </args>
      <args> x28 x29 </args>
      <args> x30 x31 </args>
    </group>
  </constraints>
</instance>
