<instance format="XCSP3" type="CSP">
  <variables>
    <var id="x0"> 0..228 </var>
    <var id="x1"> 0..228 </var>
    <var id="x2"> 0..215 </var>
    <var id="x3"> 0..215 </var>
    <var id="x4"> 0..203 </var>
    <var id="x5"> 0..203 </var>
    <var id="x6"> 0..212 </var>
    <var id="x7"> 0..212 </var>
    <var id="x8"> 0..208 </var>
    <var id="x9"> 0..208 </var>
    <var id="x10"> 0..211 </var>
    <var id="x11"> 0..211 </var>
    <var id="x12"> 0..253 </var>
    <var id="x13"> 0..253 </var>
    <var id="x14"> 0..205 </var>
    <var id="x15"> 0..205 </var>
    <var id="x16"> 0..211 </var>
    <var id="x17"> 0..211 </var>
    <var id="x18"> 0..179 </var>
    <var id="x19"> 0..179 </var>
    <var id="x20"> 0..229 </var>
    <var id="x21"> 0..229 </var>
    <var id="x22"> 0..242 </var>
    <var id="x23"> 0..242 </var>
    <var id="x24"> 0..263 </var>
    <var id="x25"> 0..263 </var>
    <var id="x26"> 0..202 </var>
    <var id="x27"> 0..202 </var>
    <var id="x28"> 0..181 </var>
    <var id="x29"> 0..181 </var>
    <var id="x30"> 0..192 </var>
    <var id="x31"> 0..192 </var>
  </variables>
  <constraints>
    <group>
      <intension> or(le(add(%0,%1),%2),le(add(%3,%4),%5)) </intension>
      <args> x6 62 x8 x8 66 x6 </args>
      <args> x7 62 x8 x8 66 x7 </args>
      <args> x6 62 x9 x9 66 x6 </args>
      <args> x6 62 x16 x16 63 x6 </args>
      <args> x7 62 x16 x16 63 x7 </args>
      <args> x6 62 x17 x17 63 x6 </args>
      <args> x6 62 x24 x24 11 x6 </args>
      <args> x7 62 x24 x24 11 x7 </args>
      <args> x6 62 x25 x25 11 x6 </args>
      <args> x8 66 x16 x16 63 x8 </args>
      <args> x9 66 x16 x16 63 x9 </args>
      <args> x8 66 x17 x17 63 x8 </args>
      <args> x8 66 x24 x24 11 x8 </args>
      <args> x9 66 x24 x24 11 x9 </args>
      <args> x8 66 x25 x25 11 x8 </args>
      <args> x16 63 x24 x24 11 x16 </args>
      <args> x17 63 x24 x24 11 x17 </args>
      <args> x16 63 x25 x25 11 x16 </args>
      <args> x4 71 x10 x10 63 x4 </args>
      <args> x5 71 x10 x10 63 x5 </args>
      <args> x4 71 x11 x11 63 x4 </args>
      <args> x4 71 x22 x22 32 x4 </args>
      <args> x5 71 x22 x22 32 x5 </args>
      <args> x4 71 x23 x23 32 x4 </args>
      <args> x4 71 x26 x26 72 x4 </args>
      <args> x5 71 x26 x26 72 x5 </args>
      <args> x4 71 x27 x27 72 x4 </args>
      <args> x10 63 x22 x22 32 x10 </args>
      <args> x11 63 x22 x22 32 x11 </args>
      <args> x10 63 x23 x23 32 x10 </args>
      <args> x10 63 x26 x26 72 x10 </args>
      <args> x11 63 x26 x26 72 x11 </args>
      <args> x10 63 x27 x27 72 x10 </args>
      <args> x22 32 x26 x26 72 x22 </args>
      <args> x23 32 x26 x26 72 x23 </args>
      <args> x22 32 x27 x27 72 x22 </args>
      <args> x2 59 x12 x12 21 x2 </args>
      <args> x3 59 x12 x12 21 x3 </args>
      <args> x2 59 x13 x13 21 x2 </args>
      <args> x2 59 x18 x18 95 x2 </args>
      <args> x3 59 x18 x18 95 x3 </args>
      <args> x2 59 x19 x19 95 x2 </args>
      <args> x2 59 x30 x30 82 x2 </args>
      <args> x3 59 x30 x30 82 x3 </args>
      <args> x2 59 x31 x31 82 x2 </args>
      <args> x12 21 x18 x18 95 x12 </args>
      <args> x13 21 x18 x18 95 x13 </args>
      <args> x12 21 x19 x19 95 x12 </args>
      <args> x12 21 x30 x30 82 x12 </args>
      <args> x13 21 x30 x30 82 x13 </args>
      <args> x12 21 x31 x31 82 x12 </args>
      <args> x18 95 x30 x30 82 x18 </args>
      <args> x19 95 x30 x30 82 x19 </args>
      <args> x18 95 x31 x31 82 x18 </args>
      <args> x0 46 x14 x14 69 x0 </args>
      <args> x1 46 x14 x14 69 x1 </args>
      <args> x0 46 x15 x15 69 x0 </args>
      <args> x0 46 x20 x20 45 x0 </args>
      <args> x1 46 x20 x20 45 x1 </args>
      <args> x0 46 x21 x21 45 x0 </args>
      <args> x0 46 x28 x28 93 x0 </args>
      <args> x1 46 x28 x28 93 x1 </args>
      <args> x0 46 x29 x29 93 x0 </args>
      <args> x14 69 x20 x20 45 x14 </args>
      <args> x15 69 x20 x20 45 x15 </args>
      <args> x14 69 x21 x21 45 x14 </args>
      <args> x14 69 x28 x28 93 x14 </args>
      <args> x15 69 x28 x28 93 x15 </args>
      <args> x14 69 x29 x29 93 x14 </args>
      <args> x20 45 x28 x28 93 x20 </args>
      <args> x21 45 x28 x28 93 x21 </args>
      <args> x20 45 x29 x29 93 x20 </args>
      <args> x0 46 x2 x2 59 x0 </args>
      <args> x1 46 x2 x2 59 x1 </args>
      <args> x0 46 x3 x3 59 x0 </args>
      <args> x0 46 x4 x4 71 x0 </args>
      <args> x1 46 x4 x4 71 x1 </args>
      <args> x0 46 x5 x5 71 x0 </args>
      <args> x0 46 x6 x6 62 x0 </args>
      <args> x1 46 x6 x6 62 x1 </args>
      <args> x0 46 x7 x7 62 x0 </args>
      <args> x2 59 x4 x4 71 x2 </args>
      <args> x3 59 x4 x4 71 x3 </args>
      <args> x2 59 x5 x5 71 x2 </args>
      <args> x2 59 x6 x6 62 x2 </args>
      <args> x3 59 x6 x6 62 x3 </args>
      <args> x2 59 x7 x7 62 x2 </args>
      <args> x4 71 x6 x6 62 x4 </args>
      <args> x5 71 x6 x6 62 x5 </args>
      <args> x4 71 x7 x7 62 x4 </args>
      <args> x8 66 x10 x10 63 x8 </args>
      <args> x9 66 x10 x10 63 x9 </args>
      <args> x8 66 x11 x11 63 x8 </args>
      <args> x8 66 x12 x12 21 x8 </args>
      <args> x9 66 x12 x12 21 x9 </args>
      <args> x8 66 x13 x13 21 x8 </args>
      <args> x8 66 x14 x14 69 x8 </args>
      <args> x9 66 x14 x14 69 x9 </args>
      <args> x8 66 x15 x15 69 x8 </args>
      <args> x10 63 x12 x12 21 x10 </args>
      <args> x11 63 x12 x12 21 x11 </args>
      <args> x10 63 x13 x13 21 x10 </args>
      <args> x10 63 x14 x14 69 x10 </args>
      <args> x11 63 x14 x14 69 x11 </args>
      <args> x10 63 x15 x15 69 x10 </args>
      <args> x12 21 x14 x14 69 x12 </args>
      <args> x13 21 x14 x14 69 x13 </args>
      <args> x12 21 x15 x15 69 x12 </args>
      <args> x16 63 x18 x18 95 x16 </args>
      <args> x17 63 x18 x18 95 x17 </args>
      <args> x16 63 x19 x19 95 x16 </args>
      <args> x16 63 x20 x20 45 x16 </args>
      <args> x17 63 x20 x20 45 x17 </args>
      <args> x16 63 x21 x21 45 x16 </args>
      <args> x16 63 x22 x22 32 x16 </args>
      <args> x17 63 x22 x22 32 x17 </args>
      <args> x16 63 x23 x23 32 x16 </args>
      <args> x18 95 x20 x20 45 x18 </args>
      <args> x19 95 x20 x20 45 x19 </args>
      <args> x18 95 x21 x21 45 x18 </args>
      <args> x18 95 x22 x22 32 x18 </args>
      <args> x19 95 x22 x22 32 x19 </args>
      <args> x18 95 x23 x23 32 x18 </args>
      <args> x20 45 x22 x22 32 x20 </args>
      <args> x21 45 x22 x22 32 x21 </args>
      <args> x20 45 x23 x23 32 x20 </args>
      <args> x24 11 x26 x26 72 x24 </args>
      <args> x25 11 x26 x26 72 x25 </args>
      <args> x24 11 x27 x27 72 x24 </args>
      <args> x24 11 x28 x28 93 x24 </args>
      <args> x25 11 x28 x28 93 x25 </args>
      <args> x24 11 x29 x29 93 x24 </args>
      <args> x24 11 x30 x30 82 x24 </args>
      <args> x25 11 x30 x30 82 x25 </args>
      <args> x24 11 x31 x31 82 x24 </args>
      <args> x26 72 x28 x28 93 x26 </args>
      <args> x27 72 x28 x28 93 x27 </args>
      <args> x26 72 x29 x29 93 x26 </args>
      <args> x26 72 x30 x30 82 x26 </args>
      <args> x27 72 x30 x30 82 x27 </args>
      <args> x26 72 x31 x31 82 x26 </args>
      <args> x28 93 x30 x30 82 x28 </args>
      <args> x29 93 x30 x30 82 x29 </args>
      <args> x28 93 x31 x31 82 x28 </args>
    </group>
    <group>
      <intension> ne(%0,%1) </intension>
      <args> x0 x1 </args>
      <args> x2 x3 </args>
      <args> x4 x5 </args>
      <args> x6 x7 </args>
      <args> x8 x9 </args>
      <args> x10 x11 </args>
      <args> x12 x13 </args>
      <args> x14 x15 </args>
      <args> x16 x17 </args>
      <args> x18 x19 </args>
      <args> x20 x21 </args>
      <args> x22 x23 </args>
      <args> x24 x25 </args>
      <args> x26 x27 </args>
      <args> x28 x29 </args>
      <args> x30 x31 </args>
    </group>
  </constraints>
</instance>
