<instance format="XCSP3" type="CSP">
  <variables>
    <var id="x0"> 0..122 </var>
    <var id="x1"> 0..122 </var>
    <var id="x2"> 0..201 </var>
    <var id="x3"> 0..201 </var>
    <var id="x4"> 0..134 </var>
    <var id="x5"> 0..134 </var>
    <var id="x6"> 0..203 </var>
    <var id="x7"> 0..203 </var>
    <var id="x8"> 0..127 </var>
    <var id="x9"> 0..127 </var>
    <var id="x10"> 0..198 </var>
    <var id="x11"> 0..198 </var>
    <var id="x12"> 0..196 </var>
    <var id="x13"> 0..196 </var>
    <var id="x14"> 0..136 </var>
    <var id="x15"> 0..136 </var>
    <var id="x16"> 0..121 </var>
    <var id="x17"> 0..121 </var>
    <var id="x18"> 0..213 </var>
    <var id="x19"> 0..213 </var>
    <var id="x20"> 0..192 </var>
    <var id="x21"> 0..192 </var>
    <var id="x22"> 0..156 </var>
    <var id="x23"> 0..156 </var>
    <var id="x24"> 0..208 </var>
    <var id="x25"> 0..208 </var>
    <var id="x26"> 0..166 </var>
    <var id="x27"> 0..166 </var>
    <var id="x28"> 0..170 </var>
    <var id="x29"> 0..170 </var>
    <var id="x30"> 0..125 </var>
    <var id="x31"> 0..125 </var>
  </variables>
  <constraints>
    <group>
      <intension> or(le(add(%0,%1),%2),le(add(%3,%4),%5)) </intension>
      <args> x2 16 x14 x14 81 x2 </args>
      <args> x3 16 x14 x14 81 x3 </args>
      <args> x2 16 x15 x15 81 x2 </args>
      <args> x2 16 x22 x22 61 x2 </args>
      <args> x3 16 x22 x22 61 x3 </args>
      <args> x2 16 x23 x23 61 x2 </args>
      <args> x2 16 x26 x26 51 x2 </args>
      <args> x3 16 x26 x26 51 x3 </args>
      <args> x2 16 x27 x27 51 x2 </args>
      <args> x14 81 x22 x22 61 x14 </args>
      <args> x15 81 x22 x22 61 x15 </args>
      <args> x14 81 x23 x23 61 x14 </args>
      <args> x14 81 x26 x26 51 x14 </args>
      <args> x15 81 x26 x26 51 x15 </args>
      <args> x14 81 x27 x27 51 x14 </args>
      <args> x22 61 x26 x26 51 x22 </args>
      <args> x23 61 x26 x26 51 x23 </args>
      <args> x22 61 x27 x27 51 x22 </args>
      <args> x4 83 x8 x8 90 x4 </args>
      <args> x5 83 x8 x8 90 x5 </args>
      <args> x4 83 x9 x9 90 x4 </args>
      <args> x4 83 x20 x20 25 x4 </args>
      <args> x5 83 x20 x20 25 x5 </args>
      <args> x4 83 x21 x21 25 x4 </args>
      <args> x4 83 x24 x24 9 x4 </args>
      <args> x5 83 x24 x24 9 x5 </args>
      <args> x4 83 x25 x25 9 x4 </args>
      <args> x8 90 x20 x20 25 x8 </args>
      <args> x9 90 x20 x20 25 x9 </args>
      <args> x8 90 x21 x21 25 x8 </args>
      <args> x8 90 x24 x24 9 x8 </args>
      <args> x9 90 x24 x24 9 x9 </args>
      <args> x8 90 x25 x25 9 x8 </args>
      <args> x20 25 x24 x24 9 x20 </args>
      <args> x21 25 x24 x24 9 x21 </args>
      <args> x20 25 x25 x25 9 x20 </args>
      <args> x6 14 x10 x10 19 x6 </args>
      <args> x7 14 x10 x10 19 x7 </args>
      <args> x6 14 x11 x11 19 x6 </args>
      <args> x6 14 x16 x16 96 x6 </args>
      <args> x7 14 x16 x16 96 x7 </args>
      <args> x6 14 x17 x17 96 x6 </args>
      <args> x6 14 x28 x28 47 x6 </args>
      <args> x7 14 x28 x28 47 x7 </args>
      <args> x6 14 x29 x29 47 x6 </args>
      <args> x10 19 x16 x16 96 x10 </args>
      <args> x11 19 x16 x16 96 x11 </args>
      <args> x10 19 x17 x17 96 x10 </args>
      <args> x10 19 x28 x28 47 x10 </args>
      <args> x11 19 x28 x28 47 x11 </args>
      <args> x10 19 x29 x29 47 x10 </args>
      <args> x16 96 x28 x28 47 x16 </args>
      <args> x17 96 x28 x28 47 x17 </args>
      <args> x16 96 x29 x29 47 x16 </args>
      <args> x0 95 x12 x12 21 x0 </args>
      <args> x1 95 x12 x12 21 x1 </args>
      <args> x0 95 x13 x13 21 x0 </args>
      <args> x0 95 x18 x18 4 x0 </args>
      <args> x1 95 x18 x18 4 x1 </args>
      <args> x0 95 x19 x19 4 x0 </args>
      <args> x0 95 x30 x30 92 x0 </args>
      <args> x1 95 x30 x30 92 x1 </args>
      <args> x0 95 x31 x31 92 x0 </args>
      <args> x12 21 x18 x18 4 x12 </args>
      <args> x13 21 x18 x18 4 x13 </args>
      <args> x12 21 x19 x19 4 x12 </args>
      <args> x12 21 x30 x30 92 x12 </args>
      <args> x13 21 x30 x30 92 x13 </args>
      <args> x12 21 x31 x31 92 x12 </args>
      <args> x18 4 x30 x30 92 x18 </args>
      <args> x19 4 x30 x30 92 x19 </args>
      <args> x18 4 x31 x31 92 x18 </args>
      <args> x0 95 x2 x2 16 x0 </args>
      <args> x1 95 x2 x2 16 x1 </args>
      <args> x0 95 x3 x3 16 x0 </args>
      <args> x0 95 x4 x4 83 x0 </args>
      <args> x1 95 x4 x4 83 x1 </args>
      <args> x0 95 x5 x5 83 x0 </args>
      <args> x0 95 x6 x6 14 x0 </args>
      <args> x1 95 x6 x6 14 x1 </args>
      <args> x0 95 x7 x7 14 x0 </args>
      <args> x2 16 x4 x4 83 x2 </args>
      <args> x3 16 x4 x4 83 x3 </args>
      <args> x2 16 x5 x5 83 x2 </args>
      <args> x2 16 x6 x6 14 x2 </args>
      <args> x3 16 x6 x6 14 x3 </args>
      <args> x2 16 x7 x7 14 x2 </args>
      <args> x4 83 x6 x6 14 x4 </args>
      <args> x5 83 x6 x6 14 x5 </args>
      <args> x4 83 x7 x7 14 x4 </args>
      <args> x8 90 x10 x10 19 x8 </args>
      <args> x9 90 x10 x10 19 x9 </args>
      <args> x8 90 x11 x11 19 x8 </args>
      <args> x8 90 x12 x12 21 x8 </args>
      <args> x9 90 x12 x12 21 x9 </args>
      <args> x8 90 x13 x13 21 x8 </args>
      <args> x8 90 x14 x14 81 x8 </args>
      <args> x9 90 x14 x14 81 x9 </args>
      <args> x8 90 x15 x15 81 x8 </args>
      <args> x10 19 x12 x12 21 x10 </args>
      <args> x11 19 x12 x12 21 x11 </args>
      <args> x10 19 x13 x13 21 x10 </args>
      <args> x10 19 x14 x14 81 x10 </args>
      <args> x11 19 x14 x14 81 x11 </args>
      <args> x10 19 x15 x15 81 x10 </args>
      <args> x12 21 x14 x14 81 x12 </args>
      <args> x13 21 x14 x14 81 x13 </args>
      <args> x12 21 x15 x15 81 x12 </args>
      <args> x16 96 x18 x18 4 x16 </args>
      <args> x17 96 x18 x18 4 x17 </args>
      <args> x16 96 x19 x19 4 x16 </args>
      <args> x16 96 x20 x20 25 x16 </args>
      <args> x17 96 x20 x20 25 x17 </args>
      <args> x16 96 x21 x21 25 x16 </args>
      <args> x16 96 x22 x22 61 x16 </args>
      <args> x17 96 x22 x22 61 x17 </args>
      <args> x16 96 x23 x23 61 x16 </args>
      <args> x18 4 x20 x20 25 x18 </args>
      <args> x19 4 x20 x20 25 x19 </args>
      <args> x18 4 x21 x21 25 x18 </args>
      <args> x18 4 x22 x22 61 x18 </args>
      <args> x19 4 x22 x22 61 x19 </args>
      <args> x18 4 x23 x23 61 x18 </args>
      <args> x20 25 x22 x22 61 x20 </args>
      <args> x21 25 x22 x22 61 x21 </args>
      <args> x20 25 x23 x23 61 x20 </args>
      <args> x24 9 x26 x26 51 x24 </args>
      <args> x25 9 x26 x26 51 x25 </args>
      <args> x24 9 x27 x27 51 x24 </args>
      <args> x24 9 x28 x28 47 x24 </args>
      <args> x25 9 x28 x28 47 x25 </args>
      <args> x24 9 x29 x29 47 x24 </args>
      <args> x24 9 x30 x30 92 x24 </args>
      <args> x25 9 x30 x30 92 x25 </args>
      <args> x24 9 x31 x31 92 x24 </args>
      <args> x26 51 x28 x28 47 x26 </args>
      <args> x27 51 x28 x28 47 x27 </args>
      <args> x26 51 x29 x29 47 x26 </args>
      <args> x26 51 x30 x30 92 x26 </args>
      <args> x27 51 x30 x30 92 x27 </args>
      <args> x26 51 x31 x31 92 x26 </args>
      <args> x28 47 x30 x30 92 x28 </args>
      <args> x29 47 x30 x30 92 x29 </args>
      <args> x28 47 x31 x31 92 x28 </args>
    </group>
    <group>
      <intension> ne(%0,%1) </intension>
      <args> x0 x1 </args>
      <args> x2 x3 </args>
      <args> x4 x5 </args>
      <args> x6 x7 </args>
      <args> x8 x9 </args>
      <args> x10 x11 </args>
      <args> x12 x13 </args>
      <args> x14 x15 </args>
      <args> x16 x17 </args>
      <args> x18 x19 </args>
      <args> x20 x21 </args>
      <args> x22 x23 </args>
      <args> x24 x25 </args>
      <args> x26 x27 </args>
      <args> x28 x29 </args>
      <args> x30 x31 </args>
    </group>
  </constraints>
</instance>
