<instance format="XCSP3" type="CSP">
  <variables>
    <var id="x0"> 0..203 </var>
    <var id="x1"> 0..203 </var>
    <var id="x2"> 0..184 </var>
    <var id="x3"> 0..184 </var>
    <var id="x4"> 0..178 </var>
    <var id="x5"> 0..178 </var>
    <var id="x6"> 0..219 </var>
    <var id="x7"> 0..219 </var>
    <var id="x8"> 0..140 </var>
    <var id="x9"> 0..140 </var>
    <var id="x10"> 0..213 </var>
    <var id="x11"> 0..213 </var>
    <var id="x12"> 0..198 </var>
    <var id="x13"> 0..198 </var>
    <var id="x14"> 0..163 </var>
    <var id="x15"> 0..163 </var>
    <var id="x16"> 0..186 </var>
    <var id="x17"> 0..186 </var>
    <var id="x18"> 0..150 </var>
    <var id="x19"> 0..150 </var>
    <var id="x20"> 0..180 </var>
    <var id="x21"> 0..180 </var>
    <var id="x22"> 0..210 </var>
    <var id="x23"> 0..210 </var>
    <var id="x24"> 0..178 </var>
    <var id="x25"> 0..178 </var>
    <var id="x26"> 0..195 </var>
    <var id="x27"> 0..195 </var>
    <var id="x28"> 0..164 </var>
    <var id="x29"> 0..164 </var>
    <var id="x30"> 0..176 </var>
    <var id="x31"> 0..176 </var>
  </variables>
  <constraints>
    <group>
      <intension> or(le(add(%0,%1),%2),le(add(%3,%4),%5)) </intension>
      <args> x4 60 x10 x10 25 x4 </args>
      <args> x5 60 x10 x10 25 x5 </args>
      <args> x4 60 x11 x11 25 x4 </args>
      <args> x4 60 x20 x20 58 x4 </args>
      <args> x5 60 x20 x20 58 x5 </args>
      <args> x4 60 x21 x21 58 x4 </args>
      <args> x4 60 x26 x26 43 x4 </args>
      <args> x5 60 x26 x26 43 x5 </args>
      <args> x4 60 x27 x27 43 x4 </args>
      <args> x10 25 x20 x20 58 x10 </args>
      <args> x11 25 x20 x20 58 x11 </args>
      <args> x10 25 x21 x21 58 x10 </args>
      <args> x10 25 x26 x26 43 x10 </args>
      <args> x11 25 x26 x26 43 x11 </args>
      <args> x10 25 x27 x27 43 x10 </args>
      <args> x20 58 x26 x26 43 x20 </args>
      <args> x21 58 x26 x26 43 x21 </args>
      <args> x20 58 x27 x27 43 x20 </args>
      <args> x6 19 x12 x12 40 x6 </args>
      <args> x7 19 x12 x12 40 x7 </args>
      <args> x6 19 x13 x13 40 x6 </args>
      <args> x6 19 x18 x18 88 x6 </args>
      <args> x7 19 x18 x18 88 x7 </args>
      <args> x6 19 x19 x19 88 x6 </args>
      <args> x6 19 x30 x30 62 x6 </args>
      <args> x7 19 x30 x30 62 x7 </args>
      <args> x6 19 x31 x31 62 x6 </args>
      <args> x12 40 x18 x18 88 x12 </args>
      <args> x13 40 x18 x18 88 x13 </args>
      <args> x12 40 x19 x19 88 x12 </args>
      <args> x12 40 x30 x30 62 x12 </args>
      <args> x13 40 x30 x30 62 x13 </args>
      <args> x12 40 x31 x31 62 x12 </args>
      <args> x18 88 x30 x30 62 x18 </args>
      <args> x19 88 x30 x30 62 x19 </args>
      <args> x18 88 x31 x31 62 x18 </args>
      <args> x2 54 x14 x14 75 x2 </args>
      <args> x3 54 x14 x14 75 x3 </args>
      <args> x2 54 x15 x15 75 x2 </args>
      <args> x2 54 x22 x22 28 x2 </args>
      <args> x3 54 x22 x22 28 x3 </args>
      <args> x2 54 x23 x23 28 x2 </args>
      <args> x2 54 x28 x28 74 x2 </args>
      <args> x3 54 x28 x28 74 x3 </args>
      <args> x2 54 x29 x29 74 x2 </args>
      <args> x14 75 x22 x22 28 x14 </args>
      <args> x15 75 x22 x22 28 x15 </args>
      <args> x14 75 x23 x23 28 x14 </args>
      <args> x14 75 x28 x28 74 x14 </args>
      <args> x15 75 x28 x28 74 x15 </args>
      <args> x14 75 x29 x29 74 x14 </args>
      <args> x22 28 x28 x28 74 x22 </args>
      <args> x23 28 x28 x28 74 x23 </args>
      <args> x22 28 x29 x29 74 x22 </args>
      <args> x0 35 x8 x8 98 x0 </args>
      <args> x1 35 x8 x8 98 x1 </args>
      <args> x0 35 x9 x9 98 x0 </args>
      <args> x0 35 x16 x16 52 x0 </args>
      <args> x1 35 x16 x16 52 x1 </args>
      <args> x0 35 x17 x17 52 x0 </args>
      <args> x0 35 x24 x24 60 x0 </args>
      <args> x1 35 x24 x24 60 x1 </args>
      <args> x0 35 x25 x25 60 x0 </args>
      <args> x8 98 x16 x16 52 x8 </args>
      <args> x9 98 x16 x16 52 x9 </args>
      <args> x8 98 x17 x17 52 x8 </args>
      <args> x8 98 x24 x24 60 x8 </args>
      <args> x9 98 x24 x24 60 x9 </args>
      <args> x8 98 x25 x25 60 x8 </args>
      <args> x16 52 x24 x24 60 x16 </args>
      <args> x17 52 x24 x24 60 x17 </args>
      <args> x16 52 x25 x25 60 x16 </args>
      <args> x0 35 x2 x2 54 x0 </args>
      <args> x1 35 x2 x2 54 x1 </args>
      <args> x0 35 x3 x3 54 x0 </args>
      <args> x0 35 x4 x4 60 x0 </args>
      <args> x1 35 x4 x4 60 x1 </args>
      <args> x0 35 x5 x5 60 x0 </args>
      <args> x0 35 x6 x6 19 x0 </args>
      <args> x1 35 x6 x6 19 x1 </args>
      <args> x0 35 x7 x7 19 x0 </args>
      <args> x2 54 x4 x4 60 x2 </args>
      <args> x3 54 x4 x4 60 x3 </args>
      <args> x2 54 x5 x5 60 x2 </args>
      <args> x2 54 x6 x6 19 x2 </args>
      <args> x3 54 x6 x6 19 x3 </args>
      <args> x2 54 x7 x7 19 x2 </args>
      <args> x4 60 x6 x6 19 x4 </args>
      <args> x5 60 x6 x6 19 x5 </args>
      <args> x4 60 x7 x7 19 x4 </args>
      <args> x8 98 x10 x10 25 x8 </args>
      <args> x9 98 x10 x10 25 x9 </args>
      <args> x8 98 x11 x11 25 x8 </args>
      <args> x8 98 x12 x12 40 x8 </args>
      <args> x9 98 x12 x12 40 x9 </args>
      <args> x8 98 x13 x13 40 x8 </args>
      <args> x8 98 x14 x14 75 x8 </args>
      <args> x9 98 x14 x14 75 x9 </args>
      <args> x8 98 x15 x15 75 x8 </args>
      <args> x10 25 x12 x12 40 x10 </args>
      <args> x11 25 x12 x12 40 x11 </args>
      <args> x10 25 x13 x13 40 x10 </args>
      <args> x10 25 x14 x14 75 x10 </args>
      <args> x11 25 x14 x14 75 x11 </args>
      <args> x10 25 x15 x15 75 x10 </args>
      <args> x12 40 x14 x14 75 x12 </args>
      <args> x13 40 x14 x14 75 x13 </args>
      <args> x12 40 x15 x15 75 x12 </args>
      <args> x16 52 x18 x18 88 x16 </args>
      <args> x17 52 x18 x18 88 x17 </args>
      <args> x16 52 x19 x19 88 x16 </args>
      <args> x16 52 x20 x20 58 x16 </args>
      <args> x17 52 x20 x20 58 x17 </args>
      <args> x16 52 x21 x21 58 x16 </args>
      <args> x16 52 x22 x22 28 x16 </args>
      <args> x17 52 x22 x22 28 x17 </args>
      <args> x16 52 x23 x23 28 x16 </args>
      <args> x18 88 x20 x20 58 x18 </args>
      <args> x19 88 x20 x20 58 x19 </args>
      <args> x18 88 x21 x21 58 x18 </args>
      <args> x18 88 x22 x22 28 x18 </args>
      <args> x19 88 x22 x22 28 x19 </args>
      <args> x18 88 x23 x23 28 x18 </args>
      <args> x20 58 x22 x22 28 x20 </args>
      <args> x21 58 x22 x22 28 x21 </args>
      <args> x20 58 x23 x23 28 x20 </args>
      <args> x24 60 x26 x26 43 x24 </args>
      <args> x25 60 x26 x26 43 x25 </args>
      <args> x24 60 x27 x27 43 x24 </args>
      <args> x24 60 x28 x28 74 x24 </args>
      <args> x25 60 x28 x28 74 x25 </args>
      <args> x24 60 x29 x29 74 x24 </args>
      <args> x24 60 x30 x30 62 x24 </args>
      <args> x25 60 x30 x30 62 x25 </args>
      <args> x24 60 x31 x31 62 x24 </args>
      <args> x26 43 x28 x28 74 x26 </args>
      <args> x27 43 x28 x28 74 x27 </args>
      <args> x26 43 x29 x29 74 x26 </args>
      <args> x26 43 x30 x30 62 x26 </args>
      <args> x27 43 x30 x30 62 x27 </args>
      <args> x26 43 x31 x31 62 x26 </args>
      <args> x28 74 x30 x30 62 x28 </args>
      <args> x29 74 x30 x30 62 x29 </args>
      <args> x28 74 x31 x31 62 x28 </args>
    </group>
    <group>
      <intension> ne(%0,%1) </intension>
      <args> x0 x1 </args>
      <args> x2 x3 </args>
      <args> x4 x5 </args>
      <args> x6 x7 </args>
      <args> x8 x9 </args>
      <args> x10 x11 </args>
      <args> x12 x13 </args>
      <args> x14 x15 </args>
      <args> x16 x17 </args>
      <args> x18 x19 </args>
      <args> x20 x21 </args>
      <args> x22 x23 </args>
      <args> x24 x25 </args>
      <args> x26 x27 </args>
      <args> x28 x29 </args>
      <args> x30 x31 </args>
    </group>
  </constraints>
</instance>
