<instance format="XCSP3" type="CSP">
  <variables>
    <array id="x" size="[20]"> 1..10 </array>
  </variables>
  <constraints>
    <group>
      <intension> and(ne(%0,%1),ne(abs(sub(%2,%3)),%4)) </intension>
      <args> x[0] x[2] x[0] x[2] 1 </args>
      <args> x[1] x[2] x[1] x[2] 1 </args>
      <args> x[0] x[3] x[0] x[3] 1 </args>
      <args> x[0] x[4] x[0] x[4] 2 </args>
      <args> x[1] x[4] x[1] x[4] 2 </args>
      <args> x[0] x[5] x[0] x[5] 2 </args>
      <args> x[0] x[6] x[0] x[6] 3 </args>
      <args> x[1] x[6] x[1] x[6] 3 </args>
      <args> x[0] x[7] x[0] x[7] 3 </args>
      <args> x[0] x[8] x[0] x[8] 4 </args>
      <args> x[1] x[8] x[1] x[8] 4 </args>
      <args> x[0] x[9] x[0] x[9] 4 </args>
      <args> x[0] x[10] x[0] x[10] 5 </args>
      <args> x[1] x[10] x[1] x[10] 5 </args>
      <args> x[0] x[11] x[0] x[11] 5 </args>
      <args> x[0] x[12] x[0] x[12] 6 </args>
      <args> x[1] x[12] x[1] x[12] 6 </args>
      <args> x[0] x[13] x[0] x[13] 6 </args>
      <args> x[0] x[14] x[0] x[14] 7 </args>
      <args> x[1] x[14] x[1] x[14] 7 </args>
      <args> x[0] x[15] x[0] x[15] 7 </args>
      <args> x[0] x[16] x[0] x[16] 8 </args>
      <args> x[1] x[16] x[1] x[16] 8 </args>
      <args> x[0] x[17] x[0] x[17] 8 </args>
      <args> x[0] x[18] x[0] x[18] 9 </args>
      <args> x[1] x[18] x[1] x[18] 9 </args>
      <args> x[0] x[19] x[0] x[19] 9 </args>
      <args> x[2] x[4] x[2] x[4] 1 </args>
      <args> x[3] x[4] x[3] x[4] 1 </args>
      <args> x[2] x[5] x[2] x[5] 1 </args>
      <args> x[2] x[6] x[2] x[6] 2 </args>
      <args> x[3] x[6] x[3] x[6] 2 </args>
      <args> x[2] x[7] x[2] x[7] 2 </args>
      <args> x[2] x[8] x[2] x[8] 3 </args>
      <args> x[3] x[8] x[3] x[8] 3 </args>
      <args> x[2] x[9] x[2] x[9] 3 </args>
      <args> x[2] x[10] x[2] x[10] 4 </args>
      <args> x[3] x[10] x[3] x[10] 4 </args>
      <args> x[2] x[11] x[2] x[11] 4 </args>
      <args> x[2] x[12] x[2] x[12] 5 </args>
      <args> x[3] x[12] x[3] x[12] 5 </args>
      <args> x[2] x[13] x[2] x[13] 5 </args>
      <args> x[2] x[14] x[2] x[14] 6 </args>
      <args> x[3] x[14] x[3] x[14] 6 </args>
      <args> x[2] x[15] x[2] x[15] 6 </args>
      <args> x[2] x[16] x[2] x[16] 7 </args>
      <args> x[3] x[16] x[3] x[16] 7 </args>
      <args> x[2] x[17] x[2] x[17] 7 </args>
      <args> x[2] x[18] x[2] x[18] 8 </args>
      <args> x[3] x[18] x[3] x[18] 8 </args>
      <args> x[2] x[19] x[2] x[19] 8 </args>
      <args> x[4] x[6] x[4] x[6] 1 </args>
      <args> x[5] x[6] x[5] x[6] 1 </args>
      <args> x[4] x[7] x[4] x[7] 1 </args>
      <args> x[4] x[8] x[4] x[8] 2 </args>
      <args> x[5] x[8] x[5] x[8] 2 </args>
      <args> x[4] x[9] x[4] x[9] 2 </args>
      <args> x[4] x[10] x[4] x[10] 3 </args>
      <args> x[5] x[10] x[5] x[10] 3 </args>
      <args> x[4] x[11] x[4] x[11] 3 </args>
      <args> x[4] x[12] x[4] x[12] 4 </args>
      <args> x[5] x[12] x[5] x[12] 4 </args>
      <args> x[4] x[13] x[4] x[13] 4 </args>
      <args> x[4] x[14] x[4] x[14] 5 </args>
      <args> x[5] x[14] x[5] x[14] 5 </args>
      <args> x[4] x[15] x[4] x[15] 5 </args>
      <args> x[4] x[16] x[4] x[16] 6 </args>
      <args> x[5] x[16] x[5] x[16] 6 </args>
      <args> x[4] x[17] x[4] x[17] 6 </args>
      <args> x[4] x[18] x[4] x[18] 7 </args>
      <args> x[5] x[18] x[5] x[18] 7 </args>
      <args> x[4] x[19] x[4] x[19] 7 </args>
      <args> x[6] x[8] x[6] x[8] 1 </args>
      <args> x[7] x[8] x[7] x[8] 1 </args>
      <args> x[6] x[9] x[6] x[9] 1 </args>
      <args> x[6] x[10] x[6] x[10] 2 </args>
      <args> x[7] x[10] x[7] x[10] 2 </args>
      <args> x[6] x[11] x[6] x[11] 2 </args>
      <args> x[6] x[12] x[6] x[12] 3 </args>
      <args> x[7] x[12] x[7] x[12] 3 </args>
      <args> x[6] x[13] x[6] x[13] 3 </args>
      <args> x[6] x[14] x[6] x[14] 4 </args>
      <args> x[7] x[14] x[7] x[14] 4 </args>
      <args> x[6] x[15] x[6] x[15] 4 </args>
      <args> x[6] x[16] x[6] x[16] 5 </args>
      <args> x[7] x[16] x[7] x[16] 5 </args>
      <args> x[6] x[17] x[6] x[17] 5 </args>
      <args> x[6] x[18] x[6] x[18] 6 </args>
      <args> x[7] x[18] x[7] x[18] 6 </args>
      <args> x[6] x[19] x[6] x[19] 6 </args>
      <args> x[8] x[10] x[8] x[10] 1 </args>
      <args> x[9] x[10] x[9] x[10] 1 </args>
      <args> x[8] x[11] x[8] x[11] 1 </args>
      <args> x[8] x[12] x[8] x[12] 2 </args>
      <args> x[9] x[12] x[9] x[12] 2 </args>
      <args> x[8] x[13] x[8] x[13] 2 </args>
      <args> x[8] x[14] x[8] x[14] 3 </args>
      <args> x[9] x[14] x[9] x[14] 3 </args>
      <args> x[8] x[15] x[8] x[15] 3 </args>
      <args> x[8] x[16] x[8] x[16] 4 </args>
      <args> x[9] x[16] x[9] x[16] 4 </args>
      <args> x[8] x[17] x[8] x[17] 4 </args>
      <args> x[8] x[18] x[8] x[18] 5 </args>
      <args> x[9] x[18] x[9] x[18] 5 </args>
      <args> x[8] x[19] x[8] x[19] 5 </args>
      <args> x[10] x[12] x[10] x[12] 1 </args>
      <args> x[11] x[12] x[11] x[12] 1 </args>
      <args> x[10] x[13] x[10] x[13] 1 </args>
      <args> x[10] x[14] x[10] x[14] 2 </args>
      <args> x[11] x[14] x[11] x[14] 2 </args>
      <args> x[10] x[15] x[10] x[15] 2 </args>
      <args> x[10] x[16] x[10] x[16] 3 </args>
      <args> x[11] x[16] x[11] x[16] 3 </args>
      <args> x[10] x[17] x[10] x[17] 3 </args>
      <args> x[10] x[18] x[10] x[18] 4 </args>
      <args> x[11] x[18] x[11] x[18] 4 </args>
      <args> x[10] x[19] x[10] x[19] 4 </args>
      <args> x[12] x[14] x[12] x[14] 1 </args>
      <args> x[13] x[14] x[13] x[14] 1 </args>
      <args> x[12] x[15] x[12] x[15] 1 </args>
      <args> x[12] x[16] x[12] x[16] 2 </args>
      <args> x[13] x[16] x[13] x[16] 2 </args>
      <args> x[12] x[17] x[12] x[17] 2 </args>
      <args> x[12] x[18] x[12] x[18] 3 </args>
      <args> x[13] x[18] x[13] x[18] 3 </args>
      <args> x[12] x[19] x[12] x[19] 3 </args>
      <args> x[14] x[16] x[14] x[16] 1 </args>
      <args> x[15] x[16] x[15] x[16] 1 </args>
      <args> x[14] x[17] x[14] x[17] 1 </args>
      <args> x[14] x[18] x[14] x[18] 2 </args>
      <args> x[15] x[18] x[15] x[18] 2 </args>
      <args> x[14] x[19] x[14] x[19] 2 </args>
      <args> x[16] x[18] x[16] x[18] 1 </args>
      <args> x[17] x[18] x[17] x[18] 1 </args>
      <args> x[16] x[19] x[16] x[19] 1 </args>
    </group>
    <group>
      <intension> ne(%0,%1) </intension>
      <args> x[0] x[1] </args>
      <args> x[2] x[3] </args>
      <args> x[4] x[5] </args>
      <args> x[6] x[7] </args>
      <args> x[8] x[9] </args>
      <args> x[10] x[11] </args>
      <args> x[12] x[13] </args>
      <args> x[14] x[15] </args>
      <args> x[16] x[17] </args>
      <args> x[18] x[19] </args>
    </group>
  </constraints>
</instance>
