<instance format="XCSP3" type="CSP">
  <variables>
    <var id="x0"> 0..161 </var>
    <var id="x1"> 0..161 </var>
    <var id="x2"> 0..187 </var>
    <var id="x3"> 0..187 </var>
    <var id="x4"> 0..107 </var>
    <var id="x5"> 0..107 </var>
    <var id="x6"> 0..152 </var>
    <var id="x7"> 0..152 </var>
    <var id="x8"> 0..107 </var>
    <var id="x9"> 0..107 </var>
    <var id="x10"> 0..122 </var>
    <var id="x11"> 0..122 </var>
    <var id="x12"> 0..197 </var>
    <var id="x13"> 0..197 </var>
    <var id="x14"> 0..188 </var>
    <var id="x15"> 0..188 </var>
    <var id="x16"> 0..107 </var>
    <var id="x17"> 0..107 </var>
    <var id="x18"> 0..137 </var>
    <var id="x19"> 0..137 </var>
    <var id="x20"> 0..191 </var>
    <var id="x21"> 0..191 </var>
    <var id="x22"> 0..194 </var>
    <var id="x23"> 0..194 </var>
    <var id="x24"> 0..162 </var>
    <var id="x25"> 0..162 </var>
    <var id="x26"> 0..168 </var>
    <var id="x27"> 0..168 </var>
    <var id="x28"> 0..156 </var>
    <var id="x29"> 0..156 </var>
    <var id="x30"> 0..148 </var>
    <var id="x31"> 0..148 </var>
  </variables>
  <constraints>
    <group>
      <intension> or(le(add(%0,%1),%2),le(add(%3,%4),%5)) </intension>
      <args> x0 37 x8 x8 91 x0 </args>
      <args> x1 37 x8 x8 91 x1 </args>
      <args> x0 37 x9 x9 91 x0 </args>
      <args> x0 37 x20 x20 7 x0 </args>
      <args> x1 37 x20 x20 7 x1 </args>
      <args> x0 37 x21 x21 7 x0 </args>
      <args> x0 37 x30 x30 50 x0 </args>
      <args> x1 37 x30 x30 50 x1 </args>
      <args> x0 37 x31 x31 50 x0 </args>
      <args> x8 91 x20 x20 7 x8 </args>
      <args> x9 91 x20 x20 7 x9 </args>
      <args> x8 91 x21 x21 7 x8 </args>
      <args> x8 91 x30 x30 50 x8 </args>
      <args> x9 91 x30 x30 50 x9 </args>
      <args> x8 91 x31 x31 50 x8 </args>
      <args> x20 7 x30 x30 50 x20 </args>
      <args> x21 7 x30 x30 50 x21 </args>
      <args> x20 7 x31 x31 50 x20 </args>
      <args> x6 46 x12 x12 1 x6 </args>
      <args> x7 46 x12 x12 1 x7 </args>
      <args> x6 46 x13 x13 1 x6 </args>
      <args> x6 46 x16 x16 91 x6 </args>
      <args> x7 46 x16 x16 91 x7 </args>
      <args> x6 46 x17 x17 91 x6 </args>
      <args> x6 46 x24 x24 36 x6 </args>
      <args> x7 46 x24 x24 36 x7 </args>
      <args> x6 46 x25 x25 36 x6 </args>
      <args> x12 1 x16 x16 91 x12 </args>
      <args> x13 1 x16 x16 91 x13 </args>
      <args> x12 1 x17 x17 91 x12 </args>
      <args> x12 1 x24 x24 36 x12 </args>
      <args> x13 1 x24 x24 36 x13 </args>
      <args> x12 1 x25 x25 36 x12 </args>
      <args> x16 91 x24 x24 36 x16 </args>
      <args> x17 91 x24 x24 36 x17 </args>
      <args> x16 91 x25 x25 36 x16 </args>
      <args> x4 91 x14 x14 10 x4 </args>
      <args> x5 91 x14 x14 10 x5 </args>
      <args> x4 91 x15 x15 10 x4 </args>
      <args> x4 91 x22 x22 4 x4 </args>
      <args> x5 91 x22 x22 4 x5 </args>
      <args> x4 91 x23 x23 4 x4 </args>
      <args> x4 91 x28 x28 42 x4 </args>
      <args> x5 91 x28 x28 42 x5 </args>
      <args> x4 91 x29 x29 42 x4 </args>
      <args> x14 10 x22 x22 4 x14 </args>
      <args> x15 10 x22 x22 4 x15 </args>
      <args> x14 10 x23 x23 4 x14 </args>
      <args> x14 10 x28 x28 42 x14 </args>
      <args> x15 10 x28 x28 42 x15 </args>
      <args> x14 10 x29 x29 42 x14 </args>
      <args> x22 4 x28 x28 42 x22 </args>
      <args> x23 4 x28 x28 42 x23 </args>
      <args> x22 4 x29 x29 42 x22 </args>
      <args> x2 11 x10 x10 76 x2 </args>
      <args> x3 11 x10 x10 76 x3 </args>
      <args> x2 11 x11 x11 76 x2 </args>
      <args> x2 11 x18 x18 61 x2 </args>
      <args> x3 11 x18 x18 61 x3 </args>
      <args> x2 11 x19 x19 61 x2 </args>
      <args> x2 11 x26 x26 30 x2 </args>
      <args> x3 11 x26 x26 30 x3 </args>
      <args> x2 11 x27 x27 30 x2 </args>
      <args> x10 76 x18 x18 61 x10 </args>
      <args> x11 76 x18 x18 61 x11 </args>
      <args> x10 76 x19 x19 61 x10 </args>
      <args> x10 76 x26 x26 30 x10 </args>
      <args> x11 76 x26 x26 30 x11 </args>
      <args> x10 76 x27 x27 30 x10 </args>
      <args> x18 61 x26 x26 30 x18 </args>
      <args> x19 61 x26 x26 30 x19 </args>
      <args> x18 61 x27 x27 30 x18 </args>
      <args> x0 37 x2 x2 11 x0 </args>
      <args> x1 37 x2 x2 11 x1 </args>
      <args> x0 37 x3 x3 11 x0 </args>
      <args> x0 37 x4 x4 91 x0 </args>
      <args> x1 37 x4 x4 91 x1 </args>
      <args> x0 37 x5 x5 91 x0 </args>
      <args> x0 37 x6 x6 46 x0 </args>
      <args> x1 37 x6 x6 46 x1 </args>
      <args> x0 37 x7 x7 46 x0 </args>
      <args> x2 11 x4 x4 91 x2 </args>
      <args> x3 11 x4 x4 91 x3 </args>
      <args> x2 11 x5 x5 91 x2 </args>
      <args> x2 11 x6 x6 46 x2 </args>
      <args> x3 11 x6 x6 46 x3 </args>
      <args> x2 11 x7 x7 46 x2 </args>
      <args> x4 91 x6 x6 46 x4 </args>
      <args> x5 91 x6 x6 46 x5 </args>
      <args> x4 91 x7 x7 46 x4 </args>
      <args> x8 91 x10 x10 76 x8 </args>
      <args> x9 91 x10 x10 76 x9 </args>
      <args> x8 91 x11 x11 76 x8 </args>
      <args> x8 91 x12 x12 1 x8 </args>
      <args> x9 91 x12 x12 1 x9 </args>
      <args> x8 91 x13 x13 1 x8 </args>
      <args> x8 91 x14 x14 10 x8 </args>
      <args> x9 91 x14 x14 10 x9 </args>
      <args> x8 91 x15 x15 10 x8 </args>
      <args> x10 76 x12 x12 1 x10 </args>
      <args> x11 76 x12 x12 1 x11 </args>
      <args> x10 76 x13 x13 1 x10 </args>
      <args> x10 76 x14 x14 10 x10 </args>
      <args> x11 76 x14 x14 10 x11 </args>
      <args> x10 76 x15 x15 10 x10 </args>
      <args> x12 1 x14 x14 10 x12 </args>
      <args> x13 1 x14 x14 10 x13 </args>
      <args> x12 1 x15 x15 10 x12 </args>
      <args> x16 91 x18 x18 61 x16 </args>
      <args> x17 91 x18 x18 61 x17 </args>
      <args> x16 91 x19 x19 61 x16 </args>
      <args> x16 91 x20 x20 7 x16 </args>
      <args> x17 91 x20 x20 7 x17 </args>
      <args> x16 91 x21 x21 7 x16 </args>
      <args> x16 91 x22 x22 4 x16 </args>
      <args> x17 91 x22 x22 4 x17 </args>
      <args> x16 91 x23 x23 4 x16 </args>
      <args> x18 61 x20 x20 7 x18 </args>
      <args> x19 61 x20 x20 7 x19 </args>
      <args> x18 61 x21 x21 7 x18 </args>
      <args> x18 61 x22 x22 4 x18 </args>
      <args> x19 61 x22 x22 4 x19 </args>
      <args> x18 61 x23 x23 4 x18 </args>
      <args> x20 7 x22 x22 4 x20 </args>
      <args> x21 7 x22 x22 4 x21 </args>
      <args> x20 7 x23 x23 4 x20 </args>
      <args> x24 36 x26 x26 30 x24 </args>
      <args> x25 36 x26 x26 30 x25 </args>
      <args> x24 36 x27 x27 30 x24 </args>
      <args> x24 36 x28 x28 42 x24 </args>
      <args> x25 36 x28 x28 42 x25 </args>
      <args> x24 36 x29 x29 42 x24 </args>
      <args> x24 36 x30 x30 50 x24 </args>
      <args> x25 36 x30 x30 50 x25 </args>
      <args> x24 36 x31 x31 50 x24 </args>
      <args> x26 30 x28 x28 42 x26 </args>
      <args> x27 30 x28 x28 42 x27 </args>
      <args> x26 30 x29 x29 42 x26 </args>
      <args> x26 30 x30 x30 50 x26 </args>
      <args> x27 30 x30 x30 50 x27 </args>
      <args> x26 30 x31 x31 50 x26 </args>
      <args> x28 42 x30 x30 50 x28 </args>
      <args> x29 42 x30 x30 50 x29 </args>
      <args> x28 42 x31 x31 50 x28 </args>
    </group>
    <group>
      <intension> ne(%0,%1) </intension>
      <args> x0 x1 </args>
      <args> x2 x3 </args>
      <args> x4 x5 </args>
      <args> x6 x7 </args>
      <args> x8 x9 </args>
      <args> x10 x11 </args>
      <args> x12 x13 </args>
      <args> x14 x15 </args>
      <args> x16 x17 </args>
      <args> x18 x19 </args>
      <args> x20 x21 </args>
      <args> x22 x23 </args>
      <args> x24 x25 </args>
      <args> x26 x27 </args>
      <args> x28 x29 </args>
      <args> x30 x31 </args>
    </group>
  </constraints>
</instance>
