<instance format="XCSP3" type="CSP">
  <variables>
    <var id="x0"> 0..283 </var>
    <var id="x1"> 0..283 </var>
    <var id="x2"> 0..247 </var>
    <var id="x3"> 0..247 </var>
    <var id="x4"> 0..280 </var>
    <var id="x5"> 0..280 </var>
    <var id="x6"> 0..219 </var>
    <var id="x7"> 0..219 </var>
    <var id="x8"> 0..217 </var>
    <var id="x9"> 0..217 </var>
    <var id="x10"> 0..271 </var>
    <var id="x11"> 0..271 </var>
    <var id="x12"> 0..190 </var>
    <var id="x13"> 0..190 </var>
    <var id="x14"> 0..200 </var>
    <var id="x15"> 0..200 </var>
    <var id="x16"> 0..196 </var>
    <var id="x17"> 0..196 </var>
    <var id="x18"> 0..231 </var>
    <var id="x19"> 0..231 </var>
    <var id="x20"> 0..208 </var>
    <var id="x21"> 0..208 </var>
    <var id="x22"> 0..247 </var>
    <var id="x23"> 0..247 </var>
    <var id="x24"> 0..226 </var>
    <var id="x25"> 0..226 </var>
    <var id="x26"> 0..234 </var>
    <var id="x27"> 0..234 </var>
    <var id="x28"> 0..222 </var>
    <var id="x29"> 0..222 </var>
    <var id="x30"> 0..213 </var>
    <var id="x31"> 0..213 </var>
  </variables>
  <constraints>
    <group>
      <intension> or(le(add(%0,%1),%2),le(add(%3,%4),%5)) </intension>
      <args> x0 2 x14 x14 85 x0 </args>
      <args> x1 2 x14 x14 85 x1 </args>
      <args> x0 2 x15 x15 85 x0 </args>
      <args> x0 2 x18 x18 54 x0 </args>
      <args> x1 2 x18 x18 54 x1 </args>
      <args> x0 2 x19 x19 54 x0 </args>
      <args> x0 2 x24 x24 59 x0 </args>
      <args> x1 2 x24 x24 59 x1 </args>
      <args> x0 2 x25 x25 59 x0 </args>
      <args> x14 85 x18 x18 54 x14 </args>
      <args> x15 85 x18 x18 54 x15 </args>
      <args> x14 85 x19 x19 54 x14 </args>
      <args> x14 85 x24 x24 59 x14 </args>
      <args> x15 85 x24 x24 59 x15 </args>
      <args> x14 85 x25 x25 59 x14 </args>
      <args> x18 54 x24 x24 59 x18 </args>
      <args> x19 54 x24 x24 59 x19 </args>
      <args> x18 54 x25 x25 59 x18 </args>
      <args> x4 5 x8 x8 68 x4 </args>
      <args> x5 5 x8 x8 68 x5 </args>
      <args> x4 5 x9 x9 68 x4 </args>
      <args> x4 5 x20 x20 77 x4 </args>
      <args> x5 5 x20 x20 77 x5 </args>
      <args> x4 5 x21 x21 77 x4 </args>
      <args> x4 5 x28 x28 63 x4 </args>
      <args> x5 5 x28 x28 63 x5 </args>
      <args> x4 5 x29 x29 63 x4 </args>
      <args> x8 68 x20 x20 77 x8 </args>
      <args> x9 68 x20 x20 77 x9 </args>
      <args> x8 68 x21 x21 77 x8 </args>
      <args> x8 68 x28 x28 63 x8 </args>
      <args> x9 68 x28 x28 63 x9 </args>
      <args> x8 68 x29 x29 63 x8 </args>
      <args> x20 77 x28 x28 63 x20 </args>
      <args> x21 77 x28 x28 63 x21 </args>
      <args> x20 77 x29 x29 63 x20 </args>
      <args> x2 38 x10 x10 14 x2 </args>
      <args> x3 38 x10 x10 14 x3 </args>
      <args> x2 38 x11 x11 14 x2 </args>
      <args> x2 38 x16 x16 89 x2 </args>
      <args> x3 38 x16 x16 89 x3 </args>
      <args> x2 38 x17 x17 89 x2 </args>
      <args> x2 38 x30 x30 72 x2 </args>
      <args> x3 38 x30 x30 72 x3 </args>
      <args> x2 38 x31 x31 72 x2 </args>
      <args> x10 14 x16 x16 89 x10 </args>
      <args> x11 14 x16 x16 89 x11 </args>
      <args> x10 14 x17 x17 89 x10 </args>
      <args> x10 14 x30 x30 72 x10 </args>
      <args> x11 14 x30 x30 72 x11 </args>
      <args> x10 14 x31 x31 72 x10 </args>
      <args> x16 89 x30 x30 72 x16 </args>
      <args> x17 89 x30 x30 72 x17 </args>
      <args> x16 89 x31 x31 72 x16 </args>
      <args> x6 66 x12 x12 95 x6 </args>
      <args> x7 66 x12 x12 95 x7 </args>
      <args> x6 66 x13 x13 95 x6 </args>
      <args> x6 66 x22 x22 38 x6 </args>
      <args> x7 66 x22 x22 38 x7 </args>
      <args> x6 66 x23 x23 38 x6 </args>
      <args> x6 66 x26 x26 51 x6 </args>
      <args> x7 66 x26 x26 51 x7 </args>
      <args> x6 66 x27 x27 51 x6 </args>
      <args> x12 95 x22 x22 38 x12 </args>
      <args> x13 95 x22 x22 38 x13 </args>
      <args> x12 95 x23 x23 38 x12 </args>
      <args> x12 95 x26 x26 51 x12 </args>
      <args> x13 95 x26 x26 51 x13 </args>
      <args> x12 95 x27 x27 51 x12 </args>
      <args> x22 38 x26 x26 51 x22 </args>
      <args> x23 38 x26 x26 51 x23 </args>
      <args> x22 38 x27 x27 51 x22 </args>
      <args> x0 2 x2 x2 38 x0 </args>
      <args> x1 2 x2 x2 38 x1 </args>
      <args> x0 2 x3 x3 38 x0 </args>
      <args> x0 2 x4 x4 5 x0 </args>
      <args> x1 2 x4 x4 5 x1 </args>
      <args> x0 2 x5 x5 5 x0 </args>
      <args> x0 2 x6 x6 66 x0 </args>
      <args> x1 2 x6 x6 66 x1 </args>
      <args> x0 2 x7 x7 66 x0 </args>
      <args> x2 38 x4 x4 5 x2 </args>
      <args> x3 38 x4 x4 5 x3 </args>
      <args> x2 38 x5 x5 5 x2 </args>
      <args> x2 38 x6 x6 66 x2 </args>
      <args> x3 38 x6 x6 66 x3 </args>
      <args> x2 38 x7 x7 66 x2 </args>
      <args> x4 5 x6 x6 66 x4 </args>
      <args> x5 5 x6 x6 66 x5 </args>
      <args> x4 5 x7 x7 66 x4 </args>
      <args> x8 68 x10 x10 14 x8 </args>
      <args> x9 68 x10 x10 14 x9 </args>
      <args> x8 68 x11 x11 14 x8 </args>
      <args> x8 68 x12 x12 95 x8 </args>
      <args> x9 68 x12 x12 95 x9 </args>
      <args> x8 68 x13 x13 95 x8 </args>
      <args> x8 68 x14 x14 85 x8 </args>
      <args> x9 68 x14 x14 85 x9 </args>
      <args> x8 68 x15 x15 85 x8 </args>
      <args> x10 14 x12 x12 95 x10 </args>
      <args> x11 14 x12 x12 95 x11 </args>
      <args> x10 14 x13 x13 95 x10 </args>
      <args> x10 14 x14 x14 85 x10 </args>
      <args> x11 14 x14 x14 85 x11 </args>
      <args> x10 14 x15 x15 85 x10 </args>
      <args> x12 95 x14 x14 85 x12 </args>
      <args> x13 95 x14 x14 85 x13 </args>
      <args> x12 95 x15 x15 85 x12 </args>
      <args> x16 89 x18 x18 54 x16 </args>
      <args> x17 89 x18 x18 54 x17 </args>
      <args> x16 89 x19 x19 54 x16 </args>
      <args> x16 89 x20 x20 77 x16 </args>
      <args> x17 89 x20 x20 77 x17 </args>
      <args> x16 89 x21 x21 77 x16 </args>
      <args> x16 89 x22 x22 38 x16 </args>
      <args> x17 89 x22 x22 38 x17 </args>
      <args> x16 89 x23 x23 38 x16 </args>
      <args> x18 54 x20 x20 77 x18 </args>
      <args> x19 54 x20 x20 77 x19 </args>
      <args> x18 54 x21 x21 77 x18 </args>
      <args> x18 54 x22 x22 38 x18 </args>
      <args> x19 54 x22 x22 38 x19 </args>
      <args> x18 54 x23 x23 38 x18 </args>
      <args> x20 77 x22 x22 38 x20 </args>
      <args> x21 77 x22 x22 38 x21 </args>
      <args> x20 77 x23 x23 38 x20 </args>
      <args> x24 59 x26 x26 51 x24 </args>
      <args> x25 59 x26 x26 51 x25 </args>
      <args> x24 59 x27 x27 51 x24 </args>
      <args> x24 59 x28 x28 63 x24 </args>
      <args> x25 59 x28 x28 63 x25 </args>
      <args> x24 59 x29 x29 63 x24 </args>
      <args> x24 59 x30 x30 72 x24 </args>
      <args> x25 59 x30 x30 72 x25 </args>
      <args> x24 59 x31 x31 72 x24 </args>
      <args> x26 51 x28 x28 63 x26 </args>
      <args> x27 51 x28 x28 63 x27 </args>
      <args> x26 51 x29 x29 63 x26 </args>
      <args> x26 51 x30 x30 72 x26 </args>
      <args> x27 51 x30 x30 72 x27 </args>
      <args> x26 51 x31 x31 72 x26 </args>
      <args> x28 63 x30 x30 72 x28 </args>
      <args> x29 63 x30 x30 72 x29 </args>
      <args> x28 63 x31 x31 72 x28 </args>
    </group>
    <group>
      <intension> ne(%0,%1) </intension>
      <args> x0 x1 </args>
      <args> x2 x3 </args>
      <args> x4 x5 </args>
      <args> x6 x7 </args>
      <args> x8 x9 </args>
      <args> x10 x11 </args>
      <args> x12 x13 </args>
      <args> x14 x15 </args>
      <args> x16 x17 </args>
      <args> x18 x19 </args>
      <args> x20 x21 </args>
      <args> x22 x23 </args>
      <args> x24 x25 </args>
      <args> x26 x27 </args>
      <args> x28 x29 </args>
      <args> x30 x31 </args>
    </group>
  </constraints>
</instance>
