<instance format="XCSP3" type="CSP">
  <variables>
    <var id="x0"> 0..149 </var>
    <var id="x1"> 0..149 </var>
    <var id="x2"> 0..169 </var>
    <var id="x3"> 0..169 </var>
    <var id="x4"> 0..142 </var>
    <var id="x5"> 0..142 </var>
    <var id="x6"> 0..201 </var>
    <var id="x7"> 0..201 </var>
    <var id="x8"> 0..194 </var>
    <var id="x9"> 0..194 </var>
    <var id="x10"> 0..188 </var>
    <var id="x11"> 0..188 </var>
    <var id="x12"> 0..114 </var>
    <var id="x13"> 0..114 </var>
    <var id="x14"> 0..133 </var>
    <var id="x15"> 0..133 </var>
    <var id="x16"> 0..165 </var>
    <var id="x17"> 0..165 </var>
    <var id="x18"> 0..184 </var>
    <var id="x19"> 0..184 </var>
    <var id="x20"> 0..175 </var>
    <var id="x21"> 0..175 </var>
    <var id="x22"> 0..116 </var>
    <var id="x23"> 0..116 </var>
    <var id="x24"> 0..108 </var>
    <var id="x25"> 0..108 </var>
    <var id="x26"> 0..169 </var>
    <var id="x27"> 0..169 </var>
    <var id="x28"> 0..196 </var>
    <var id="x29"> 0..196 </var>
    <var id="x30"> 0..174 </var>
    <var id="x31"> 0..174 </var>
  </variables>
  <constraints>
    <group>
      <intension> or(le(add(%0,%1),%2),le(add(%3,%4),%5)) </intension>
      <args> x2 34 x10 x10 15 x2 </args>
      <args> x3 34 x10 x10 15 x3 </args>
      <args> x2 34 x11 x11 15 x2 </args>
      <args> x2 34 x16 x16 38 x2 </args>
      <args> x3 34 x16 x16 38 x3 </args>
      <args> x2 34 x17 x17 38 x2 </args>
      <args> x2 34 x24 x24 95 x2 </args>
      <args> x3 34 x24 x24 95 x3 </args>
      <args> x2 34 x25 x25 95 x2 </args>
      <args> x10 15 x16 x16 38 x10 </args>
      <args> x11 15 x16 x16 38 x11 </args>
      <args> x10 15 x17 x17 38 x10 </args>
      <args> x10 15 x24 x24 95 x10 </args>
      <args> x11 15 x24 x24 95 x11 </args>
      <args> x10 15 x25 x25 95 x10 </args>
      <args> x16 38 x24 x24 95 x16 </args>
      <args> x17 38 x24 x24 95 x17 </args>
      <args> x16 38 x25 x25 95 x16 </args>
      <args> x6 2 x12 x12 89 x6 </args>
      <args> x7 2 x12 x12 89 x7 </args>
      <args> x6 2 x13 x13 89 x6 </args>
      <args> x6 2 x18 x18 19 x6 </args>
      <args> x7 2 x18 x18 19 x7 </args>
      <args> x6 2 x19 x19 19 x6 </args>
      <args> x6 2 x28 x28 7 x6 </args>
      <args> x7 2 x28 x28 7 x7 </args>
      <args> x6 2 x29 x29 7 x6 </args>
      <args> x12 89 x18 x18 19 x12 </args>
      <args> x13 89 x18 x18 19 x13 </args>
      <args> x12 89 x19 x19 19 x12 </args>
      <args> x12 89 x28 x28 7 x12 </args>
      <args> x13 89 x28 x28 7 x13 </args>
      <args> x12 89 x29 x29 7 x12 </args>
      <args> x18 19 x28 x28 7 x18 </args>
      <args> x19 19 x28 x28 7 x19 </args>
      <args> x18 19 x29 x29 7 x18 </args>
      <args> x0 54 x14 x14 70 x0 </args>
      <args> x1 54 x14 x14 70 x1 </args>
      <args> x0 54 x15 x15 70 x0 </args>
      <args> x0 54 x20 x20 28 x0 </args>
      <args> x1 54 x20 x20 28 x1 </args>
      <args> x0 54 x21 x21 28 x0 </args>
      <args> x0 54 x26 x26 34 x0 </args>
      <args> x1 54 x26 x26 34 x1 </args>
      <args> x0 54 x27 x27 34 x0 </args>
      <args> x14 70 x20 x20 28 x14 </args>
      <args> x15 70 x20 x20 28 x15 </args>
      <args> x14 70 x21 x21 28 x14 </args>
      <args> x14 70 x26 x26 34 x14 </args>
      <args> x15 70 x26 x26 34 x15 </args>
      <args> x14 70 x27 x27 34 x14 </args>
      <args> x20 28 x26 x26 34 x20 </args>
      <args> x21 28 x26 x26 34 x21 </args>
      <args> x20 28 x27 x27 34 x20 </args>
      <args> x4 61 x8 x8 9 x4 </args>
      <args> x5 61 x8 x8 9 x5 </args>
      <args> x4 61 x9 x9 9 x4 </args>
      <args> x4 61 x22 x22 87 x4 </args>
      <args> x5 61 x22 x22 87 x5 </args>
      <args> x4 61 x23 x23 87 x4 </args>
      <args> x4 61 x30 x30 29 x4 </args>
      <args> x5 61 x30 x30 29 x5 </args>
      <args> x4 61 x31 x31 29 x4 </args>
      <args> x8 9 x22 x22 87 x8 </args>
      <args> x9 9 x22 x22 87 x9 </args>
      <args> x8 9 x23 x23 87 x8 </args>
      <args> x8 9 x30 x30 29 x8 </args>
      <args> x9 9 x30 x30 29 x9 </args>
      <args> x8 9 x31 x31 29 x8 </args>
      <args> x22 87 x30 x30 29 x22 </args>
      <args> x23 87 x30 x30 29 x23 </args>
      <args> x22 87 x31 x31 29 x22 </args>
      <args> x0 54 x2 x2 34 x0 </args>
      <args> x1 54 x2 x2 34 x1 </args>
      <args> x0 54 x3 x3 34 x0 </args>
      <args> x0 54 x4 x4 61 x0 </args>
      <args> x1 54 x4 x4 61 x1 </args>
      <args> x0 54 x5 x5 61 x0 </args>
      <args> x0 54 x6 x6 2 x0 </args>
      <args> x1 54 x6 x6 2 x1 </args>
      <args> x0 54 x7 x7 2 x0 </args>
      <args> x2 34 x4 x4 61 x2 </args>
      <args> x3 34 x4 x4 61 x3 </args>
      <args> x2 34 x5 x5 61 x2 </args>
      <args> x2 34 x6 x6 2 x2 </args>
      <args> x3 34 x6 x6 2 x3 </args>
      <args> x2 34 x7 x7 2 x2 </args>
      <args> x4 61 x6 x6 2 x4 </args>
      <args> x5 61 x6 x6 2 x5 </args>
      <args> x4 61 x7 x7 2 x4 </args>
      <args> x8 9 x10 x10 15 x8 </args>
      <args> x9 9 x10 x10 15 x9 </args>
      <args> x8 9 x11 x11 15 x8 </args>
      <args> x8 9 x12 x12 89 x8 </args>
      <args> x9 9 x12 x12 89 x9 </args>
      <args> x8 9 x13 x13 89 x8 </args>
      <args> x8 9 x14 x14 70 x8 </args>
      <args> x9 9 x14 x14 70 x9 </args>
      <args> x8 9 x15 x15 70 x8 </args>
      <args> x10 15 x12 x12 89 x10 </args>
      <args> x11 15 x12 x12 89 x11 </args>
      <args> x10 15 x13 x13 89 x10 </args>
      <args> x10 15 x14 x14 70 x10 </args>
      <args> x11 15 x14 x14 70 x11 </args>
      <args> x10 15 x15 x15 70 x10 </args>
      <args> x12 89 x14 x14 70 x12 </args>
      <args> x13 89 x14 x14 70 x13 </args>
      <args> x12 89 x15 x15 70 x12 </args>
      <args> x16 38 x18 x18 19 x16 </args>
      <args> x17 38 x18 x18 19 x17 </args>
      <args> x16 38 x19 x19 19 x16 </args>
      <args> x16 38 x20 x20 28 x16 </args>
      <args> x17 38 x20 x20 28 x17 </args>
      <args> x16 38 x21 x21 28 x16 </args>
      <args> x16 38 x22 x22 87 x16 </args>
      <args> x17 38 x22 x22 87 x17 </args>
      <args> x16 38 x23 x23 87 x16 </args>
      <args> x18 19 x20 x20 28 x18 </args>
      <args> x19 19 x20 x20 28 x19 </args>
      <args> x18 19 x21 x21 28 x18 </args>
      <args> x18 19 x22 x22 87 x18 </args>
      <args> x19 19 x22 x22 87 x19 </args>
      <args> x18 19 x23 x23 87 x18 </args>
      <args> x20 28 x22 x22 87 x20 </args>
      <args> x21 28 x22 x22 87 x21 </args>
      <args> x20 28 x23 x23 87 x20 </args>
      <args> x24 95 x26 x26 34 x24 </args>
      <args> x25 95 x26 x26 34 x25 </args>
      <args> x24 95 x27 x27 34 x24 </args>
      <args> x24 95 x28 x28 7 x24 </args>
      <args> x25 95 x28 x28 7 x25 </args>
      <args> x24 95 x29 x29 7 x24 </args>
      <args> x24 95 x30 x30 29 x24 </args>
      <args> x25 95 x30 x30 29 x25 </args>
      <args> x24 95 x31 x31 29 x24 </args>
      <args> x26 34 x28 x28 7 x26 </args>
      <args> x27 34 x28 x28 7 x27 </args>
      <args> x26 34 x29 x29 7 x26 </args>
      <args> x26 34 x30 x30 29 x26 </args>
      <args> x27 34 x30 x30 29 x27 </args>
      <args> x26 34 x31 x31 29 x26 </args>
      <args> x28 7 x30 x30 29 x28 </args>
      <args> x29 7 x30 x30 29 x29 </args>
      <args> x28 7 x31 x31 29 x28 </args>
    </group>
    <group>
      <intension> ne(%0,%1) </intension>
      <args> x0 x1 </args>
      <args> x2 x3 </args>
      <args> x4 x5 </args>
      <args> x6 x7 </args>
      <args> x8 x9 </args>
      <args> x10 x11 </args>
      <args> x12 x13 </args>
      <args> x14 x15 </args>
      <args> x16 x17 </args>
      <args> x18 x19 </args>
      <args> x20 x21 </args>
      <args> x22 x23 </args>
      <args> x24 x25 </args>
      <args> x26 x27 </args>
      <args> x28 x29 </args>
      <args> x30 x31 </args>
    </group>
  </constraints>
</instance>
