<instance format="XCSP3" type="CSP">
  <variables>
    <var id="x0"> 0..220 </var>
    <var id="x1"> 0..220 </var>
    <var id="x2"> 0..260 </var>
    <var id="x3"> 0..260 </var>
    <var id="x4"> 0..246 </var>
    <var id="x5"> 0..246 </var>
    <var id="x6"> 0..245 </var>
    <var id="x7"> 0..245 </var>
    <var id="x8"> 0..263 </var>
    <var id="x9"> 0..263 </var>
    <var id="x10"> 0..218 </var>
    <var id="x11"> 0..218 </var>
    <var id="x12"> 0..237 </var>
    <var id="x13"> 0..237 </var>
    <var id="x14"> 0..284 </var>
    <var id="x15"> 0..284 </var>
    <var id="x16"> 0..283 </var>
    <var id="x17"> 0..283 </var>
    <var id="x18"> 0..216 </var>
    <var id="x19"> 0..216 </var>
    <var id="x20"> 0..262 </var>
    <var id="x21"> 0..262 </var>
    <var id="x22"> 0..217 </var>
    <var id="x23"> 0..217 </var>
    <var id="x24"> 0..267 </var>
    <var id="x25"> 0..267 </var>
    <var id="x26"> 0..234 </var>
    <var id="x27"> 0..234 </var>
    <var id="x28"> 0..223 </var>
    <var id="x29"> 0..223 </var>
    <var id="x30"> 0..245 </var>
    <var id="x31"> 0..245 </var>
  </variables>
  <constraints>
    <group>
      <intension> or(le(add(%0,%1),%2),le(add(%3,%4),%5)) </intension>
      <args> x0 90 x12 x12 73 x0 </args>
      <args> x1 90 x12 x12 73 x1 </args>
      <args> x0 90 x13 x13 73 x0 </args>
      <args> x0 90 x20 x20 48 x0 </args>
      <args> x1 90 x20 x20 48 x1 </args>
      <args> x0 90 x21 x21 48 x0 </args>
      <args> x0 90 x26 x26 76 x0 </args>
      <args> x1 90 x26 x26 76 x1 </args>
      <args> x0 90 x27 x27 76 x0 </args>
      <args> x12 73 x20 x20 48 x12 </args>
      <args> x13 73 x20 x20 48 x13 </args>
      <args> x12 73 x21 x21 48 x12 </args>
      <args> x12 73 x26 x26 76 x12 </args>
      <args> x13 73 x26 x26 76 x13 </args>
      <args> x12 73 x27 x27 76 x12 </args>
      <args> x20 48 x26 x26 76 x20 </args>
      <args> x21 48 x26 x26 76 x21 </args>
      <args> x20 48 x27 x27 76 x20 </args>
      <args> x4 64 x14 x14 26 x4 </args>
      <args> x5 64 x14 x14 26 x5 </args>
      <args> x4 64 x15 x15 26 x4 </args>
      <args> x4 64 x18 x18 94 x4 </args>
      <args> x5 64 x18 x18 94 x5 </args>
      <args> x4 64 x19 x19 94 x4 </args>
      <args> x4 64 x28 x28 87 x4 </args>
      <args> x5 64 x28 x28 87 x5 </args>
      <args> x4 64 x29 x29 87 x4 </args>
      <args> x14 26 x18 x18 94 x14 </args>
      <args> x15 26 x18 x18 94 x15 </args>
      <args> x14 26 x19 x19 94 x14 </args>
      <args> x14 26 x28 x28 87 x14 </args>
      <args> x15 26 x28 x28 87 x15 </args>
      <args> x14 26 x29 x29 87 x14 </args>
      <args> x18 94 x28 x28 87 x18 </args>
      <args> x19 94 x28 x28 87 x19 </args>
      <args> x18 94 x29 x29 87 x18 </args>
      <args> x2 50 x10 x10 92 x2 </args>
      <args> x3 50 x10 x10 92 x3 </args>
      <args> x2 50 x11 x11 92 x2 </args>
      <args> x2 50 x22 x22 93 x2 </args>
      <args> x3 50 x22 x22 93 x3 </args>
      <args> x2 50 x23 x23 93 x2 </args>
      <args> x2 50 x24 x24 43 x2 </args>
      <args> x3 50 x24 x24 43 x3 </args>
      <args> x2 50 x25 x25 43 x2 </args>
      <args> x10 92 x22 x22 93 x10 </args>
      <args> x11 92 x22 x22 93 x11 </args>
      <args> x10 92 x23 x23 93 x10 </args>
      <args> x10 92 x24 x24 43 x10 </args>
      <args> x11 92 x24 x24 43 x11 </args>
      <args> x10 92 x25 x25 43 x10 </args>
      <args> x22 93 x24 x24 43 x22 </args>
      <args> x23 93 x24 x24 43 x23 </args>
      <args> x22 93 x25 x25 43 x22 </args>
      <args> x6 65 x8 x8 47 x6 </args>
      <args> x7 65 x8 x8 47 x7 </args>
      <args> x6 65 x9 x9 47 x6 </args>
      <args> x6 65 x16 x16 27 x6 </args>
      <args> x7 65 x16 x16 27 x7 </args>
      <args> x6 65 x17 x17 27 x6 </args>
      <args> x6 65 x30 x30 65 x6 </args>
      <args> x7 65 x30 x30 65 x7 </args>
      <args> x6 65 x31 x31 65 x6 </args>
      <args> x8 47 x16 x16 27 x8 </args>
      <args> x9 47 x16 x16 27 x9 </args>
      <args> x8 47 x17 x17 27 x8 </args>
      <args> x8 47 x30 x30 65 x8 </args>
      <args> x9 47 x30 x30 65 x9 </args>
      <args> x8 47 x31 x31 65 x8 </args>
      <args> x16 27 x30 x30 65 x16 </args>
      <args> x17 27 x30 x30 65 x17 </args>
      <args> x16 27 x31 x31 65 x16 </args>
      <args> x0 90 x2 x2 50 x0 </args>
      <args> x1 90 x2 x2 50 x1 </args>
      <args> x0 90 x3 x3 50 x0 </args>
      <args> x0 90 x4 x4 64 x0 </args>
      <args> x1 90 x4 x4 64 x1 </args>
      <args> x0 90 x5 x5 64 x0 </args>
      <args> x0 90 x6 x6 65 x0 </args>
      <args> x1 90 x6 x6 65 x1 </args>
      <args> x0 90 x7 x7 65 x0 </args>
      <args> x2 50 x4 x4 64 x2 </args>
      <args> x3 50 x4 x4 64 x3 </args>
      <args> x2 50 x5 x5 64 x2 </args>
      <args> x2 50 x6 x6 65 x2 </args>
      <args> x3 50 x6 x6 65 x3 </args>
      <args> x2 50 x7 x7 65 x2 </args>
      <args> x4 64 x6 x6 65 x4 </args>
      <args> x5 64 x6 x6 65 x5 </args>
      <args> x4 64 x7 x7 65 x4 </args>
      <args> x8 47 x10 x10 92 x8 </args>
      <args> x9 47 x10 x10 92 x9 </args>
      <args> x8 47 x11 x11 92 x8 </args>
      <args> x8 47 x12 x12 73 x8 </args>
      <args> x9 47 x12 x12 73 x9 </args>
      <args> x8 47 x13 x13 73 x8 </args>
      <args> x8 47 x14 x14 26 x8 </args>
      <args> x9 47 x14 x14 26 x9 </args>
      <args> x8 47 x15 x15 26 x8 </args>
      <args> x10 92 x12 x12 73 x10 </args>
      <args> x11 92 x12 x12 73 x11 </args>
      <args> x10 92 x13 x13 73 x10 </args>
      <args> x10 92 x14 x14 26 x10 </args>
      <args> x11 92 x14 x14 26 x11 </args>
      <args> x10 92 x15 x15 26 x10 </args>
      <args> x12 73 x14 x14 26 x12 </args>
      <args> x13 73 x14 x14 26 x13 </args>
      <args> x12 73 x15 x15 26 x12 </args>
      <args> x16 27 x18 x18 94 x16 </args>
      <args> x17 27 x18 x18 94 x17 </args>
      <args> x16 27 x19 x19 94 x16 </args>
      <args> x16 27 x20 x20 48 x16 </args>
      <args> x17 27 x20 x20 48 x17 </args>
      <args> x16 27 x21 x21 48 x16 </args>
      <args> x16 27 x22 x22 93 x16 </args>
      <args> x17 27 x22 x22 93 x17 </args>
      <args> x16 27 x23 x23 93 x16 </args>
      <args> x18 94 x20 x20 48 x18 </args>
      <args> x19 94 x20 x20 48 x19 </args>
      <args> x18 94 x21 x21 48 x18 </args>
      <args> x18 94 x22 x22 93 x18 </args>
      <args> x19 94 x22 x22 93 x19 </args>
      <args> x18 94 x23 x23 93 x18 </args>
      <args> x20 48 x22 x22 93 x20 </args>
      <args> x21 48 x22 x22 93 x21 </args>
      <args> x20 48 x23 x23 93 x20 </args>
      <args> x24 43 x26 x26 76 x24 </args>
      <args> x25 43 x26 x26 76 x25 </args>
      <args> x24 43 x27 x27 76 x24 </args>
      <args> x24 43 x28 x28 87 x24 </args>
      <args> x25 43 x28 x28 87 x25 </args>
      <args> x24 43 x29 x29 87 x24 </args>
      <args> x24 43 x30 x30 65 x24 </args>
      <args> x25 43 x30 x30 65 x25 </args>
      <args> x24 43 x31 x31 65 x24 </args>
      <args> x26 76 x28 x28 87 x26 </args>
      <args> x27 76 x28 x28 87 x27 </args>
      <args> x26 76 x29 x29 87 x26 </args>
      <args> x26 76 x30 x30 65 x26 </args>
      <args> x27 76 x30 x30 65 x27 </args>
      <args> x26 76 x31 x31 65 x26 </args>
      <args> x28 87 x30 x30 65 x28 </args>
      <args> x29 87 x30 x30 65 x29 </args>
      <args> x28 87 x31 x31 65 x28 </args>
    </group>
    <group>
      <intension> ne(%0,%1) </intension>
      <args> x0 x1 </args>
      <args> x2 x3 </args>
      <args> x4 x5 </args>
      <args> x6 x7 </args>
      <args> x8 x9 </args>
      <args> x10 x11 </args>
      <args> x12 x13 </args>
      <args> x14 x15 </args>
      <args> x16 x17 </args>
      <args> x18 x19 </args>
      <args> x20 x21 </args>
      <args> x22 x23 </args>
      <args> x24 x25 </args>
      <args> x26 x27 </args>
      <args> x28 x29 </args>
      <args> x30 x31 </args>
    </group>
  </constraints>
</instance>
