<instance format="XCSP3" type="CSP">
  <variables>
    <array id="x" size="[40]"> 1..20 </array>
  </variables>
  <constraints>
    <group>
      <intension> and(ne(%0,%1),ne(abs(sub(%2,%3)),%4)) </intension>
      <args> x[0] x[2] x[0] x[2] 1 </args>
      <args> x[1] x[2] x[1] x[2] 1 </args>
      <args> x[0] x[3] x[0] x[3] 1 </args>
      <args> x[0] x[4] x[0] x[4] 2 </args>
      <args> x[1] x[4] x[1] x[4] 2 </args>
      <args> x[0] x[5] x[0] x[5] 2 </args>
      <args> x[0] x[6] x[0] x[6] 3 </args>
      <args> x[1] x[6] x[1] x[6] 3 </args>
      <args> x[0] x[7] x[0] x[7] 3 </args>
      <args> x[0] x[8] x[0] x[8] 4 </args>
      <args> x[1] x[8] x[1] x[8] 4 </args>
      <args> x[0] x[9] x[0] x[9] 4 </args>
      <args> x[0] x[10] x[0] x[10] 5 </args>
      <args> x[1] x[10] x[1] x[10] 5 </args>
      <args> x[0] x[11] x[0] x[11] 5 </args>
      <args> x[0] x[12] x[0] x[12] 6 </args>
      <args> x[1] x[12] x[1] x[12] 6 </args>
      <args> x[0] x[13] x[0] x[13] 6 </args>
      <args> x[0] x[14] x[0] x[14] 7 </args>
      <args> x[1] x[14] x[1] x[14] 7 </args>
      <args> x[0] x[15] x[0] x[15] 7 </args>
      <args> x[0] x[16] x[0] x[16] 8 </args>
      <args> x[1] x[16] x[1] x[16] 8 </args>
      <args> x[0] x[17] x[0] x[17] 8 </args>
      <args> x[0] x[18] x[0] x[18] 9 </args>
      <args> x[1] x[18] x[1] x[18] 9 </args>
      <args> x[0] x[19] x[0] x[19] 9 </args>
      <args> x[0] x[20] x[0] x[20] 10 </args>
      <args> x[1] x[20] x[1] x[20] 10 </args>
      <args> x[0] x[21] x[0] x[21] 10 </args>
      <args> x[0] x[22] x[0] x[22] 11 </args>
      <args> x[1] x[22] x[1] x[22] 11 </args>
      <args> x[0] x[23] x[0] x[23] 11 </args>
      <args> x[0] x[24] x[0] x[24] 12 </args>
      <args> x[1] x[24] x[1] x[24] 12 </args>
      <args> x[0] x[25] x[0] x[25] 12 </args>
      <args> x[0] x[26] x[0] x[26] 13 </args>
      <args> x[1] x[26] x[1] x[26] 13 </args>
      <args> x[0] x[27] x[0] x[27] 13 </args>
      <args> x[0] x[28] x[0] x[28] 14 </args>
      <args> x[1] x[28] x[1] x[28] 14 </args>
      <args> x[0] x[29] x[0] x[29] 14 </args>
      <args> x[0] x[30] x[0] x[30] 15 </args>
      <args> x[1] x[30] x[1] x[30] 15 </args>
      <args> x[0] x[31] x[0] x[31] 15 </args>
      <args> x[0] x[32] x[0] x[32] 16 </args>
      <args> x[1] x[32] x[1] x[32] 16 </args>
      <args> x[0] x[33] x[0] x[33] 16 </args>
      <args> x[0] x[34] x[0] x[34] 17 </args>
      <args> x[1] x[34] x[1] x[34] 17 </args>
      <args> x[0] x[35] x[0] x[35] 17 </args>
      <args> x[0] x[36] x[0] x[36] 18 </args>
      <args> x[1] x[36] x[1] x[36] 18 </args>
      <args> x[0] x[37] x[0] x[37] 18 </args>
      <args> x[0] x[38] x[0] x[38] 19 </args>
      <args> x[1] x[38] x[1] x[38] 19 </args>
      <args> x[0] x[39] x[0] x[39] 19 </args>
      <args> x[2] x[4] x[2] x[4] 1 </args>
      <args> x[3] x[4] x[3] x[4] 1 </args>
      <args> x[2] x[5] x[2] x[5] 1 </args>
      <args> x[2] x[6] x[2] x[6] 2 </args>
      <args> x[3] x[6] x[3] x[6] 2 </args>
      <args> x[2] x[7] x[2] x[7] 2 </args>
      <args> x[2] x[8] x[2] x[8] 3 </args>
      <args> x[3] x[8] x[3] x[8] 3 </args>
      <args> x[2] x[9] x[2] x[9] 3 </args>
      <args> x[2] x[10] x[2] x[10] 4 </args>
      <args> x[3] x[10] x[3] x[10] 4 </args>
      <args> x[2] x[11] x[2] x[11] 4 </args>
      <args> x[2] x[12] x[2] x[12] 5 </args>
      <args> x[3] x[12] x[3] x[12] 5 </args>
      <args> x[2] x[13] x[2] x[13] 5 </args>
      <args> x[2] x[14] x[2] x[14] 6 </args>
      <args> x[3] x[14] x[3] x[14] 6 </args>
      <args> x[2] x[15] x[2] x[15] 6 </args>
      <args> x[2] x[16] x[2] x[16] 7 </args>
      <args> x[3] x[16] x[3] x[16] 7 </args>
      <args> x[2] x[17] x[2] x[17] 7 </args>
      <args> x[2] x[18] x[2] x[18] 8 </args>
      <args> x[3] x[18] x[3] x[18] 8 </args>
      <args> x[2] x[19] x[2] x[19] 8 </args>
      <args> x[2] x[20] x[2] x[20] 9 </args>
      <args> x[3] x[20] x[3] x[20] 9 </args>
      <args> x[2] x[21] x[2] x[21] 9 </args>
      <args> x[2] x[22] x[2] x[22] 10 </args>
      <args> x[3] x[22] x[3] x[22] 10 </args>
      <args> x[2] x[23] x[2] x[23] 10 </args>
      <args> x[2] x[24] x[2] x[24] 11 </args>
      <args> x[3] x[24] x[3] x[24] 11 </args>
      <args> x[2] x[25] x[2] x[25] 11 </args>
      <args> x[2] x[26] x[2] x[26] 12 </args>
      <args> x[3] x[26] x[3] x[26] 12 </args>
      <args> x[2] x[27] x[2] x[27] 12 </args>
      <args> x[2] x[28] x[2] x[28] 13 </args>
      <args> x[3] x[28] x[3] x[28] 13 </args>
      <args> x[2] x[29] x[2] x[29] 13 </args>
      <args> x[2] x[30] x[2] x[30] 14 </args>
      <args> x[3] x[30] x[3] x[30] 14 </args>
      <args> x[2] x[31] x[2] x[31] 14 </args>
      <args> x[2] x[32] x[2] x[32] 15 </args>
      <args> x[3] x[32] x[3] x[32] 15 </args>
      <args> x[2] x[33] x[2] x[33] 15 </args>
      <args> x[2] x[34] x[2] x[34] 16 </args>
      <args> x[3] x[34] x[3] x[34] 16 </args>
      <args> x[2] x[35] x[2] x[35] 16 </args>
      <args> x[2] x[36] x[2] x[36] 17 </args>
      <args> x[3] x[36] x[3] x[36] 17 </args>
      <args> x[2] x[37] x[2] x[37] 17 </args>
      <args> x[2] x[38] x[2] x[38] 18 </args>
      <args> x[3] x[38] x[3] x[38] 18 </args>
      <args> x[2] x[39] x[2] x[39] 18 </args>
      <args> x[4] x[6] x[4] x[6] 1 </args>
      <args> x[5] x[6] x[5] x[6] 1 </args>
      <args> x[4] x[7] x[4] x[7] 1 </args>
      <args> x[4] x[8] x[4] x[8] 2 </args>
      <args> x[5] x[8] x[5] x[8] 2 </args>
      <args> x[4] x[9] x[4] x[9] 2 </args>
      <args> x[4] x[10] x[4] x[10] 3 </args>
      <args> x[5] x[10] x[5] x[10] 3 </args>
      <args> x[4] x[11] x[4] x[11] 3 </args>
      <args> x[4] x[12] x[4] x[12] 4 </args>
      <args> x[5] x[12] x[5] x[12] 4 </args>
      <args> x[4] x[13] x[4] x[13] 4 </args>
      <args> x[4] x[14] x[4] x[14] 5 </args>
      <args> x[5] x[14] x[5] x[14] 5 </args>
      <args> x[4] x[15] x[4] x[15] 5 </args>
      <args> x[4] x[16] x[4] x[16] 6 </args>
      <args> x[5] x[16] x[5] x[16] 6 </args>
      <args> x[4] x[17] x[4] x[17] 6 </args>
      <args> x[4] x[18] x[4] x[18] 7 </args>
      <args> x[5] x[18] x[5] x[18] 7 </args>
      <args> x[4] x[19] x[4] x[19] 7 </args>
      <args> x[4] x[20] x[4] x[20] 8 </args>
      <args> x[5] x[20] x[5] x[20] 8 </args>
      <args> x[4] x[21] x[4] x[21] 8 </args>
      <args> x[4] x[22] x[4] x[22] 9 </args>
      <args> x[5] x[22] x[5] x[22] 9 </args>
      <args> x[4] x[23] x[4] x[23] 9 </args>
      <args> x[4] x[24] x[4] x[24] 10 </args>
      <args> x[5] x[24] x[5] x[24] 10 </args>
      <args> x[4] x[25] x[4] x[25] 10 </args>
      <args> x[4] x[26] x[4] x[26] 11 </args>
      <args> x[5] x[26] x[5] x[26] 11 </args>
      <args> x[4] x[27] x[4] x[27] 11 </args>
      <args> x[4] x[28] x[4] x[28] 12 </args>
      <args> x[5] x[28] x[5] x[28] 12 </args>
      <args> x[4] x[29] x[4] x[29] 12 </args>
      <args> x[4] x[30] x[4] x[30] 13 </args>
      <args> x[5] x[30] x[5] x[30] 13 </args>
      <args> x[4] x[31] x[4] x[31] 13 </args>
      <args> x[4] x[32] x[4] x[32] 14 </args>
      <args> x[5] x[32] x[5] x[32] 14 </args>
      <args> x[4] x[33] x[4] x[33] 14 </args>
      <args> x[4] x[34] x[4] x[34] 15 </args>
      <args> x[5] x[34] x[5] x[34] 15 </args>
      <args> x[4] x[35] x[4] x[35] 15 </args>
      <args> x[4] x[36] x[4] x[36] 16 </args>
      <args> x[5] x[36] x[5] x[36] 16 </args>
      <args> x[4] x[37] x[4] x[37] 16 </args>
      <args> x[4] x[38] x[4] x[38] 17 </args>
      <args> x[5] x[38] x[5] x[38] 17 </args>
      <args> x[4] x[39] x[4] x[39] 17 </args>
      <args> x[6] x[8] x[6] x[8] 1 </args>
      <args> x[7] x[8] x[7] x[8] 1 </args>
      <args> x[6] x[9] x[6] x[9] 1 </args>
      <args> x[6] x[10] x[6] x[10] 2 </args>
      <args> x[7] x[10] x[7] x[10] 2 </args>
      <args> x[6] x[11] x[6] x[11] 2 </args>
      <args> x[6] x[12] x[6] x[12] 3 </args>
      <args> x[7] x[12] x[7] x[12] 3 </args>
      <args> x[6] x[13] x[6] x[13] 3 </args>
      <args> x[6] x[14] x[6] x[14] 4 </args>
      <args> x[7] x[14] x[7] x[14] 4 </args>
      <args> x[6] x[15] x[6] x[15] 4 </args>
      <args> x[6] x[16] x[6] x[16] 5 </args>
      <args> x[7] x[16] x[7] x[16] 5 </args>
      <args> x[6] x[17] x[6] x[17] 5 </args>
      <args> x[6] x[18] x[6] x[18] 6 </args>
      <args> x[7] x[18] x[7] x[18] 6 </args>
      <args> x[6] x[19] x[6] x[19] 6 </args>
      <args> x[6] x[20] x[6] x[20] 7 </args>
      <args> x[7] x[20] x[7] x[20] 7 </args>
      <args> x[6] x[21] x[6] x[21] 7 </args>
      <args> x[6] x[22] x[6] x[22] 8 </args>
      <args> x[7] x[22] x[7] x[22] 8 </args>
      <args> x[6] x[23] x[6] x[23] 8 </args>
      <args> x[6] x[24] x[6] x[24] 9 </args>
      <args> x[7] x[24] x[7] x[24] 9 </args>
      <args> x[6] x[25] x[6] x[25] 9 </args>
      <args> x[6] x[26] x[6] x[26] 10 </args>
      <args> x[7] x[26] x[7] x[26] 10 </args>
      <args> x[6] x[27] x[6] x[27] 10 </args>
      <args> x[6] x[28] x[6] x[28] 11 </args>
      <args> x[7] x[28] x[7] x[28] 11 </args>
      <args> x[6] x[29] x[6] x[29] 11 </args>
      <args> x[6] x[30] x[6] x[30] 12 </args>
      <args> x[7] x[30] x[7] x[30] 12 </args>
      <args> x[6] x[31] x[6] x[31] 12 </args>
      <args> x[6] x[32] x[6] x[32] 13 </args>
      <args> x[7] x[32] x[7] x[32] 13 </args>
      <args> x[6] x[33] x[6] x[33] 13 </args>
      <args> x[6] x[34] x[6] x[34] 14 </args>
      <args> x[7] x[34] x[7] x[34] 14 </args>
      <args> x[6] x[35] x[6] x[35] 14 </args>
      <args> x[6] x[36] x[6] x[36] 15 </args>
      <args> x[7] x[36] x[7] x[36] 15 </args>
      <args> x[6] x[37] x[6] x[37] 15 </args>
      <args> x[6] x[38] x[6] x[38] 16 </args>
      <args> x[7] x[38] x[7] x[38] 16 </args>
      <args> x[6] x[39] x[6] x[39] 16 </args>
      <args> x[8] x[10] x[8] x[10] 1 </args>
      <args> x[9] x[10] x[9] x[10] 1 </args>
      <args> x[8] x[11] x[8] x[11] 1 </args>
      <args> x[8] x[12] x[8] x[12] 2 </args>
      <args> x[9] x[12] x[9] x[12] 2 </args>
      <args> x[8] x[13] x[8] x[13] 2 </args>
      <args> x[8] x[14] x[8] x[14] 3 </args>
      <args> x[9] x[14] x[9] x[14] 3 </args>
      <args> x[8] x[15] x[8] x[15] 3 </args>
      <args> x[8] x[16] x[8] x[16] 4 </args>
      <args> x[9] x[16] x[9] x[16] 4 </args>
      <args> x[8] x[17] x[8] x[17] 4 </args>
      <args> x[8] x[18] x[8] x[18] 5 </args>
      <args> x[9] x[18] x[9] x[18] 5 </args>
      <args> x[8] x[19] x[8] x[19] 5 </args>
      <args> x[8] x[20] x[8] x[20] 6 </args>
      <args> x[9] x[20] x[9] x[20] 6 </args>
      <args> x[8] x[21] x[8] x[21] 6 </args>
      <args> x[8] x[22] x[8] x[22] 7 </args>
      <args> x[9] x[22] x[9] x[22] 7 </args>
      <args> x[8] x[23] x[8] x[23] 7 </args>
      <args> x[8] x[24] x[8] x[24] 8 </args>
      <args> x[9] x[24] x[9] x[24] 8 </args>
      <args> x[8] x[25] x[8] x[25] 8 </args>
      <args> x[8] x[26] x[8] x[26] 9 </args>
      <args> x[9] x[26] x[9] x[26] 9 </args>
      <args> x[8] x[27] x[8] x[27] 9 </args>
      <args> x[8] x[28] x[8] x[28] 10 </args>
      <args> x[9] x[28] x[9] x[28] 10 </args>
      <args> x[8] x[29] x[8] x[29] 10 </args>
      <args> x[8] x[30] x[8] x[30] 11 </args>
      <args> x[9] x[30] x[9] x[30] 11 </args>
      <args> x[8] x[31] x[8] x[31] 11 </args>
      <args> x[8] x[32] x[8] x[32] 12 </args>
      <args> x[9] x[32] x[9] x[32] 12 </args>
      <args> x[8] x[33] x[8] x[33] 12 </args>
      <args> x[8] x[34] x[8] x[34] 13 </args>
      <args> x[9] x[34] x[9] x[34] 13 </args>
      <args> x[8] x[35] x[8] x[35] 13 </args>
      <args> x[8] x[36] x[8] x[36] 14 </args>
      <args> x[9] x[36] x[9] x[36] 14 </args>
      <args> x[8] x[37] x[8] x[37] 14 </args>
      <args> x[8] x[38] x[8] x[38] 15 </args>
      <args> x[9] x[38] x[9] x[38] 15 </args>
      <args> x[8] x[39] x[8] x[39] 15 </args>
      <args> x[10] x[12] x[10] x[12] 1 </args>
      <args> x[11] x[12] x[11] x[12] 1 </args>
      <args> x[10] x[13] x[10] x[13] 1 </args>
      <args> x[10] x[14] x[10] x[14] 2 </args>
      <args> x[11] x[14] x[11] x[14] 2 </args>
      <args> x[10] x[15] x[10] x[15] 2 </args>
      <args> x[10] x[16] x[10] x[16] 3 </args>
      <args> x[11] x[16] x[11] x[16] 3 </args>
      <args> x[10] x[17] x[10] x[17] 3 </args>
      <args> x[10] x[18] x[10] x[18] 4 </args>
      <args> x[11] x[18] x[11] x[18] 4 </args>
      <args> x[10] x[19] x[10] x[19] 4 </args>
      <args> x[10] x[20] x[10] x[20] 5 </args>
      <args> x[11] x[20] x[11] x[20] 5 </args>
      <args> x[10] x[21] x[10] x[21] 5 </args>
      <args> x[10] x[22] x[10] x[22] 6 </args>
      <args> x[11] x[22] x[11] x[22] 6 </args>
      <args> x[10] x[23] x[10] x[23] 6 </args>
      <args> x[10] x[24] x[10] x[24] 7 </args>
      <args> x[11] x[24] x[11] x[24] 7 </args>
      <args> x[10] x[25] x[10] x[25] 7 </args>
      <args> x[10] x[26] x[10] x[26] 8 </args>
      <args> x[11] x[26] x[11] x[26] 8 </args>
      <args> x[10] x[27] x[10] x[27] 8 </args>
      <args> x[10] x[28] x[10] x[28] 9 </args>
      <args> x[11] x[28] x[11] x[28] 9 </args>
      <args> x[10] x[29] x[10] x[29] 9 </args>
      <args> x[10] x[30] x[10] x[30] 10 </args>
      <args> x[11] x[30] x[11] x[30] 10 </args>
      <args> x[10] x[31] x[10] x[31] 10 </args>
      <args> x[10] x[32] x[10] x[32] 11 </args>
      <args> x[11] x[32] x[11] x[32] 11 </args>
      <args> x[10] x[33] x[10] x[33] 11 </args>
      <args> x[10] x[34] x[10] x[34] 12 </args>
      <args> x[11] x[34] x[11] x[34] 12 </args>
      <args> x[10] x[35] x[10] x[35] 12 </args>
      <args> x[10] x[36] x[10] x[36] 13 </args>
      <args> x[11] x[36] x[11] x[36] 13 </args>
      <args> x[10] x[37] x[10] x[37] 13 </args>
      <args> x[10] x[38] x[10] x[38] 14 </args>
      <args> x[11] x[38] x[11] x[38] 14 </args>
      <args> x[10] x[39] x[10] x[39] 14 </args>
      <args> x[12] x[14] x[12] x[14] 1 </args>
      <args> x[13] x[14] x[13] x[14] 1 </args>
      <args> x[12] x[15] x[12] x[15] 1 </args>
      <args> x[12] x[16] x[12] x[16] 2 </args>
      <args> x[13] x[16] x[13] x[16] 2 </args>
      <args> x[12] x[17] x[12] x[17] 2 </args>
      <args> x[12] x[18] x[12] x[18] 3 </args>
      <args> x[13] x[18] x[13] x[18] 3 </args>
      <args> x[12] x[19] x[12] x[19] 3 </args>
      <args> x[12] x[20] x[12] x[20] 4 </args>
      <args> x[13] x[20] x[13] x[20] 4 </args>
      <args> x[12] x[21] x[12] x[21] 4 </args>
      <args> x[12] x[22] x[12] x[22] 5 </args>
      <args> x[13] x[22] x[13] x[22] 5 </args>
      <args> x[12] x[23] x[12] x[23] 5 </args>
      <args> x[12] x[24] x[12] x[24] 6 </args>
      <args> x[13] x[24] x[13] x[24] 6 </args>
      <args> x[12] x[25] x[12] x[25] 6 </args>
      <args> x[12] x[26] x[12] x[26] 7 </args>
      <args> x[13] x[26] x[13] x[26] 7 </args>
      <args> x[12] x[27] x[12] x[27] 7 </args>
      <args> x[12] x[28] x[12] x[28] 8 </args>
      <args> x[13] x[28] x[13] x[28] 8 </args>
      <args> x[12] x[29] x[12] x[29] 8 </args>
      <args> x[12] x[30] x[12] x[30] 9 </args>
      <args> x[13] x[30] x[13] x[30] 9 </args>
      <args> x[12] x[31] x[12] x[31] 9 </args>
      <args> x[12] x[32] x[12] x[32] 10 </args>
      <args> x[13] x[32] x[13] x[32] 10 </args>
      <args> x[12] x[33] x[12] x[33] 10 </args>
      <args> x[12] x[34] x[12] x[34] 11 </args>
      <args> x[13] x[34] x[13] x[34] 11 </args>
      <args> x[12] x[35] x[12] x[35] 11 </args>
      <args> x[12] x[36] x[12] x[36] 12 </args>
      <args> x[13] x[36] x[13] x[36] 12 </args>
      <args> x[12] x[37] x[12] x[37] 12 </args>
      <args> x[12] x[38] x[12] x[38] 13 </args>
      <args> x[13] x[38] x[13] x[38] 13 </args>
      <args> x[12] x[39] x[12] x[39] 13 </args>
      <args> x[14] x[16] x[14] x[16] 1 </args>
      <args> x[15] x[16] x[15] x[16] 1 </args>
      <args> x[14] x[17] x[14] x[17] 1 </args>
      <args> x[14] x[18] x[14] x[18] 2 </args>
      <args> x[15] x[18] x[15] x[18] 2 </args>
      <args> x[14] x[19] x[14] x[19] 2 </args>
      <args> x[14] x[20] x[14] x[20] 3 </args>
      <args> x[15] x[20] x[15] x[20] 3 </args>
      <args> x[14] x[21] x[14] x[21] 3 </args>
      <args> x[14] x[22] x[14] x[22] 4 </args>
      <args> x[15] x[22] x[15] x[22] 4 </args>
      <args> x[14] x[23] x[14] x[23] 4 </args>
      <args> x[14] x[24] x[14] x[24] 5 </args>
      <args> x[15] x[24] x[15] x[24] 5 </args>
      <args> x[14] x[25] x[14] x[25] 5 </args>
      <args> x[14] x[26] x[14] x[26] 6 </args>
      <args> x[15] x[26] x[15] x[26] 6 </args>
      <args> x[14] x[27] x[14] x[27] 6 </args>
      <args> x[14] x[28] x[14] x[28] 7 </args>
      <args> x[15] x[28] x[15] x[28] 7 </args>
      <args> x[14] x[29] x[14] x[29] 7 </args>
      <args> x[14] x[30] x[14] x[30] 8 </args>
      <args> x[15] x[30] x[15] x[30] 8 </args>
      <args> x[14] x[31] x[14] x[31] 8 </args>
      <args> x[14] x[32] x[14] x[32] 9 </args>
      <args> x[15] x[32] x[15] x[32] 9 </args>
      <args> x[14] x[33] x[14] x[33] 9 </args>
      <args> x[14] x[34] x[14] x[34] 10 </args>
      <args> x[15] x[34] x[15] x[34] 10 </args>
      <args> x[14] x[35] x[14] x[35] 10 </args>
      <args> x[14] x[36] x[14] x[36] 11 </args>
      <args> x[15] x[36] x[15] x[36] 11 </args>
      <args> x[14] x[37] x[14] x[37] 11 </args>
      <args> x[14] x[38] x[14] x[38] 12 </args>
      <args> x[15] x[38] x[15] x[38] 12 </args>
      <args> x[14] x[39] x[14] x[39] 12 </args>
      <args> x[16] x[18] x[16] x[18] 1 </args>
      <args> x[17] x[18] x[17] x[18] 1 </args>
      <args> x[16] x[19] x[16] x[19] 1 </args>
      <args> x[16] x[20] x[16] x[20] 2 </args>
      <args> x[17] x[20] x[17] x[20] 2 </args>
      <args> x[16] x[21] x[16] x[21] 2 </args>
      <args> x[16] x[22] x[16] x[22] 3 </args>
      <args> x[17] x[22] x[17] x[22] 3 </args>
      <args> x[16] x[23] x[16] x[23] 3 </args>
      <args> x[16] x[24] x[16] x[24] 4 </args>
      <args> x[17] x[24] x[17] x[24] 4 </args>
      <args> x[16] x[25] x[16] x[25] 4 </args>
      <args> x[16] x[26] x[16] x[26] 5 </args>
      <args> x[17] x[26] x[17] x[26] 5 </args>
      <args> x[16] x[27] x[16] x[27] 5 </args>
      <args> x[16] x[28] x[16] x[28] 6 </args>
      <args> x[17] x[28] x[17] x[28] 6 </args>
      <args> x[16] x[29] x[16] x[29] 6 </args>
      <args> x[16] x[30] x[16] x[30] 7 </args>
      <args> x[17] x[30] x[17] x[30] 7 </args>
      <args> x[16] x[31] x[16] x[31] 7 </args>
      <args> x[16] x[32] x[16] x[32] 8 </args>
      <args> x[17] x[32] x[17] x[32] 8 </args>
      <args> x[16] x[33] x[16] x[33] 8 </args>
      <args> x[16] x[34] x[16] x[34] 9 </args>
      <args> x[17] x[34] x[17] x[34] 9 </args>
      <args> x[16] x[35] x[16] x[35] 9 </args>
      <args> x[16] x[36] x[16] x[36] 10 </args>
      <args> x[17] x[36] x[17] x[36] 10 </args>
      <args> x[16] x[37] x[16] x[37] 10 </args>
      <args> x[16] x[38] x[16] x[38] 11 </args>
      <args> x[17] x[38] x[17] x[38] 11 </args>
      <args> x[16] x[39] x[16] x[39] 11 </args>
      <args> x[18] x[20] x[18] x[20] 1 </args>
      <args> x[19] x[20] x[19] x[20] 1 </args>
      <args> x[18] x[21] x[18] x[21] 1 </args>
      <args> x[18] x[22] x[18] x[22] 2 </args>
      <args> x[19] x[22] x[19] x[22] 2 </args>
      <args> x[18] x[23] x[18] x[23] 2 </args>
      <args> x[18] x[24] x[18] x[24] 3 </args>
      <args> x[19] x[24] x[19] x[24] 3 </args>
      <args> x[18] x[25] x[18] x[25] 3 </args>
      <args> x[18] x[26] x[18] x[26] 4 </args>
      <args> x[19] x[26] x[19] x[26] 4 </args>
      <args> x[18] x[27] x[18] x[27] 4 </args>
      <args> x[18] x[28] x[18] x[28] 5 </args>
      <args> x[19] x[28] x[19] x[28] 5 </args>
      <args> x[18] x[29] x[18] x[29] 5 </args>
      <args> x[18] x[30] x[18] x[30] 6 </args>
      <args> x[19] x[30] x[19] x[30] 6 </args>
      <args> x[18] x[31] x[18] x[31] 6 </args>
      <args> x[18] x[32] x[18] x[32] 7 </args>
      <args> x[19] x[32] x[19] x[32] 7 </args>
      <args> x[18] x[33] x[18] x[33] 7 </args>
      <args> x[18] x[34] x[18] x[34] 8 </args>
      <args> x[19] x[34] x[19] x[34] 8 </args>
      <args> x[18] x[35] x[18] x[35] 8 </args>
      <args> x[18] x[36] x[18] x[36] 9 </args>
      <args> x[19] x[36] x[19] x[36] 9 </args>
      <args> x[18] x[37] x[18] x[37] 9 </args>
      <args> x[18] x[38] x[18] x[38] 10 </args>
      <args> x[19] x[38] x[19] x[38] 10 </args>
      <args> x[18] x[39] x[18] x[39] 10 </args>
      <args> x[20] x[22] x[20] x[22] 1 </args>
      <args> x[21] x[22] x[21] x[22] 1 </args>
      <args> x[20] x[23] x[20] x[23] 1 </args>
      <args> x[20] x[24] x[20] x[24] 2 </args>
      <args> x[21] x[24] x[21] x[24] 2 </args>
      <args> x[20] x[25] x[20] x[25] 2 </args>
      <args> x[20] x[26] x[20] x[26] 3 </args>
      <args> x[21] x[26] x[21] x[26] 3 </args>
      <args> x[20] x[27] x[20] x[27] 3 </args>
      <args> x[20] x[28] x[20] x[28] 4 </args>
      <args> x[21] x[28] x[21] x[28] 4 </args>
      <args> x[20] x[29] x[20] x[29] 4 </args>
      <args> x[20] x[30] x[20] x[30] 5 </args>
      <args> x[21] x[30] x[21] x[30] 5 </args>
      <args> x[20] x[31] x[20] x[31] 5 </args>
      <args> x[20] x[32] x[20] x[32] 6 </args>
      <args> x[21] x[32] x[21] x[32] 6 </args>
      <args> x[20] x[33] x[20] x[33] 6 </args>
      <args> x[20] x[34] x[20] x[34] 7 </args>
      <args> x[21] x[34] x[21] x[34] 7 </args>
      <args> x[20] x[35] x[20] x[35] 7 </args>
      <args> x[20] x[36] x[20] x[36] 8 </args>
      <args> x[21] x[36] x[21] x[36] 8 </args>
      <args> x[20] x[37] x[20] x[37] 8 </args>
      <args> x[20] x[38] x[20] x[38] 9 </args>
      <args> x[21] x[38] x[21] x[38] 9 </args>
      <args> x[20] x[39] x[20] x[39] 9 </args>
      <args> x[22] x[24] x[22] x[24] 1 </args>
      <args> x[23] x[24] x[23] x[24] 1 </args>
      <args> x[22] x[25] x[22] x[25] 1 </args>
      <args> x[22] x[26] x[22] x[26] 2 </args>
      <args> x[23] x[26] x[23] x[26] 2 </args>
      <args> x[22] x[27] x[22] x[27] 2 </args>
      <args> x[22] x[28] x[22] x[28] 3 </args>
      <args> x[23] x[28] x[23] x[28] 3 </args>
      <args> x[22] x[29] x[22] x[29] 3 </args>
      <args> x[22] x[30] x[22] x[30] 4 </args>
      <args> x[23] x[30] x[23] x[30] 4 </args>
      <args> x[22] x[31] x[22] x[31] 4 </args>
      <args> x[22] x[32] x[22] x[32] 5 </args>
      <args> x[23] x[32] x[23] x[32] 5 </args>
      <args> x[22] x[33] x[22] x[33] 5 </args>
      <args> x[22] x[34] x[22] x[34] 6 </args>
      <args> x[23] x[34] x[23] x[34] 6 </args>
      <args> x[22] x[35] x[22] x[35] 6 </args>
      <args> x[22] x[36] x[22] x[36] 7 </args>
      <args> x[23] x[36] x[23] x[36] 7 </args>
      <args> x[22] x[37] x[22] x[37] 7 </args>
      <args> x[22] x[38] x[22] x[38] 8 </args>
      <args> x[23] x[38] x[23] x[38] 8 </args>
      <args> x[22] x[39] x[22] x[39] 8 </args>
      <args> x[24] x[26] x[24] x[26] 1 </args>
      <args> x[25] x[26] x[25] x[26] 1 </args>
      <args> x[24] x[27] x[24] x[27] 1 </args>
      <args> x[24] x[28] x[24] x[28] 2 </args>
      <args> x[25] x[28] x[25] x[28] 2 </args>
      <args> x[24] x[29] x[24] x[29] 2 </args>
      <args> x[24] x[30] x[24] x[30] 3 </args>
      <args> x[25] x[30] x[25] x[30] 3 </args>
      <args> x[24] x[31] x[24] x[31] 3 </args>
      <args> x[24] x[32] x[24] x[32] 4 </args>
      <args> x[25] x[32] x[25] x[32] 4 </args>
      <args> x[24] x[33] x[24] x[33] 4 </args>
      <args> x[24] x[34] x[24] x[34] 5 </args>
      <args> x[25] x[34] x[25] x[34] 5 </args>
      <args> x[24] x[35] x[24] x[35] 5 </args>
      <args> x[24] x[36] x[24] x[36] 6 </args>
      <args> x[25] x[36] x[25] x[36] 6 </args>
      <args> x[24] x[37] x[24] x[37] 6 </args>
      <args> x[24] x[38] x[24] x[38] 7 </args>
      <args> x[25] x[38] x[25] x[38] 7 </args>
      <args> x[24] x[39] x[24] x[39] 7 </args>
      <args> x[26] x[28] x[26] x[28] 1 </args>
      <args> x[27] x[28] x[27] x[28] 1 </args>
      <args> x[26] x[29] x[26] x[29] 1 </args>
      <args> x[26] x[30] x[26] x[30] 2 </args>
      <args> x[27] x[30] x[27] x[30] 2 </args>
      <args> x[26] x[31] x[26] x[31] 2 </args>
      <args> x[26] x[32] x[26] x[32] 3 </args>
      <args> x[27] x[32] x[27] x[32] 3 </args>
      <args> x[26] x[33] x[26] x[33] 3 </args>
      <args> x[26] x[34] x[26] x[34] 4 </args>
      <args> x[27] x[34] x[27] x[34] 4 </args>
      <args> x[26] x[35] x[26] x[35] 4 </args>
      <args> x[26] x[36] x[26] x[36] 5 </args>
      <args> x[27] x[36] x[27] x[36] 5 </args>
      <args> x[26] x[37] x[26] x[37] 5 </args>
      <args> x[26] x[38] x[26] x[38] 6 </args>
      <args> x[27] x[38] x[27] x[38] 6 </args>
      <args> x[26] x[39] x[26] x[39] 6 </args>
      <args> x[28] x[30] x[28] x[30] 1 </args>
      <args> x[29] x[30] x[29] x[30] 1 </args>
      <args> x[28] x[31] x[28] x[31] 1 </args>
      <args> x[28] x[32] x[28] x[32] 2 </args>
      <args> x[29] x[32] x[29] x[32] 2 </args>
      <args> x[28] x[33] x[28] x[33] 2 </args>
      <args> x[28] x[34] x[28] x[34] 3 </args>
      <args> x[29] x[34] x[29] x[34] 3 </args>
      <args> x[28] x[35] x[28] x[35] 3 </args>
      <args> x[28] x[36] x[28] x[36] 4 </args>
      <args> x[29] x[36] x[29] x[36] 4 </args>
      <args> x[28] x[37] x[28] x[37] 4 </args>
      <args> x[28] x[38] x[28] x[38] 5 </args>
      <args> x[29] x[38] x[29] x[38] 5 </args>
      <args> x[28] x[39] x[28] x[39] 5 </args>
      <args> x[30] x[32] x[30] x[32] 1 </args>
      <args> x[31] x[32] x[31] x[32] 1 </args>
      <args> x[30] x[33] x[30] x[33] 1 </args>
      <args> x[30] x[34] x[30] x[34] 2 </args>
      <args> x[31] x[34] x[31] x[34] 2 </args>
      <args> x[30] x[35] x[30] x[35] 2 </args>
      <args> x[30] x[36] x[30] x[36] 3 </args>
      <args> x[31] x[36] x[31] x[36] 3 </args>
      <args> x[30] x[37] x[30] x[37] 3 </args>
      <args> x[30] x[38] x[30] x[38] 4 </args>
      <args> x[31] x[38] x[31] x[38] 4 </args>
      <args> x[30] x[39] x[30] x[39] 4 </args>
      <args> x[32] x[34] x[32] x[34] 1 </args>
      <args> x[33] x[34] x[33] x[34] 1 </args>
      <args> x[32] x[35] x[32] x[35] 1 </args>
      <args> x[32] x[36] x[32] x[36] 2 </args>
      <args> x[33] x[36] x[33] x[36] 2 </args>
      <args> x[32] x[37] x[32] x[37] 2 </args>
      <args> x[32] x[38] x[32] x[38] 3 </args>
      <args> x[33] x[38] x[33] x[38] 3 </args>
      <args> x[32] x[39] x[32] x[39] 3 </args>
      <args> x[34] x[36] x[34] x[36] 1 </args>
      <args> x[35] x[36] x[35] x[36] 1 </args>
      <args> x[34] x[37] x[34] x[37] 1 </args>
      <args> x[34] x[38] x[34] x[38] 2 </args>
      <args> x[35] x[38] x[35] x[38] 2 </args>
      <args> x[34] x[39] x[34] x[39] 2 </args>
      <args> x[36] x[38] x[36] x[38] 1 </args>
      <args> x[37] x[38] x[37] x[38] 1 </args>
      <args> x[36] x[39] x[36] x[39] 1 </args>
    </group>
    <group>
      <intension> ne(%0,%1) </intension>
      <args> x[0] x[1] </args>
      <args> x[2] x[3] </args>
      <args> x[4] x[5] </args>
      <args> x[6] x[7] </args>
      <args> x[8] x[9] </args>
      <args> x[10] x[11] </args>
      <args> x[12] x[13] </args>
      <args> x[14] x[15] </args>
      <args> x[16] x[17] </args>
      <args> x[18] x[19] </args>
      <args> x[20] x[21] </args>
      <args> x[22] x[23] </args>
      <args> x[24] x[25] </args>
      <args> x[26] x[27] </args>
      <args> x[28] x[29] </args>
      <args> x[30] x[31] </args>
      <args> x[32] x[33] </args>
      <args> x[34] x[35] </args>
      <args> x[36] x[37] </args>
      <args> x[38] x[39] </args>
    </group>
  </constraints>
</instance>
