<instance format="XCSP3" type="CSP">
  <variables>
    <var id="x0"> 0..182 </var>
    <var id="x1"> 0..182 </var>
    <var id="x2"> 0..108 </var>
    <var id="x3"> 0..108 </var>
    <var id="x4"> 0..174 </var>
    <var id="x5"> 0..174 </var>
    <var id="x6"> 0..134 </var>
    <var id="x7"> 0..134 </var>
    <var id="x8"> 0..113 </var>
    <var id="x9"> 0..113 </var>
    <var id="x10"> 0..161 </var>
    <var id="x11"> 0..161 </var>
    <var id="x12"> 0..148 </var>
    <var id="x13"> 0..148 </var>
    <var id="x14"> 0..151 </var>
    <var id="x15"> 0..151 </var>
    <var id="x16"> 0..134 </var>
    <var id="x17"> 0..134 </var>
    <var id="x18"> 0..183 </var>
    <var id="x19"> 0..183 </var>
    <var id="x20"> 0..135 </var>
    <var id="x21"> 0..135 </var>
    <var id="x22"> 0..172 </var>
    <var id="x23"> 0..172 </var>
    <var id="x24"> 0..125 </var>
    <var id="x25"> 0..125 </var>
    <var id="x26"> 0..186 </var>
    <var id="x27"> 0..186 </var>
    <var id="x28"> 0..127 </var>
    <var id="x29"> 0..127 </var>
    <var id="x30"> 0..129 </var>
    <var id="x31"> 0..129 </var>
  </variables>
  <constraints>
    <group>
      <intension> or(le(add(%0,%1),%2),le(add(%3,%4),%5)) </intension>
      <args> x6 57 x10 x10 30 x6 </args>
      <args> x7 57 x10 x10 30 x7 </args>
      <args> x6 57 x11 x11 30 x6 </args>
      <args> x6 57 x18 x18 8 x6 </args>
      <args> x7 57 x18 x18 8 x7 </args>
      <args> x6 57 x19 x19 8 x6 </args>
      <args> x6 57 x24 x24 66 x6 </args>
      <args> x7 57 x24 x24 66 x7 </args>
      <args> x6 57 x25 x25 66 x6 </args>
      <args> x10 30 x18 x18 8 x10 </args>
      <args> x11 30 x18 x18 8 x11 </args>
      <args> x10 30 x19 x19 8 x10 </args>
      <args> x10 30 x24 x24 66 x10 </args>
      <args> x11 30 x24 x24 66 x11 </args>
      <args> x10 30 x25 x25 66 x10 </args>
      <args> x18 8 x24 x24 66 x18 </args>
      <args> x19 8 x24 x24 66 x19 </args>
      <args> x18 8 x25 x25 66 x18 </args>
      <args> x4 17 x12 x12 43 x4 </args>
      <args> x5 17 x12 x12 43 x5 </args>
      <args> x4 17 x13 x13 43 x4 </args>
      <args> x4 17 x16 x16 57 x4 </args>
      <args> x5 17 x16 x16 57 x5 </args>
      <args> x4 17 x17 x17 57 x4 </args>
      <args> x4 17 x28 x28 64 x4 </args>
      <args> x5 17 x28 x28 64 x5 </args>
      <args> x4 17 x29 x29 64 x4 </args>
      <args> x12 43 x16 x16 57 x12 </args>
      <args> x13 43 x16 x16 57 x13 </args>
      <args> x12 43 x17 x17 57 x12 </args>
      <args> x12 43 x28 x28 64 x12 </args>
      <args> x13 43 x28 x28 64 x13 </args>
      <args> x12 43 x29 x29 64 x12 </args>
      <args> x16 57 x28 x28 64 x16 </args>
      <args> x17 57 x28 x28 64 x17 </args>
      <args> x16 57 x29 x29 64 x16 </args>
      <args> x0 9 x8 x8 78 x0 </args>
      <args> x1 9 x8 x8 78 x1 </args>
      <args> x0 9 x9 x9 78 x0 </args>
      <args> x0 9 x22 x22 19 x0 </args>
      <args> x1 9 x22 x22 19 x1 </args>
      <args> x0 9 x23 x23 19 x0 </args>
      <args> x0 9 x30 x30 62 x0 </args>
      <args> x1 9 x30 x30 62 x1 </args>
      <args> x0 9 x31 x31 62 x0 </args>
      <args> x8 78 x22 x22 19 x8 </args>
      <args> x9 78 x22 x22 19 x9 </args>
      <args> x8 78 x23 x23 19 x8 </args>
      <args> x8 78 x30 x30 62 x8 </args>
      <args> x9 78 x30 x30 62 x9 </args>
      <args> x8 78 x31 x31 62 x8 </args>
      <args> x22 19 x30 x30 62 x22 </args>
      <args> x23 19 x30 x30 62 x23 </args>
      <args> x22 19 x31 x31 62 x22 </args>
      <args> x2 83 x14 x14 40 x2 </args>
      <args> x3 83 x14 x14 40 x3 </args>
      <args> x2 83 x15 x15 40 x2 </args>
      <args> x2 83 x20 x20 56 x2 </args>
      <args> x3 83 x20 x20 56 x3 </args>
      <args> x2 83 x21 x21 56 x2 </args>
      <args> x2 83 x26 x26 5 x2 </args>
      <args> x3 83 x26 x26 5 x3 </args>
      <args> x2 83 x27 x27 5 x2 </args>
      <args> x14 40 x20 x20 56 x14 </args>
      <args> x15 40 x20 x20 56 x15 </args>
      <args> x14 40 x21 x21 56 x14 </args>
      <args> x14 40 x26 x26 5 x14 </args>
      <args> x15 40 x26 x26 5 x15 </args>
      <args> x14 40 x27 x27 5 x14 </args>
      <args> x20 56 x26 x26 5 x20 </args>
      <args> x21 56 x26 x26 5 x21 </args>
      <args> x20 56 x27 x27 5 x20 </args>
      <args> x0 9 x2 x2 83 x0 </args>
      <args> x1 9 x2 x2 83 x1 </args>
      <args> x0 9 x3 x3 83 x0 </args>
      <args> x0 9 x4 x4 17 x0 </args>
      <args> x1 9 x4 x4 17 x1 </args>
      <args> x0 9 x5 x5 17 x0 </args>
      <args> x0 9 x6 x6 57 x0 </args>
      <args> x1 9 x6 x6 57 x1 </args>
      <args> x0 9 x7 x7 57 x0 </args>
      <args> x2 83 x4 x4 17 x2 </args>
      <args> x3 83 x4 x4 17 x3 </args>
      <args> x2 83 x5 x5 17 x2 </args>
      <args> x2 83 x6 x6 57 x2 </args>
      <args> x3 83 x6 x6 57 x3 </args>
      <args> x2 83 x7 x7 57 x2 </args>
      <args> x4 17 x6 x6 57 x4 </args>
      <args> x5 17 x6 x6 57 x5 </args>
      <args> x4 17 x7 x7 57 x4 </args>
      <args> x8 78 x10 x10 30 x8 </args>
      <args> x9 78 x10 x10 30 x9 </args>
      <args> x8 78 x11 x11 30 x8 </args>
      <args> x8 78 x12 x12 43 x8 </args>
      <args> x9 78 x12 x12 43 x9 </args>
      <args> x8 78 x13 x13 43 x8 </args>
      <args> x8 78 x14 x14 40 x8 </args>
      <args> x9 78 x14 x14 40 x9 </args>
      <args> x8 78 x15 x15 40 x8 </args>
      <args> x10 30 x12 x12 43 x10 </args>
      <args> x11 30 x12 x12 43 x11 </args>
      <args> x10 30 x13 x13 43 x10 </args>
      <args> x10 30 x14 x14 40 x10 </args>
      <args> x11 30 x14 x14 40 x11 </args>
      <args> x10 30 x15 x15 40 x10 </args>
      <args> x12 43 x14 x14 40 x12 </args>
      <args> x13 43 x14 x14 40 x13 </args>
      <args> x12 43 x15 x15 40 x12 </args>
      <args> x16 57 x18 x18 8 x16 </args>
      <args> x17 57 x18 x18 8 x17 </args>
      <args> x16 57 x19 x19 8 x16 </args>
      <args> x16 57 x20 x20 56 x16 </args>
      <args> x17 57 x20 x20 56 x17 </args>
      <args> x16 57 x21 x21 56 x16 </args>
      <args> x16 57 x22 x22 19 x16 </args>
      <args> x17 57 x22 x22 19 x17 </args>
      <args> x16 57 x23 x23 19 x16 </args>
      <args> x18 8 x20 x20 56 x18 </args>
      <args> x19 8 x20 x20 56 x19 </args>
      <args> x18 8 x21 x21 56 x18 </args>
      <args> x18 8 x22 x22 19 x18 </args>
      <args> x19 8 x22 x22 19 x19 </args>
      <args> x18 8 x23 x23 19 x18 </args>
      <args> x20 56 x22 x22 19 x20 </args>
      <args> x21 56 x22 x22 19 x21 </args>
      <args> x20 56 x23 x23 19 x20 </args>
      <args> x24 66 x26 x26 5 x24 </args>
      <args> x25 66 x26 x26 5 x25 </args>
      <args> x24 66 x27 x27 5 x24 </args>
      <args> x24 66 x28 x28 64 x24 </args>
      <args> x25 66 x28 x28 64 x25 </args>
      <args> x24 66 x29 x29 64 x24 </args>
      <args> x24 66 x30 x30 62 x24 </args>
      <args> x25 66 x30 x30 62 x25 </args>
      <args> x24 66 x31 x31 62 x24 </args>
      <args> x26 5 x28 x28 64 x26 </args>
      <args> x27 5 x28 x28 64 x27 </args>
      <args> x26 5 x29 x29 64 x26 </args>
      <args> x26 5 x30 x30 62 x26 </args>
      <args> x27 5 x30 x30 62 x27 </args>
      <args> x26 5 x31 x31 62 x26 </args>
      <args> x28 64 x30 x30 62 x28 </args>
      <args> x29 64 x30 x30 62 x29 </args>
      <args> x28 64 x31 x31 62 x28 </args>
    </group>
    <group>
      <intension> ne(%0,%1) </intension>
      <args> x0 x1 </args>
      <args> x2 x3 </args>
      <args> x4 x5 </args>
      <args> x6 x7 </args>
      <args> x8 x9 </args>
      <args> x10 x11 </args>
      <args> x12 x13 </args>
      <args> x14 x15 </args>
      <args> x16 x17 </args>
      <args> x18 x19 </args>
      <args> x20 x21 </args>
      <args> x22 x23 </args>
      <args> x24 x25 </args>
      <args> x26 x27 </args>
      <args> x28 x29 </args>
      <args> x30 x31 </args>
    </group>
  </constraints>
</instance>
