<instance format="XCSP3" type="CSP">
  <variables>
    <array id="w" size="[2]"> 0 </array>
    <array id="x" size="[28]"> 0..6 </array>
    <array id="y" size="[54]"> 0..27 </array>
    <array id="z" size="[28]"> 1..14 </array>
  </variables>
  <constraints>
    <extension>
      <list> w[0] w[1] </list>
      <conflicts>  </conflicts>
    </extension>
    <group>
      <extension>
        <list> %0 %1 </list>
        <conflicts> (0,0) </conflicts>
      </extension>
      <args> w[0] y[1] </args>
      <args> w[0] y[3] </args>
      <args> w[0] y[5] </args>
      <args> w[0] y[7] </args>
      <args> w[0] y[9] </args>
      <args> w[0] y[11] </args>
      <args> w[0] y[13] </args>
      <args> w[0] y[15] </args>
      <args> w[0] y[17] </args>
      <args> w[0] y[19] </args>
      <args> w[0] y[21] </args>
      <args> w[0] y[23] </args>
      <args> w[0] y[25] </args>
      <args> w[0] y[27] </args>
      <args> w[0] y[29] </args>
      <args> w[0] y[31] </args>
      <args> w[0] y[33] </args>
      <args> w[0] y[35] </args>
      <args> w[0] y[37] </args>
      <args> w[0] y[39] </args>
      <args> w[0] y[41] </args>
      <args> w[0] y[43] </args>
      <args> w[0] y[45] </args>
      <args> w[0] y[47] </args>
      <args> w[0] y[49] </args>
      <args> w[0] y[51] </args>
      <args> w[0] y[53] </args>
      <args> w[0] y[0] </args>
      <args> w[0] y[2] </args>
      <args> w[0] y[4] </args>
      <args> w[0] y[6] </args>
      <args> w[0] y[8] </args>
      <args> w[0] y[10] </args>
      <args> w[0] y[12] </args>
      <args> w[0] y[14] </args>
      <args> w[0] y[16] </args>
      <args> w[0] y[18] </args>
      <args> w[0] y[20] </args>
      <args> w[0] y[22] </args>
      <args> w[0] y[24] </args>
      <args> w[0] y[26] </args>
      <args> w[0] y[28] </args>
      <args> w[0] y[30] </args>
      <args> w[0] y[32] </args>
      <args> w[0] y[34] </args>
      <args> w[0] y[36] </args>
      <args> w[0] y[38] </args>
      <args> w[0] y[40] </args>
      <args> w[0] y[42] </args>
      <args> w[0] y[44] </args>
      <args> w[0] y[46] </args>
      <args> w[0] y[48] </args>
      <args> w[0] y[50] </args>
      <args> w[0] y[52] </args>
      <args> y[0] w[1] </args>
      <args> y[2] w[1] </args>
      <args> y[4] w[1] </args>
      <args> y[6] w[1] </args>
      <args> y[8] w[1] </args>
      <args> y[10] w[1] </args>
      <args> y[12] w[1] </args>
      <args> y[14] w[1] </args>
      <args> y[16] w[1] </args>
      <args> y[18] w[1] </args>
      <args> y[20] w[1] </args>
      <args> y[22] w[1] </args>
      <args> y[24] w[1] </args>
      <args> y[26] w[1] </args>
      <args> y[28] w[1] </args>
      <args> y[30] w[1] </args>
      <args> y[32] w[1] </args>
      <args> y[34] w[1] </args>
      <args> y[36] w[1] </args>
      <args> y[38] w[1] </args>
      <args> y[40] w[1] </args>
      <args> y[42] w[1] </args>
      <args> y[44] w[1] </args>
      <args> y[46] w[1] </args>
      <args> y[48] w[1] </args>
      <args> y[50] w[1] </args>
      <args> y[52] w[1] </args>
    </group>
    <extension>
      <list> w[0] x[0] </list>
      <supports> (0,0) </supports>
    </extension>
    <group>
      <extension>
        <list> %0 %1 </list>
        <supports> (1,0)(2,0)(3,1)(4,1)(5,2)(6,2)(7,3)(8,3)(9,4)(10,4)(11,5)(12,5)(13,6)(14,6) </supports>
      </extension>
      <args> z[1] x[0] </args>
      <args> z[2] x[1] </args>
      <args> z[3] x[2] </args>
      <args> z[4] x[3] </args>
      <args> z[5] x[4] </args>
      <args> z[6] x[5] </args>
      <args> z[7] x[6] </args>
      <args> z[8] x[7] </args>
      <args> z[9] x[8] </args>
      <args> z[10] x[9] </args>
      <args> z[11] x[10] </args>
      <args> z[12] x[11] </args>
      <args> z[13] x[12] </args>
      <args> z[14] x[13] </args>
      <args> z[15] x[14] </args>
      <args> z[16] x[15] </args>
      <args> z[17] x[16] </args>
      <args> z[18] x[17] </args>
      <args> z[19] x[18] </args>
      <args> z[20] x[19] </args>
      <args> z[21] x[20] </args>
      <args> z[22] x[21] </args>
      <args> z[23] x[22] </args>
      <args> z[24] x[23] </args>
      <args> z[25] x[24] </args>
      <args> z[26] x[25] </args>
      <args> z[27] x[26] </args>
    </group>
    <group>
      <extension>
        <list> %0 %1 </list>
        <conflicts> (0,1)(1,0)(1,2)(1,3)(1,4)(1,5)(1,6)(1,7)(1,8)(1,9)(1,10)(1,11)(1,12)(1,13)(1,14)(1,15)(1,16)(1,17)(1,18)(1,19)(1,20)(1,21)(1,22)(1,23)(1,24)(1,25)(1,26)(1,27)(2,1)(3,1)(4,1)(5,1)(6,1)(7,1)(8,1)(9,1)(10,1)(11,1)(12,1)(13,1)(14,1)(15,1)(16,1)(17,1)(18,1)(19,1)(20,1)(21,1)(22,1)(23,1)(24,1)(25,1)(26,1)(27,1) </conflicts>
      </extension>
      <args> y[0] y[1] </args>
      <args> y[0] y[3] </args>
      <args> y[0] y[5] </args>
      <args> y[0] y[7] </args>
      <args> y[0] y[9] </args>
      <args> y[0] y[11] </args>
      <args> y[0] y[13] </args>
      <args> y[0] y[15] </args>
      <args> y[0] y[17] </args>
      <args> y[0] y[19] </args>
      <args> y[0] y[21] </args>
      <args> y[0] y[23] </args>
      <args> y[0] y[25] </args>
      <args> y[0] y[27] </args>
      <args> y[0] y[29] </args>
      <args> y[0] y[31] </args>
      <args> y[0] y[33] </args>
      <args> y[0] y[35] </args>
      <args> y[0] y[37] </args>
      <args> y[0] y[39] </args>
      <args> y[0] y[41] </args>
      <args> y[0] y[43] </args>
      <args> y[0] y[45] </args>
      <args> y[0] y[47] </args>
      <args> y[0] y[49] </args>
      <args> y[0] y[51] </args>
      <args> y[0] y[53] </args>
      <args> y[2] y[1] </args>
      <args> y[4] y[1] </args>
      <args> y[6] y[1] </args>
      <args> y[8] y[1] </args>
      <args> y[10] y[1] </args>
      <args> y[12] y[1] </args>
      <args> y[14] y[1] </args>
      <args> y[16] y[1] </args>
      <args> y[18] y[1] </args>
      <args> y[20] y[1] </args>
      <args> y[22] y[1] </args>
      <args> y[24] y[1] </args>
      <args> y[26] y[1] </args>
      <args> y[28] y[1] </args>
      <args> y[30] y[1] </args>
      <args> y[32] y[1] </args>
      <args> y[34] y[1] </args>
      <args> y[36] y[1] </args>
      <args> y[38] y[1] </args>
      <args> y[40] y[1] </args>
      <args> y[42] y[1] </args>
      <args> y[44] y[1] </args>
      <args> y[46] y[1] </args>
      <args> y[48] y[1] </args>
      <args> y[50] y[1] </args>
      <args> y[52] y[1] </args>
      <args> y[2] y[3] </args>
      <args> y[2] y[5] </args>
      <args> y[2] y[7] </args>
      <args> y[2] y[9] </args>
      <args> y[2] y[11] </args>
      <args> y[2] y[13] </args>
      <args> y[2] y[15] </args>
      <args> y[2] y[17] </args>
      <args> y[2] y[19] </args>
      <args> y[2] y[21] </args>
      <args> y[2] y[23] </args>
      <args> y[2] y[25] </args>
      <args> y[2] y[27] </args>
      <args> y[2] y[29] </args>
      <args> y[2] y[31] </args>
      <args> y[2] y[33] </args>
      <args> y[2] y[35] </args>
      <args> y[2] y[37] </args>
      <args> y[2] y[39] </args>
      <args> y[2] y[41] </args>
      <args> y[2] y[43] </args>
      <args> y[2] y[45] </args>
      <args> y[2] y[47] </args>
      <args> y[2] y[49] </args>
      <args> y[2] y[51] </args>
      <args> y[2] y[53] </args>
      <args> y[4] y[3] </args>
      <args> y[6] y[3] </args>
      <args> y[8] y[3] </args>
      <args> y[10] y[3] </args>
      <args> y[12] y[3] </args>
      <args> y[14] y[3] </args>
      <args> y[16] y[3] </args>
      <args> y[18] y[3] </args>
      <args> y[20] y[3] </args>
      <args> y[22] y[3] </args>
      <args> y[24] y[3] </args>
      <args> y[26] y[3] </args>
      <args> y[28] y[3] </args>
      <args> y[30] y[3] </args>
      <args> y[32] y[3] </args>
      <args> y[34] y[3] </args>
      <args> y[36] y[3] </args>
      <args> y[38] y[3] </args>
      <args> y[40] y[3] </args>
      <args> y[42] y[3] </args>
      <args> y[44] y[3] </args>
      <args> y[46] y[3] </args>
      <args> y[48] y[3] </args>
      <args> y[50] y[3] </args>
      <args> y[52] y[3] </args>
      <args> y[4] y[5] </args>
      <args> y[4] y[7] </args>
      <args> y[4] y[9] </args>
      <args> y[4] y[11] </args>
      <args> y[4] y[13] </args>
      <args> y[4] y[15] </args>
      <args> y[4] y[17] </args>
      <args> y[4] y[19] </args>
      <args> y[4] y[21] </args>
      <args> y[4] y[23] </args>
      <args> y[4] y[25] </args>
      <args> y[4] y[27] </args>
      <args> y[4] y[29] </args>
      <args> y[4] y[31] </args>
      <args> y[4] y[33] </args>
      <args> y[4] y[35] </args>
      <args> y[4] y[37] </args>
      <args> y[4] y[39] </args>
      <args> y[4] y[41] </args>
      <args> y[4] y[43] </args>
      <args> y[4] y[45] </args>
      <args> y[4] y[47] </args>
      <args> y[4] y[49] </args>
      <args> y[4] y[51] </args>
      <args> y[4] y[53] </args>
      <args> y[6] y[5] </args>
      <args> y[8] y[5] </args>
      <args> y[10] y[5] </args>
      <args> y[12] y[5] </args>
      <args> y[14] y[5] </args>
      <args> y[16] y[5] </args>
      <args> y[18] y[5] </args>
      <args> y[20] y[5] </args>
      <args> y[22] y[5] </args>
      <args> y[24] y[5] </args>
      <args> y[26] y[5] </args>
      <args> y[28] y[5] </args>
      <args> y[30] y[5] </args>
      <args> y[32] y[5] </args>
      <args> y[34] y[5] </args>
      <args> y[36] y[5] </args>
      <args> y[38] y[5] </args>
      <args> y[40] y[5] </args>
      <args> y[42] y[5] </args>
      <args> y[44] y[5] </args>
      <args> y[46] y[5] </args>
      <args> y[48] y[5] </args>
      <args> y[50] y[5] </args>
      <args> y[52] y[5] </args>
      <args> y[6] y[7] </args>
      <args> y[6] y[9] </args>
      <args> y[6] y[11] </args>
      <args> y[6] y[13] </args>
      <args> y[6] y[15] </args>
      <args> y[6] y[17] </args>
      <args> y[6] y[19] </args>
      <args> y[6] y[21] </args>
      <args> y[6] y[23] </args>
      <args> y[6] y[25] </args>
      <args> y[6] y[27] </args>
      <args> y[6] y[29] </args>
      <args> y[6] y[31] </args>
      <args> y[6] y[33] </args>
      <args> y[6] y[35] </args>
      <args> y[6] y[37] </args>
      <args> y[6] y[39] </args>
      <args> y[6] y[41] </args>
      <args> y[6] y[43] </args>
      <args> y[6] y[45] </args>
      <args> y[6] y[47] </args>
      <args> y[6] y[49] </args>
      <args> y[6] y[51] </args>
      <args> y[6] y[53] </args>
      <args> y[8] y[7] </args>
      <args> y[10] y[7] </args>
      <args> y[12] y[7] </args>
      <args> y[14] y[7] </args>
      <args> y[16] y[7] </args>
      <args> y[18] y[7] </args>
      <args> y[20] y[7] </args>
      <args> y[22] y[7] </args>
      <args> y[24] y[7] </args>
      <args> y[26] y[7] </args>
      <args> y[28] y[7] </args>
      <args> y[30] y[7] </args>
      <args> y[32] y[7] </args>
      <args> y[34] y[7] </args>
      <args> y[36] y[7] </args>
      <args> y[38] y[7] </args>
      <args> y[40] y[7] </args>
      <args> y[42] y[7] </args>
      <args> y[44] y[7] </args>
      <args> y[46] y[7] </args>
      <args> y[48] y[7] </args>
      <args> y[50] y[7] </args>
      <args> y[52] y[7] </args>
      <args> y[8] y[9] </args>
      <args> y[8] y[11] </args>
      <args> y[8] y[13] </args>
      <args> y[8] y[15] </args>
      <args> y[8] y[17] </args>
      <args> y[8] y[19] </args>
      <args> y[8] y[21] </args>
      <args> y[8] y[23] </args>
      <args> y[8] y[25] </args>
      <args> y[8] y[27] </args>
      <args> y[8] y[29] </args>
      <args> y[8] y[31] </args>
      <args> y[8] y[33] </args>
      <args> y[8] y[35] </args>
      <args> y[8] y[37] </args>
      <args> y[8] y[39] </args>
      <args> y[8] y[41] </args>
      <args> y[8] y[43] </args>
      <args> y[8] y[45] </args>
      <args> y[8] y[47] </args>
      <args> y[8] y[49] </args>
      <args> y[8] y[51] </args>
      <args> y[8] y[53] </args>
      <args> y[10] y[9] </args>
      <args> y[12] y[9] </args>
      <args> y[14] y[9] </args>
      <args> y[16] y[9] </args>
      <args> y[18] y[9] </args>
      <args> y[20] y[9] </args>
      <args> y[22] y[9] </args>
      <args> y[24] y[9] </args>
      <args> y[26] y[9] </args>
      <args> y[28] y[9] </args>
      <args> y[30] y[9] </args>
      <args> y[32] y[9] </args>
      <args> y[34] y[9] </args>
      <args> y[36] y[9] </args>
      <args> y[38] y[9] </args>
      <args> y[40] y[9] </args>
      <args> y[42] y[9] </args>
      <args> y[44] y[9] </args>
      <args> y[46] y[9] </args>
      <args> y[48] y[9] </args>
      <args> y[50] y[9] </args>
      <args> y[52] y[9] </args>
      <args> y[10] y[11] </args>
      <args> y[10] y[13] </args>
      <args> y[10] y[15] </args>
      <args> y[10] y[17] </args>
      <args> y[10] y[19] </args>
      <args> y[10] y[21] </args>
      <args> y[10] y[23] </args>
      <args> y[10] y[25] </args>
      <args> y[10] y[27] </args>
      <args> y[10] y[29] </args>
      <args> y[10] y[31] </args>
      <args> y[10] y[33] </args>
      <args> y[10] y[35] </args>
      <args> y[10] y[37] </args>
      <args> y[10] y[39] </args>
      <args> y[10] y[41] </args>
      <args> y[10] y[43] </args>
      <args> y[10] y[45] </args>
      <args> y[10] y[47] </args>
      <args> y[10] y[49] </args>
      <args> y[10] y[51] </args>
      <args> y[10] y[53] </args>
      <args> y[12] y[11] </args>
      <args> y[14] y[11] </args>
      <args> y[16] y[11] </args>
      <args> y[18] y[11] </args>
      <args> y[20] y[11] </args>
      <args> y[22] y[11] </args>
      <args> y[24] y[11] </args>
      <args> y[26] y[11] </args>
      <args> y[28] y[11] </args>
      <args> y[30] y[11] </args>
      <args> y[32] y[11] </args>
      <args> y[34] y[11] </args>
      <args> y[36] y[11] </args>
      <args> y[38] y[11] </args>
      <args> y[40] y[11] </args>
      <args> y[42] y[11] </args>
      <args> y[44] y[11] </args>
      <args> y[46] y[11] </args>
      <args> y[48] y[11] </args>
      <args> y[50] y[11] </args>
      <args> y[52] y[11] </args>
      <args> y[12] y[13] </args>
      <args> y[12] y[15] </args>
      <args> y[12] y[17] </args>
      <args> y[12] y[19] </args>
      <args> y[12] y[21] </args>
      <args> y[12] y[23] </args>
      <args> y[12] y[25] </args>
      <args> y[12] y[27] </args>
      <args> y[12] y[29] </args>
      <args> y[12] y[31] </args>
      <args> y[12] y[33] </args>
      <args> y[12] y[35] </args>
      <args> y[12] y[37] </args>
      <args> y[12] y[39] </args>
      <args> y[12] y[41] </args>
      <args> y[12] y[43] </args>
      <args> y[12] y[45] </args>
      <args> y[12] y[47] </args>
      <args> y[12] y[49] </args>
      <args> y[12] y[51] </args>
      <args> y[12] y[53] </args>
      <args> y[14] y[13] </args>
      <args> y[16] y[13] </args>
      <args> y[18] y[13] </args>
      <args> y[20] y[13] </args>
      <args> y[22] y[13] </args>
      <args> y[24] y[13] </args>
      <args> y[26] y[13] </args>
      <args> y[28] y[13] </args>
      <args> y[30] y[13] </args>
      <args> y[32] y[13] </args>
      <args> y[34] y[13] </args>
      <args> y[36] y[13] </args>
      <args> y[38] y[13] </args>
      <args> y[40] y[13] </args>
      <args> y[42] y[13] </args>
      <args> y[44] y[13] </args>
      <args> y[46] y[13] </args>
      <args> y[48] y[13] </args>
      <args> y[50] y[13] </args>
      <args> y[52] y[13] </args>
      <args> y[14] y[15] </args>
      <args> y[14] y[17] </args>
      <args> y[14] y[19] </args>
      <args> y[14] y[21] </args>
      <args> y[14] y[23] </args>
      <args> y[14] y[25] </args>
      <args> y[14] y[27] </args>
      <args> y[14] y[29] </args>
      <args> y[14] y[31] </args>
      <args> y[14] y[33] </args>
      <args> y[14] y[35] </args>
      <args> y[14] y[37] </args>
      <args> y[14] y[39] </args>
      <args> y[14] y[41] </args>
      <args> y[14] y[43] </args>
      <args> y[14] y[45] </args>
      <args> y[14] y[47] </args>
      <args> y[14] y[49] </args>
      <args> y[14] y[51] </args>
      <args> y[14] y[53] </args>
      <args> y[16] y[15] </args>
      <args> y[18] y[15] </args>
      <args> y[20] y[15] </args>
      <args> y[22] y[15] </args>
      <args> y[24] y[15] </args>
      <args> y[26] y[15] </args>
      <args> y[28] y[15] </args>
      <args> y[30] y[15] </args>
      <args> y[32] y[15] </args>
      <args> y[34] y[15] </args>
      <args> y[36] y[15] </args>
      <args> y[38] y[15] </args>
      <args> y[40] y[15] </args>
      <args> y[42] y[15] </args>
      <args> y[44] y[15] </args>
      <args> y[46] y[15] </args>
      <args> y[48] y[15] </args>
      <args> y[50] y[15] </args>
      <args> y[52] y[15] </args>
      <args> y[16] y[17] </args>
      <args> y[16] y[19] </args>
      <args> y[16] y[21] </args>
      <args> y[16] y[23] </args>
      <args> y[16] y[25] </args>
      <args> y[16] y[27] </args>
      <args> y[16] y[29] </args>
      <args> y[16] y[31] </args>
      <args> y[16] y[33] </args>
      <args> y[16] y[35] </args>
      <args> y[16] y[37] </args>
      <args> y[16] y[39] </args>
      <args> y[16] y[41] </args>
      <args> y[16] y[43] </args>
      <args> y[16] y[45] </args>
      <args> y[16] y[47] </args>
      <args> y[16] y[49] </args>
      <args> y[16] y[51] </args>
      <args> y[16] y[53] </args>
      <args> y[18] y[17] </args>
      <args> y[20] y[17] </args>
      <args> y[22] y[17] </args>
      <args> y[24] y[17] </args>
      <args> y[26] y[17] </args>
      <args> y[28] y[17] </args>
      <args> y[30] y[17] </args>
      <args> y[32] y[17] </args>
      <args> y[34] y[17] </args>
      <args> y[36] y[17] </args>
      <args> y[38] y[17] </args>
      <args> y[40] y[17] </args>
      <args> y[42] y[17] </args>
      <args> y[44] y[17] </args>
      <args> y[46] y[17] </args>
      <args> y[48] y[17] </args>
      <args> y[50] y[17] </args>
      <args> y[52] y[17] </args>
      <args> y[18] y[19] </args>
      <args> y[18] y[21] </args>
      <args> y[18] y[23] </args>
      <args> y[18] y[25] </args>
      <args> y[18] y[27] </args>
      <args> y[18] y[29] </args>
      <args> y[18] y[31] </args>
      <args> y[18] y[33] </args>
      <args> y[18] y[35] </args>
      <args> y[18] y[37] </args>
      <args> y[18] y[39] </args>
      <args> y[18] y[41] </args>
      <args> y[18] y[43] </args>
      <args> y[18] y[45] </args>
      <args> y[18] y[47] </args>
      <args> y[18] y[49] </args>
      <args> y[18] y[51] </args>
      <args> y[18] y[53] </args>
      <args> y[20] y[19] </args>
      <args> y[22] y[19] </args>
      <args> y[24] y[19] </args>
      <args> y[26] y[19] </args>
      <args> y[28] y[19] </args>
      <args> y[30] y[19] </args>
      <args> y[32] y[19] </args>
      <args> y[34] y[19] </args>
      <args> y[36] y[19] </args>
      <args> y[38] y[19] </args>
      <args> y[40] y[19] </args>
      <args> y[42] y[19] </args>
      <args> y[44] y[19] </args>
      <args> y[46] y[19] </args>
      <args> y[48] y[19] </args>
      <args> y[50] y[19] </args>
      <args> y[52] y[19] </args>
      <args> y[20] y[21] </args>
      <args> y[20] y[23] </args>
      <args> y[20] y[25] </args>
      <args> y[20] y[27] </args>
      <args> y[20] y[29] </args>
      <args> y[20] y[31] </args>
      <args> y[20] y[33] </args>
      <args> y[20] y[35] </args>
      <args> y[20] y[37] </args>
      <args> y[20] y[39] </args>
      <args> y[20] y[41] </args>
      <args> y[20] y[43] </args>
      <args> y[20] y[45] </args>
      <args> y[20] y[47] </args>
      <args> y[20] y[49] </args>
      <args> y[20] y[51] </args>
      <args> y[20] y[53] </args>
      <args> y[22] y[21] </args>
      <args> y[24] y[21] </args>
      <args> y[26] y[21] </args>
      <args> y[28] y[21] </args>
      <args> y[30] y[21] </args>
      <args> y[32] y[21] </args>
      <args> y[34] y[21] </args>
      <args> y[36] y[21] </args>
      <args> y[38] y[21] </args>
      <args> y[40] y[21] </args>
      <args> y[42] y[21] </args>
      <args> y[44] y[21] </args>
      <args> y[46] y[21] </args>
      <args> y[48] y[21] </args>
      <args> y[50] y[21] </args>
      <args> y[52] y[21] </args>
      <args> y[22] y[23] </args>
      <args> y[22] y[25] </args>
      <args> y[22] y[27] </args>
      <args> y[22] y[29] </args>
      <args> y[22] y[31] </args>
      <args> y[22] y[33] </args>
      <args> y[22] y[35] </args>
      <args> y[22] y[37] </args>
      <args> y[22] y[39] </args>
      <args> y[22] y[41] </args>
      <args> y[22] y[43] </args>
      <args> y[22] y[45] </args>
      <args> y[22] y[47] </args>
      <args> y[22] y[49] </args>
      <args> y[22] y[51] </args>
      <args> y[22] y[53] </args>
      <args> y[24] y[23] </args>
      <args> y[26] y[23] </args>
      <args> y[28] y[23] </args>
      <args> y[30] y[23] </args>
      <args> y[32] y[23] </args>
      <args> y[34] y[23] </args>
      <args> y[36] y[23] </args>
      <args> y[38] y[23] </args>
      <args> y[40] y[23] </args>
      <args> y[42] y[23] </args>
      <args> y[44] y[23] </args>
      <args> y[46] y[23] </args>
      <args> y[48] y[23] </args>
      <args> y[50] y[23] </args>
      <args> y[52] y[23] </args>
      <args> y[24] y[25] </args>
      <args> y[24] y[27] </args>
      <args> y[24] y[29] </args>
      <args> y[24] y[31] </args>
      <args> y[24] y[33] </args>
      <args> y[24] y[35] </args>
      <args> y[24] y[37] </args>
      <args> y[24] y[39] </args>
      <args> y[24] y[41] </args>
      <args> y[24] y[43] </args>
      <args> y[24] y[45] </args>
      <args> y[24] y[47] </args>
      <args> y[24] y[49] </args>
      <args> y[24] y[51] </args>
      <args> y[24] y[53] </args>
      <args> y[26] y[25] </args>
      <args> y[28] y[25] </args>
      <args> y[30] y[25] </args>
      <args> y[32] y[25] </args>
      <args> y[34] y[25] </args>
      <args> y[36] y[25] </args>
      <args> y[38] y[25] </args>
      <args> y[40] y[25] </args>
      <args> y[42] y[25] </args>
      <args> y[44] y[25] </args>
      <args> y[46] y[25] </args>
      <args> y[48] y[25] </args>
      <args> y[50] y[25] </args>
      <args> y[52] y[25] </args>
      <args> y[26] y[27] </args>
      <args> y[26] y[29] </args>
      <args> y[26] y[31] </args>
      <args> y[26] y[33] </args>
      <args> y[26] y[35] </args>
      <args> y[26] y[37] </args>
      <args> y[26] y[39] </args>
      <args> y[26] y[41] </args>
      <args> y[26] y[43] </args>
      <args> y[26] y[45] </args>
      <args> y[26] y[47] </args>
      <args> y[26] y[49] </args>
      <args> y[26] y[51] </args>
      <args> y[26] y[53] </args>
      <args> y[28] y[27] </args>
      <args> y[30] y[27] </args>
      <args> y[32] y[27] </args>
      <args> y[34] y[27] </args>
      <args> y[36] y[27] </args>
      <args> y[38] y[27] </args>
      <args> y[40] y[27] </args>
      <args> y[42] y[27] </args>
      <args> y[44] y[27] </args>
      <args> y[46] y[27] </args>
      <args> y[48] y[27] </args>
      <args> y[50] y[27] </args>
      <args> y[52] y[27] </args>
      <args> y[28] y[29] </args>
      <args> y[28] y[31] </args>
      <args> y[28] y[33] </args>
      <args> y[28] y[35] </args>
      <args> y[28] y[37] </args>
      <args> y[28] y[39] </args>
      <args> y[28] y[41] </args>
      <args> y[28] y[43] </args>
      <args> y[28] y[45] </args>
      <args> y[28] y[47] </args>
      <args> y[28] y[49] </args>
      <args> y[28] y[51] </args>
      <args> y[28] y[53] </args>
      <args> y[30] y[29] </args>
      <args> y[32] y[29] </args>
      <args> y[34] y[29] </args>
      <args> y[36] y[29] </args>
      <args> y[38] y[29] </args>
      <args> y[40] y[29] </args>
      <args> y[42] y[29] </args>
      <args> y[44] y[29] </args>
      <args> y[46] y[29] </args>
      <args> y[48] y[29] </args>
      <args> y[50] y[29] </args>
      <args> y[52] y[29] </args>
      <args> y[30] y[31] </args>
      <args> y[30] y[33] </args>
      <args> y[30] y[35] </args>
      <args> y[30] y[37] </args>
      <args> y[30] y[39] </args>
      <args> y[30] y[41] </args>
      <args> y[30] y[43] </args>
      <args> y[30] y[45] </args>
      <args> y[30] y[47] </args>
      <args> y[30] y[49] </args>
      <args> y[30] y[51] </args>
      <args> y[30] y[53] </args>
      <args> y[32] y[31] </args>
      <args> y[34] y[31] </args>
      <args> y[36] y[31] </args>
      <args> y[38] y[31] </args>
      <args> y[40] y[31] </args>
      <args> y[42] y[31] </args>
      <args> y[44] y[31] </args>
      <args> y[46] y[31] </args>
      <args> y[48] y[31] </args>
      <args> y[50] y[31] </args>
      <args> y[52] y[31] </args>
      <args> y[32] y[33] </args>
      <args> y[32] y[35] </args>
      <args> y[32] y[37] </args>
      <args> y[32] y[39] </args>
      <args> y[32] y[41] </args>
      <args> y[32] y[43] </args>
      <args> y[32] y[45] </args>
      <args> y[32] y[47] </args>
      <args> y[32] y[49] </args>
      <args> y[32] y[51] </args>
      <args> y[32] y[53] </args>
      <args> y[34] y[33] </args>
      <args> y[36] y[33] </args>
      <args> y[38] y[33] </args>
      <args> y[40] y[33] </args>
      <args> y[42] y[33] </args>
      <args> y[44] y[33] </args>
      <args> y[46] y[33] </args>
      <args> y[48] y[33] </args>
      <args> y[50] y[33] </args>
      <args> y[52] y[33] </args>
      <args> y[34] y[35] </args>
      <args> y[34] y[37] </args>
      <args> y[34] y[39] </args>
      <args> y[34] y[41] </args>
      <args> y[34] y[43] </args>
      <args> y[34] y[45] </args>
      <args> y[34] y[47] </args>
      <args> y[34] y[49] </args>
      <args> y[34] y[51] </args>
      <args> y[34] y[53] </args>
      <args> y[36] y[35] </args>
      <args> y[38] y[35] </args>
      <args> y[40] y[35] </args>
      <args> y[42] y[35] </args>
      <args> y[44] y[35] </args>
      <args> y[46] y[35] </args>
      <args> y[48] y[35] </args>
      <args> y[50] y[35] </args>
      <args> y[52] y[35] </args>
      <args> y[36] y[37] </args>
      <args> y[36] y[39] </args>
      <args> y[36] y[41] </args>
      <args> y[36] y[43] </args>
      <args> y[36] y[45] </args>
      <args> y[36] y[47] </args>
      <args> y[36] y[49] </args>
      <args> y[36] y[51] </args>
      <args> y[36] y[53] </args>
      <args> y[38] y[37] </args>
      <args> y[40] y[37] </args>
      <args> y[42] y[37] </args>
      <args> y[44] y[37] </args>
      <args> y[46] y[37] </args>
      <args> y[48] y[37] </args>
      <args> y[50] y[37] </args>
      <args> y[52] y[37] </args>
      <args> y[38] y[39] </args>
      <args> y[38] y[41] </args>
      <args> y[38] y[43] </args>
      <args> y[38] y[45] </args>
      <args> y[38] y[47] </args>
      <args> y[38] y[49] </args>
      <args> y[38] y[51] </args>
      <args> y[38] y[53] </args>
      <args> y[40] y[39] </args>
      <args> y[42] y[39] </args>
      <args> y[44] y[39] </args>
      <args> y[46] y[39] </args>
      <args> y[48] y[39] </args>
      <args> y[50] y[39] </args>
      <args> y[52] y[39] </args>
      <args> y[40] y[41] </args>
      <args> y[40] y[43] </args>
      <args> y[40] y[45] </args>
      <args> y[40] y[47] </args>
      <args> y[40] y[49] </args>
      <args> y[40] y[51] </args>
      <args> y[40] y[53] </args>
      <args> y[42] y[41] </args>
      <args> y[44] y[41] </args>
      <args> y[46] y[41] </args>
      <args> y[48] y[41] </args>
      <args> y[50] y[41] </args>
      <args> y[52] y[41] </args>
      <args> y[42] y[43] </args>
      <args> y[42] y[45] </args>
      <args> y[42] y[47] </args>
      <args> y[42] y[49] </args>
      <args> y[42] y[51] </args>
      <args> y[42] y[53] </args>
      <args> y[44] y[43] </args>
      <args> y[46] y[43] </args>
      <args> y[48] y[43] </args>
      <args> y[50] y[43] </args>
      <args> y[52] y[43] </args>
      <args> y[44] y[45] </args>
      <args> y[44] y[47] </args>
      <args> y[44] y[49] </args>
      <args> y[44] y[51] </args>
      <args> y[44] y[53] </args>
      <args> y[46] y[45] </args>
      <args> y[48] y[45] </args>
      <args> y[50] y[45] </args>
      <args> y[52] y[45] </args>
      <args> y[46] y[47] </args>
      <args> y[46] y[49] </args>
      <args> y[46] y[51] </args>
      <args> y[46] y[53] </args>
      <args> y[48] y[47] </args>
      <args> y[50] y[47] </args>
      <args> y[52] y[47] </args>
      <args> y[48] y[49] </args>
      <args> y[48] y[51] </args>
      <args> y[48] y[53] </args>
      <args> y[50] y[49] </args>
      <args> y[52] y[49] </args>
      <args> y[50] y[51] </args>
      <args> y[50] y[53] </args>
      <args> y[52] y[51] </args>
      <args> y[52] y[53] </args>
    </group>
    <group>
      <extension>
        <list> %0 %1 </list>
        <conflicts> (0,0)(1,1)(2,2)(3,3)(4,4)(5,5)(6,6)(7,7)(8,8)(9,9)(10,10)(11,11)(12,12)(13,13)(14,14)(15,15)(16,16)(17,17)(18,18)(19,19)(20,20)(21,21)(22,22)(23,23)(24,24)(25,25)(26,26)(27,27) </conflicts>
      </extension>
      <args> y[0] y[2] </args>
      <args> y[0] y[4] </args>
      <args> y[0] y[6] </args>
      <args> y[0] y[8] </args>
      <args> y[0] y[10] </args>
      <args> y[0] y[12] </args>
      <args> y[0] y[14] </args>
      <args> y[0] y[16] </args>
      <args> y[0] y[18] </args>
      <args> y[0] y[20] </args>
      <args> y[0] y[22] </args>
      <args> y[0] y[24] </args>
      <args> y[0] y[26] </args>
      <args> y[0] y[28] </args>
      <args> y[0] y[30] </args>
      <args> y[0] y[32] </args>
      <args> y[0] y[34] </args>
      <args> y[0] y[36] </args>
      <args> y[0] y[38] </args>
      <args> y[0] y[40] </args>
      <args> y[0] y[42] </args>
      <args> y[0] y[44] </args>
      <args> y[0] y[46] </args>
      <args> y[0] y[48] </args>
      <args> y[0] y[50] </args>
      <args> y[0] y[52] </args>
      <args> y[2] y[4] </args>
      <args> y[2] y[6] </args>
      <args> y[2] y[8] </args>
      <args> y[2] y[10] </args>
      <args> y[2] y[12] </args>
      <args> y[2] y[14] </args>
      <args> y[2] y[16] </args>
      <args> y[2] y[18] </args>
      <args> y[2] y[20] </args>
      <args> y[2] y[22] </args>
      <args> y[2] y[24] </args>
      <args> y[2] y[26] </args>
      <args> y[2] y[28] </args>
      <args> y[2] y[30] </args>
      <args> y[2] y[32] </args>
      <args> y[2] y[34] </args>
      <args> y[2] y[36] </args>
      <args> y[2] y[38] </args>
      <args> y[2] y[40] </args>
      <args> y[2] y[42] </args>
      <args> y[2] y[44] </args>
      <args> y[2] y[46] </args>
      <args> y[2] y[48] </args>
      <args> y[2] y[50] </args>
      <args> y[2] y[52] </args>
      <args> y[4] y[6] </args>
      <args> y[4] y[8] </args>
      <args> y[4] y[10] </args>
      <args> y[4] y[12] </args>
      <args> y[4] y[14] </args>
      <args> y[4] y[16] </args>
      <args> y[4] y[18] </args>
      <args> y[4] y[20] </args>
      <args> y[4] y[22] </args>
      <args> y[4] y[24] </args>
      <args> y[4] y[26] </args>
      <args> y[4] y[28] </args>
      <args> y[4] y[30] </args>
      <args> y[4] y[32] </args>
      <args> y[4] y[34] </args>
      <args> y[4] y[36] </args>
      <args> y[4] y[38] </args>
      <args> y[4] y[40] </args>
      <args> y[4] y[42] </args>
      <args> y[4] y[44] </args>
      <args> y[4] y[46] </args>
      <args> y[4] y[48] </args>
      <args> y[4] y[50] </args>
      <args> y[4] y[52] </args>
      <args> y[6] y[8] </args>
      <args> y[6] y[10] </args>
      <args> y[6] y[12] </args>
      <args> y[6] y[14] </args>
      <args> y[6] y[16] </args>
      <args> y[6] y[18] </args>
      <args> y[6] y[20] </args>
      <args> y[6] y[22] </args>
      <args> y[6] y[24] </args>
      <args> y[6] y[26] </args>
      <args> y[6] y[28] </args>
      <args> y[6] y[30] </args>
      <args> y[6] y[32] </args>
      <args> y[6] y[34] </args>
      <args> y[6] y[36] </args>
      <args> y[6] y[38] </args>
      <args> y[6] y[40] </args>
      <args> y[6] y[42] </args>
      <args> y[6] y[44] </args>
      <args> y[6] y[46] </args>
      <args> y[6] y[48] </args>
      <args> y[6] y[50] </args>
      <args> y[6] y[52] </args>
      <args> y[8] y[10] </args>
      <args> y[8] y[12] </args>
      <args> y[8] y[14] </args>
      <args> y[8] y[16] </args>
      <args> y[8] y[18] </args>
      <args> y[8] y[20] </args>
      <args> y[8] y[22] </args>
      <args> y[8] y[24] </args>
      <args> y[8] y[26] </args>
      <args> y[8] y[28] </args>
      <args> y[8] y[30] </args>
      <args> y[8] y[32] </args>
      <args> y[8] y[34] </args>
      <args> y[8] y[36] </args>
      <args> y[8] y[38] </args>
      <args> y[8] y[40] </args>
      <args> y[8] y[42] </args>
      <args> y[8] y[44] </args>
      <args> y[8] y[46] </args>
      <args> y[8] y[48] </args>
      <args> y[8] y[50] </args>
      <args> y[8] y[52] </args>
      <args> y[10] y[12] </args>
      <args> y[10] y[14] </args>
      <args> y[10] y[16] </args>
      <args> y[10] y[18] </args>
      <args> y[10] y[20] </args>
      <args> y[10] y[22] </args>
      <args> y[10] y[24] </args>
      <args> y[10] y[26] </args>
      <args> y[10] y[28] </args>
      <args> y[10] y[30] </args>
      <args> y[10] y[32] </args>
      <args> y[10] y[34] </args>
      <args> y[10] y[36] </args>
      <args> y[10] y[38] </args>
      <args> y[10] y[40] </args>
      <args> y[10] y[42] </args>
      <args> y[10] y[44] </args>
      <args> y[10] y[46] </args>
      <args> y[10] y[48] </args>
      <args> y[10] y[50] </args>
      <args> y[10] y[52] </args>
      <args> y[12] y[14] </args>
      <args> y[12] y[16] </args>
      <args> y[12] y[18] </args>
      <args> y[12] y[20] </args>
      <args> y[12] y[22] </args>
      <args> y[12] y[24] </args>
      <args> y[12] y[26] </args>
      <args> y[12] y[28] </args>
      <args> y[12] y[30] </args>
      <args> y[12] y[32] </args>
      <args> y[12] y[34] </args>
      <args> y[12] y[36] </args>
      <args> y[12] y[38] </args>
      <args> y[12] y[40] </args>
      <args> y[12] y[42] </args>
      <args> y[12] y[44] </args>
      <args> y[12] y[46] </args>
      <args> y[12] y[48] </args>
      <args> y[12] y[50] </args>
      <args> y[12] y[52] </args>
      <args> y[14] y[16] </args>
      <args> y[14] y[18] </args>
      <args> y[14] y[20] </args>
      <args> y[14] y[22] </args>
      <args> y[14] y[24] </args>
      <args> y[14] y[26] </args>
      <args> y[14] y[28] </args>
      <args> y[14] y[30] </args>
      <args> y[14] y[32] </args>
      <args> y[14] y[34] </args>
      <args> y[14] y[36] </args>
      <args> y[14] y[38] </args>
      <args> y[14] y[40] </args>
      <args> y[14] y[42] </args>
      <args> y[14] y[44] </args>
      <args> y[14] y[46] </args>
      <args> y[14] y[48] </args>
      <args> y[14] y[50] </args>
      <args> y[14] y[52] </args>
      <args> y[16] y[18] </args>
      <args> y[16] y[20] </args>
      <args> y[16] y[22] </args>
      <args> y[16] y[24] </args>
      <args> y[16] y[26] </args>
      <args> y[16] y[28] </args>
      <args> y[16] y[30] </args>
      <args> y[16] y[32] </args>
      <args> y[16] y[34] </args>
      <args> y[16] y[36] </args>
      <args> y[16] y[38] </args>
      <args> y[16] y[40] </args>
      <args> y[16] y[42] </args>
      <args> y[16] y[44] </args>
      <args> y[16] y[46] </args>
      <args> y[16] y[48] </args>
      <args> y[16] y[50] </args>
      <args> y[16] y[52] </args>
      <args> y[18] y[20] </args>
      <args> y[18] y[22] </args>
      <args> y[18] y[24] </args>
      <args> y[18] y[26] </args>
      <args> y[18] y[28] </args>
      <args> y[18] y[30] </args>
      <args> y[18] y[32] </args>
      <args> y[18] y[34] </args>
      <args> y[18] y[36] </args>
      <args> y[18] y[38] </args>
      <args> y[18] y[40] </args>
      <args> y[18] y[42] </args>
      <args> y[18] y[44] </args>
      <args> y[18] y[46] </args>
      <args> y[18] y[48] </args>
      <args> y[18] y[50] </args>
      <args> y[18] y[52] </args>
      <args> y[20] y[22] </args>
      <args> y[20] y[24] </args>
      <args> y[20] y[26] </args>
      <args> y[20] y[28] </args>
      <args> y[20] y[30] </args>
      <args> y[20] y[32] </args>
      <args> y[20] y[34] </args>
      <args> y[20] y[36] </args>
      <args> y[20] y[38] </args>
      <args> y[20] y[40] </args>
      <args> y[20] y[42] </args>
      <args> y[20] y[44] </args>
      <args> y[20] y[46] </args>
      <args> y[20] y[48] </args>
      <args> y[20] y[50] </args>
      <args> y[20] y[52] </args>
      <args> y[22] y[24] </args>
      <args> y[22] y[26] </args>
      <args> y[22] y[28] </args>
      <args> y[22] y[30] </args>
      <args> y[22] y[32] </args>
      <args> y[22] y[34] </args>
      <args> y[22] y[36] </args>
      <args> y[22] y[38] </args>
      <args> y[22] y[40] </args>
      <args> y[22] y[42] </args>
      <args> y[22] y[44] </args>
      <args> y[22] y[46] </args>
      <args> y[22] y[48] </args>
      <args> y[22] y[50] </args>
      <args> y[22] y[52] </args>
      <args> y[24] y[26] </args>
      <args> y[24] y[28] </args>
      <args> y[24] y[30] </args>
      <args> y[24] y[32] </args>
      <args> y[24] y[34] </args>
      <args> y[24] y[36] </args>
      <args> y[24] y[38] </args>
      <args> y[24] y[40] </args>
      <args> y[24] y[42] </args>
      <args> y[24] y[44] </args>
      <args> y[24] y[46] </args>
      <args> y[24] y[48] </args>
      <args> y[24] y[50] </args>
      <args> y[24] y[52] </args>
      <args> y[26] y[28] </args>
      <args> y[26] y[30] </args>
      <args> y[26] y[32] </args>
      <args> y[26] y[34] </args>
      <args> y[26] y[36] </args>
      <args> y[26] y[38] </args>
      <args> y[26] y[40] </args>
      <args> y[26] y[42] </args>
      <args> y[26] y[44] </args>
      <args> y[26] y[46] </args>
      <args> y[26] y[48] </args>
      <args> y[26] y[50] </args>
      <args> y[26] y[52] </args>
      <args> y[28] y[30] </args>
      <args> y[28] y[32] </args>
      <args> y[28] y[34] </args>
      <args> y[28] y[36] </args>
      <args> y[28] y[38] </args>
      <args> y[28] y[40] </args>
      <args> y[28] y[42] </args>
      <args> y[28] y[44] </args>
      <args> y[28] y[46] </args>
      <args> y[28] y[48] </args>
      <args> y[28] y[50] </args>
      <args> y[28] y[52] </args>
      <args> y[30] y[32] </args>
      <args> y[30] y[34] </args>
      <args> y[30] y[36] </args>
      <args> y[30] y[38] </args>
      <args> y[30] y[40] </args>
      <args> y[30] y[42] </args>
      <args> y[30] y[44] </args>
      <args> y[30] y[46] </args>
      <args> y[30] y[48] </args>
      <args> y[30] y[50] </args>
      <args> y[30] y[52] </args>
      <args> y[32] y[34] </args>
      <args> y[32] y[36] </args>
      <args> y[32] y[38] </args>
      <args> y[32] y[40] </args>
      <args> y[32] y[42] </args>
      <args> y[32] y[44] </args>
      <args> y[32] y[46] </args>
      <args> y[32] y[48] </args>
      <args> y[32] y[50] </args>
      <args> y[32] y[52] </args>
      <args> y[34] y[36] </args>
      <args> y[34] y[38] </args>
      <args> y[34] y[40] </args>
      <args> y[34] y[42] </args>
      <args> y[34] y[44] </args>
      <args> y[34] y[46] </args>
      <args> y[34] y[48] </args>
      <args> y[34] y[50] </args>
      <args> y[34] y[52] </args>
      <args> y[36] y[38] </args>
      <args> y[36] y[40] </args>
      <args> y[36] y[42] </args>
      <args> y[36] y[44] </args>
      <args> y[36] y[46] </args>
      <args> y[36] y[48] </args>
      <args> y[36] y[50] </args>
      <args> y[36] y[52] </args>
      <args> y[38] y[40] </args>
      <args> y[38] y[42] </args>
      <args> y[38] y[44] </args>
      <args> y[38] y[46] </args>
      <args> y[38] y[48] </args>
      <args> y[38] y[50] </args>
      <args> y[38] y[52] </args>
      <args> y[40] y[42] </args>
      <args> y[40] y[44] </args>
      <args> y[40] y[46] </args>
      <args> y[40] y[48] </args>
      <args> y[40] y[50] </args>
      <args> y[40] y[52] </args>
      <args> y[42] y[44] </args>
      <args> y[42] y[46] </args>
      <args> y[42] y[48] </args>
      <args> y[42] y[50] </args>
      <args> y[42] y[52] </args>
      <args> y[44] y[46] </args>
      <args> y[44] y[48] </args>
      <args> y[44] y[50] </args>
      <args> y[44] y[52] </args>
      <args> y[46] y[48] </args>
      <args> y[46] y[50] </args>
      <args> y[46] y[52] </args>
      <args> y[48] y[50] </args>
      <args> y[48] y[52] </args>
      <args> y[50] y[52] </args>
    </group>
    <group>
      <extension>
        <list> %0 %1 </list>
        <supports> (0,0)(1,1)(2,2)(3,3)(4,4)(5,5)(6,6)(7,0)(8,1)(9,2)(10,3)(11,4)(12,5)(13,6)(14,0)(15,1)(16,2)(17,3)(18,4)(19,5)(20,6)(21,0)(22,1)(23,2)(24,3)(25,4)(26,5)(27,6) </supports>
      </extension>
      <args> y[0] x[1] </args>
      <args> y[2] x[2] </args>
      <args> y[4] x[3] </args>
      <args> y[6] x[4] </args>
      <args> y[8] x[5] </args>
      <args> y[10] x[6] </args>
      <args> y[12] x[7] </args>
      <args> y[14] x[8] </args>
      <args> y[16] x[9] </args>
      <args> y[18] x[10] </args>
      <args> y[20] x[11] </args>
      <args> y[22] x[12] </args>
      <args> y[24] x[13] </args>
      <args> y[26] x[14] </args>
      <args> y[28] x[15] </args>
      <args> y[30] x[16] </args>
      <args> y[32] x[17] </args>
      <args> y[34] x[18] </args>
      <args> y[36] x[19] </args>
      <args> y[38] x[20] </args>
      <args> y[40] x[21] </args>
      <args> y[42] x[22] </args>
      <args> y[44] x[23] </args>
      <args> y[46] x[24] </args>
      <args> y[48] x[25] </args>
      <args> y[50] x[26] </args>
      <args> y[52] x[27] </args>
    </group>
    <group>
      <extension>
        <list> %0 %1 </list>
        <supports> (0,1)(0,2)(0,3)(0,4)(0,5)(0,6)(0,7)(0,8)(0,9)(0,10)(0,11)(0,12)(0,13)(0,14)(0,15)(0,16)(0,17)(0,18)(0,19)(0,20)(0,21)(0,22)(0,23)(0,24)(0,25)(0,26)(0,27)(1,2)(1,3)(1,4)(1,5)(1,6)(1,7)(1,8)(1,9)(1,10)(1,11)(1,12)(1,13)(1,14)(1,15)(1,16)(1,17)(1,18)(1,19)(1,20)(1,21)(1,22)(1,23)(1,24)(1,25)(1,26)(1,27)(2,3)(2,4)(2,5)(2,6)(2,7)(2,8)(2,9)(2,10)(2,11)(2,12)(2,13)(2,14)(2,15)(2,16)(2,17)(2,18)(2,19)(2,20)(2,21)(2,22)(2,23)(2,24)(2,25)(2,26)(2,27)(3,4)(3,5)(3,6)(3,7)(3,8)(3,9)(3,10)(3,11)(3,12)(3,13)(3,14)(3,15)(3,16)(3,17)(3,18)(3,19)(3,20)(3,21)(3,22)(3,23)(3,24)(3,25)(3,26)(3,27)(4,5)(4,6)(4,7)(4,8)(4,9)(4,10)(4,11)(4,12)(4,13)(4,14)(4,15)(4,16)(4,17)(4,18)(4,19)(4,20)(4,21)(4,22)(4,23)(4,24)(4,25)(4,26)(4,27)(5,6)(5,7)(5,8)(5,9)(5,10)(5,11)(5,12)(5,13)(5,14)(5,15)(5,16)(5,17)(5,18)(5,19)(5,20)(5,21)(5,22)(5,23)(5,24)(5,25)(5,26)(5,27)(6,7)(6,8)(6,9)(6,10)(6,11)(6,12)(6,13)(6,14)(6,15)(6,16)(6,17)(6,18)(6,19)(6,20)(6,21)(6,22)(6,23)(6,24)(6,25)(6,26)(6,27)(7,8)(7,9)(7,10)(7,11)(7,12)(7,13)(7,14)(7,15)(7,16)(7,17)(7,18)(7,19)(7,20)(7,21)(7,22)(7,23)(7,24)(7,25)(7,26)(7,27)(8,9)(8,10)(8,11)(8,12)(8,13)(8,14)(8,15)(8,16)(8,17)(8,18)(8,19)(8,20)(8,21)(8,22)(8,23)(8,24)(8,25)(8,26)(8,27)(9,10)(9,11)(9,12)(9,13)(9,14)(9,15)(9,16)(9,17)(9,18)(9,19)(9,20)(9,21)(9,22)(9,23)(9,24)(9,25)(9,26)(9,27)(10,11)(10,12)(10,13)(10,14)(10,15)(10,16)(10,17)(10,18)(10,19)(10,20)(10,21)(10,22)(10,23)(10,24)(10,25)(10,26)(10,27)(11,12)(11,13)(11,14)(11,15)(11,16)(11,17)(11,18)(11,19)(11,20)(11,21)(11,22)(11,23)(11,24)(11,25)(11,26)(11,27)(12,13)(12,14)(12,15)(12,16)(12,17)(12,18)(12,19)(12,20)(12,21)(12,22)(12,23)(12,24)(12,25)(12,26)(12,27)(13,14)(13,15)(13,16)(13,17)(13,18)(13,19)(13,20)(13,21)(13,22)(13,23)(13,24)(13,25)(13,26)(13,27)(14,15)(14,16)(14,17)(14,18)(14,19)(14,20)(14,21)(14,22)(14,23)(14,24)(14,25)(14,26)(14,27)(15,16)(15,17)(15,18)(15,19)(15,20)(15,21)(15,22)(15,23)(15,24)(15,25)(15,26)(15,27)(16,17)(16,18)(16,19)(16,20)(16,21)(16,22)(16,23)(16,24)(16,25)(16,26)(16,27)(17,18)(17,19)(17,20)(17,21)(17,22)(17,23)(17,24)(17,25)(17,26)(17,27)(18,19)(18,20)(18,21)(18,22)(18,23)(18,24)(18,25)(18,26)(18,27)(19,20)(19,21)(19,22)(19,23)(19,24)(19,25)(19,26)(19,27)(20,21)(20,22)(20,23)(20,24)(20,25)(20,26)(20,27)(21,22)(21,23)(21,24)(21,25)(21,26)(21,27)(22,23)(22,24)(22,25)(22,26)(22,27)(23,24)(23,25)(23,26)(23,27)(24,25)(24,26)(24,27)(25,26)(25,27)(26,27) </supports>
      </extension>
      <args> y[29] y[1] </args>
      <args> y[13] y[3] </args>
      <args> y[3] y[25] </args>
      <args> y[49] y[5] </args>
      <args> y[5] y[19] </args>
      <args> y[7] y[41] </args>
      <args> y[9] y[51] </args>
      <args> y[11] y[45] </args>
      <args> y[35] y[15] </args>
      <args> y[17] y[35] </args>
      <args> y[21] y[29] </args>
      <args> y[23] y[31] </args>
      <args> y[31] y[27] </args>
      <args> y[37] y[33] </args>
      <args> y[43] y[37] </args>
      <args> y[51] y[39] </args>
      <args> y[41] y[53] </args>
      <args> y[45] y[47] </args>
    </group>
    <group>
      <extension>
        <list> %0 %1 </list>
        <supports> (1,6)(2,1)(3,0)(4,2)(5,1)(6,3)(7,2)(8,4)(9,3)(10,5)(11,4)(12,6)(13,5)(14,0) </supports>
      </extension>
      <args> z[1] x[1] </args>
      <args> z[2] x[2] </args>
      <args> z[3] x[3] </args>
      <args> z[4] x[4] </args>
      <args> z[5] x[5] </args>
      <args> z[6] x[6] </args>
      <args> z[7] x[7] </args>
      <args> z[8] x[8] </args>
      <args> z[9] x[9] </args>
      <args> z[10] x[10] </args>
      <args> z[11] x[11] </args>
      <args> z[12] x[12] </args>
      <args> z[13] x[13] </args>
      <args> z[14] x[14] </args>
      <args> z[15] x[15] </args>
      <args> z[16] x[16] </args>
      <args> z[17] x[17] </args>
      <args> z[18] x[18] </args>
      <args> z[19] x[19] </args>
      <args> z[20] x[20] </args>
      <args> z[21] x[21] </args>
      <args> z[22] x[22] </args>
      <args> z[23] x[23] </args>
      <args> z[24] x[24] </args>
      <args> z[25] x[25] </args>
      <args> z[26] x[26] </args>
      <args> z[27] x[27] </args>
    </group>
  </constraints>
</instance>
