<instance format="XCSP3" type="CSP">
  <variables>
    <array id="q" size="[25]"> 0..24 </array>
    <array id="k" size="[5]"> 0..624 </array>
  </variables>
  <constraints>
    <group>
      <intension> and(ne(%0,%1),ne(dist(%0,%1),%2)) </intension>
      <args> q[0] q[1] 1 </args>
      <args> q[0] q[2] 2 </args>
      <args> q[0] q[3] 3 </args>
      <args> q[0] q[4] 4 </args>
      <args> q[0] q[5] 5 </args>
      <args> q[0] q[6] 6 </args>
      <args> q[0] q[7] 7 </args>
      <args> q[0] q[8] 8 </args>
      <args> q[0] q[9] 9 </args>
      <args> q[0] q[10] 10 </args>
      <args> q[0] q[11] 11 </args>
      <args> q[0] q[12] 12 </args>
      <args> q[0] q[13] 13 </args>
      <args> q[0] q[14] 14 </args>
      <args> q[0] q[15] 15 </args>
      <args> q[0] q[16] 16 </args>
      <args> q[0] q[17] 17 </args>
      <args> q[0] q[18] 18 </args>
      <args> q[0] q[19] 19 </args>
      <args> q[0] q[20] 20 </args>
      <args> q[0] q[21] 21 </args>
      <args> q[0] q[22] 22 </args>
      <args> q[0] q[23] 23 </args>
      <args> q[0] q[24] 24 </args>
      <args> q[1] q[2] 1 </args>
      <args> q[1] q[3] 2 </args>
      <args> q[1] q[4] 3 </args>
      <args> q[1] q[5] 4 </args>
      <args> q[1] q[6] 5 </args>
      <args> q[1] q[7] 6 </args>
      <args> q[1] q[8] 7 </args>
      <args> q[1] q[9] 8 </args>
      <args> q[1] q[10] 9 </args>
      <args> q[1] q[11] 10 </args>
      <args> q[1] q[12] 11 </args>
      <args> q[1] q[13] 12 </args>
      <args> q[1] q[14] 13 </args>
      <args> q[1] q[15] 14 </args>
      <args> q[1] q[16] 15 </args>
      <args> q[1] q[17] 16 </args>
      <args> q[1] q[18] 17 </args>
      <args> q[1] q[19] 18 </args>
      <args> q[1] q[20] 19 </args>
      <args> q[1] q[21] 20 </args>
      <args> q[1] q[22] 21 </args>
      <args> q[1] q[23] 22 </args>
      <args> q[1] q[24] 23 </args>
      <args> q[2] q[3] 1 </args>
      <args> q[2] q[4] 2 </args>
      <args> q[2] q[5] 3 </args>
      <args> q[2] q[6] 4 </args>
      <args> q[2] q[7] 5 </args>
      <args> q[2] q[8] 6 </args>
      <args> q[2] q[9] 7 </args>
      <args> q[2] q[10] 8 </args>
      <args> q[2] q[11] 9 </args>
      <args> q[2] q[12] 10 </args>
      <args> q[2] q[13] 11 </args>
      <args> q[2] q[14] 12 </args>
      <args> q[2] q[15] 13 </args>
      <args> q[2] q[16] 14 </args>
      <args> q[2] q[17] 15 </args>
      <args> q[2] q[18] 16 </args>
      <args> q[2] q[19] 17 </args>
      <args> q[2] q[20] 18 </args>
      <args> q[2] q[21] 19 </args>
      <args> q[2] q[22] 20 </args>
      <args> q[2] q[23] 21 </args>
      <args> q[2] q[24] 22 </args>
      <args> q[3] q[4] 1 </args>
      <args> q[3] q[5] 2 </args>
      <args> q[3] q[6] 3 </args>
      <args> q[3] q[7] 4 </args>
      <args> q[3] q[8] 5 </args>
      <args> q[3] q[9] 6 </args>
      <args> q[3] q[10] 7 </args>
      <args> q[3] q[11] 8 </args>
      <args> q[3] q[12] 9 </args>
      <args> q[3] q[13] 10 </args>
      <args> q[3] q[14] 11 </args>
      <args> q[3] q[15] 12 </args>
      <args> q[3] q[16] 13 </args>
      <args> q[3] q[17] 14 </args>
      <args> q[3] q[18] 15 </args>
      <args> q[3] q[19] 16 </args>
      <args> q[3] q[20] 17 </args>
      <args> q[3] q[21] 18 </args>
      <args> q[3] q[22] 19 </args>
      <args> q[3] q[23] 20 </args>
      <args> q[3] q[24] 21 </args>
      <args> q[4] q[5] 1 </args>
      <args> q[4] q[6] 2 </args>
      <args> q[4] q[7] 3 </args>
      <args> q[4] q[8] 4 </args>
      <args> q[4] q[9] 5 </args>
      <args> q[4] q[10] 6 </args>
      <args> q[4] q[11] 7 </args>
      <args> q[4] q[12] 8 </args>
      <args> q[4] q[13] 9 </args>
      <args> q[4] q[14] 10 </args>
      <args> q[4] q[15] 11 </args>
      <args> q[4] q[16] 12 </args>
      <args> q[4] q[17] 13 </args>
      <args> q[4] q[18] 14 </args>
      <args> q[4] q[19] 15 </args>
      <args> q[4] q[20] 16 </args>
      <args> q[4] q[21] 17 </args>
      <args> q[4] q[22] 18 </args>
      <args> q[4] q[23] 19 </args>
      <args> q[4] q[24] 20 </args>
      <args> q[5] q[6] 1 </args>
      <args> q[5] q[7] 2 </args>
      <args> q[5] q[8] 3 </args>
      <args> q[5] q[9] 4 </args>
      <args> q[5] q[10] 5 </args>
      <args> q[5] q[11] 6 </args>
      <args> q[5] q[12] 7 </args>
      <args> q[5] q[13] 8 </args>
      <args> q[5] q[14] 9 </args>
      <args> q[5] q[15] 10 </args>
      <args> q[5] q[16] 11 </args>
      <args> q[5] q[17] 12 </args>
      <args> q[5] q[18] 13 </args>
      <args> q[5] q[19] 14 </args>
      <args> q[5] q[20] 15 </args>
      <args> q[5] q[21] 16 </args>
      <args> q[5] q[22] 17 </args>
      <args> q[5] q[23] 18 </args>
      <args> q[5] q[24] 19 </args>
      <args> q[6] q[7] 1 </args>
      <args> q[6] q[8] 2 </args>
      <args> q[6] q[9] 3 </args>
      <args> q[6] q[10] 4 </args>
      <args> q[6] q[11] 5 </args>
      <args> q[6] q[12] 6 </args>
      <args> q[6] q[13] 7 </args>
      <args> q[6] q[14] 8 </args>
      <args> q[6] q[15] 9 </args>
      <args> q[6] q[16] 10 </args>
      <args> q[6] q[17] 11 </args>
      <args> q[6] q[18] 12 </args>
      <args> q[6] q[19] 13 </args>
      <args> q[6] q[20] 14 </args>
      <args> q[6] q[21] 15 </args>
      <args> q[6] q[22] 16 </args>
      <args> q[6] q[23] 17 </args>
      <args> q[6] q[24] 18 </args>
      <args> q[7] q[8] 1 </args>
      <args> q[7] q[9] 2 </args>
      <args> q[7] q[10] 3 </args>
      <args> q[7] q[11] 4 </args>
      <args> q[7] q[12] 5 </args>
      <args> q[7] q[13] 6 </args>
      <args> q[7] q[14] 7 </args>
      <args> q[7] q[15] 8 </args>
      <args> q[7] q[16] 9 </args>
      <args> q[7] q[17] 10 </args>
      <args> q[7] q[18] 11 </args>
      <args> q[7] q[19] 12 </args>
      <args> q[7] q[20] 13 </args>
      <args> q[7] q[21] 14 </args>
      <args> q[7] q[22] 15 </args>
      <args> q[7] q[23] 16 </args>
      <args> q[7] q[24] 17 </args>
      <args> q[8] q[9] 1 </args>
      <args> q[8] q[10] 2 </args>
      <args> q[8] q[11] 3 </args>
      <args> q[8] q[12] 4 </args>
      <args> q[8] q[13] 5 </args>
      <args> q[8] q[14] 6 </args>
      <args> q[8] q[15] 7 </args>
      <args> q[8] q[16] 8 </args>
      <args> q[8] q[17] 9 </args>
      <args> q[8] q[18] 10 </args>
      <args> q[8] q[19] 11 </args>
      <args> q[8] q[20] 12 </args>
      <args> q[8] q[21] 13 </args>
      <args> q[8] q[22] 14 </args>
      <args> q[8] q[23] 15 </args>
      <args> q[8] q[24] 16 </args>
      <args> q[9] q[10] 1 </args>
      <args> q[9] q[11] 2 </args>
      <args> q[9] q[12] 3 </args>
      <args> q[9] q[13] 4 </args>
      <args> q[9] q[14] 5 </args>
      <args> q[9] q[15] 6 </args>
      <args> q[9] q[16] 7 </args>
      <args> q[9] q[17] 8 </args>
      <args> q[9] q[18] 9 </args>
      <args> q[9] q[19] 10 </args>
      <args> q[9] q[20] 11 </args>
      <args> q[9] q[21] 12 </args>
      <args> q[9] q[22] 13 </args>
      <args> q[9] q[23] 14 </args>
      <args> q[9] q[24] 15 </args>
      <args> q[10] q[11] 1 </args>
      <args> q[10] q[12] 2 </args>
      <args> q[10] q[13] 3 </args>
      <args> q[10] q[14] 4 </args>
      <args> q[10] q[15] 5 </args>
      <args> q[10] q[16] 6 </args>
      <args> q[10] q[17] 7 </args>
      <args> q[10] q[18] 8 </args>
      <args> q[10] q[19] 9 </args>
      <args> q[10] q[20] 10 </args>
      <args> q[10] q[21] 11 </args>
      <args> q[10] q[22] 12 </args>
      <args> q[10] q[23] 13 </args>
      <args> q[10] q[24] 14 </args>
      <args> q[11] q[12] 1 </args>
      <args> q[11] q[13] 2 </args>
      <args> q[11] q[14] 3 </args>
      <args> q[11] q[15] 4 </args>
      <args> q[11] q[16] 5 </args>
      <args> q[11] q[17] 6 </args>
      <args> q[11] q[18] 7 </args>
      <args> q[11] q[19] 8 </args>
      <args> q[11] q[20] 9 </args>
      <args> q[11] q[21] 10 </args>
      <args> q[11] q[22] 11 </args>
      <args> q[11] q[23] 12 </args>
      <args> q[11] q[24] 13 </args>
      <args> q[12] q[13] 1 </args>
      <args> q[12] q[14] 2 </args>
      <args> q[12] q[15] 3 </args>
      <args> q[12] q[16] 4 </args>
      <args> q[12] q[17] 5 </args>
      <args> q[12] q[18] 6 </args>
      <args> q[12] q[19] 7 </args>
      <args> q[12] q[20] 8 </args>
      <args> q[12] q[21] 9 </args>
      <args> q[12] q[22] 10 </args>
      <args> q[12] q[23] 11 </args>
      <args> q[12] q[24] 12 </args>
      <args> q[13] q[14] 1 </args>
      <args> q[13] q[15] 2 </args>
      <args> q[13] q[16] 3 </args>
      <args> q[13] q[17] 4 </args>
      <args> q[13] q[18] 5 </args>
      <args> q[13] q[19] 6 </args>
      <args> q[13] q[20] 7 </args>
      <args> q[13] q[21] 8 </args>
      <args> q[13] q[22] 9 </args>
      <args> q[13] q[23] 10 </args>
      <args> q[13] q[24] 11 </args>
      <args> q[14] q[15] 1 </args>
      <args> q[14] q[16] 2 </args>
      <args> q[14] q[17] 3 </args>
      <args> q[14] q[18] 4 </args>
      <args> q[14] q[19] 5 </args>
      <args> q[14] q[20] 6 </args>
      <args> q[14] q[21] 7 </args>
      <args> q[14] q[22] 8 </args>
      <args> q[14] q[23] 9 </args>
      <args> q[14] q[24] 10 </args>
      <args> q[15] q[16] 1 </args>
      <args> q[15] q[17] 2 </args>
      <args> q[15] q[18] 3 </args>
      <args> q[15] q[19] 4 </args>
      <args> q[15] q[20] 5 </args>
      <args> q[15] q[21] 6 </args>
      <args> q[15] q[22] 7 </args>
      <args> q[15] q[23] 8 </args>
      <args> q[15] q[24] 9 </args>
      <args> q[16] q[17] 1 </args>
      <args> q[16] q[18] 2 </args>
      <args> q[16] q[19] 3 </args>
      <args> q[16] q[20] 4 </args>
      <args> q[16] q[21] 5 </args>
      <args> q[16] q[22] 6 </args>
      <args> q[16] q[23] 7 </args>
      <args> q[16] q[24] 8 </args>
      <args> q[17] q[18] 1 </args>
      <args> q[17] q[19] 2 </args>
      <args> q[17] q[20] 3 </args>
      <args> q[17] q[21] 4 </args>
      <args> q[17] q[22] 5 </args>
      <args> q[17] q[23] 6 </args>
      <args> q[17] q[24] 7 </args>
      <args> q[18] q[19] 1 </args>
      <args> q[18] q[20] 2 </args>
      <args> q[18] q[21] 3 </args>
      <args> q[18] q[22] 4 </args>
      <args> q[18] q[23] 5 </args>
      <args> q[18] q[24] 6 </args>
      <args> q[19] q[20] 1 </args>
      <args> q[19] q[21] 2 </args>
      <args> q[19] q[22] 3 </args>
      <args> q[19] q[23] 4 </args>
      <args> q[19] q[24] 5 </args>
      <args> q[20] q[21] 1 </args>
      <args> q[20] q[22] 2 </args>
      <args> q[20] q[23] 3 </args>
      <args> q[20] q[24] 4 </args>
      <args> q[21] q[22] 1 </args>
      <args> q[21] q[23] 2 </args>
      <args> q[21] q[24] 3 </args>
      <args> q[22] q[23] 1 </args>
      <args> q[22] q[24] 2 </args>
      <args> q[23] q[24] 1 </args>
    </group>
    <group>
      <intension> or(and(eq(dist(div(%0,%1),div(%2,%3)),%4),eq(dist(mod(%0,%5),mod(%2,%6)),%7)),and(eq(dist(div(%0,%8),div(%2,%9)),%10),eq(dist(mod(%0,%11),mod(%2,%12)),%13))) </intension>
      <args> k[0] 25 k[1] 25 1 25 25 2 25 25 2 25 25 1 </args>
      <args> k[1] 25 k[2] 25 1 25 25 2 25 25 2 25 25 1 </args>
      <args> k[2] 25 k[3] 25 1 25 25 2 25 25 2 25 25 1 </args>
      <args> k[3] 25 k[4] 25 1 25 25 2 25 25 2 25 25 1 </args>
      <args> k[4] 25 k[0] 25 1 25 25 2 25 25 2 25 25 1 </args>
    </group>
    <group>
      <intension> ne(%0,%1) </intension>
      <args> k[0] k[2] </args>
      <args> k[0] k[3] </args>
      <args> k[1] k[3] </args>
      <args> k[1] k[4] </args>
      <args> k[2] k[4] </args>
    </group>
  </constraints>
</instance>
