<instance format="XCSP3" type="CSP">
  <variables>
    <array id="q" size="[20]"> 0..19 </array>
    <array id="k" size="[5]"> 0..399 </array>
  </variables>
  <constraints>
    <group>
      <intension> and(ne(%0,%1),ne(dist(%0,%1),%2)) </intension>
      <args> q[0] q[1] 1 </args>
      <args> q[0] q[2] 2 </args>
      <args> q[0] q[3] 3 </args>
      <args> q[0] q[4] 4 </args>
      <args> q[0] q[5] 5 </args>
      <args> q[0] q[6] 6 </args>
      <args> q[0] q[7] 7 </args>
      <args> q[0] q[8] 8 </args>
      <args> q[0] q[9] 9 </args>
      <args> q[0] q[10] 10 </args>
      <args> q[0] q[11] 11 </args>
      <args> q[0] q[12] 12 </args>
      <args> q[0] q[13] 13 </args>
      <args> q[0] q[14] 14 </args>
      <args> q[0] q[15] 15 </args>
      <args> q[0] q[16] 16 </args>
      <args> q[0] q[17] 17 </args>
      <args> q[0] q[18] 18 </args>
      <args> q[0] q[19] 19 </args>
      <args> q[1] q[2] 1 </args>
      <args> q[1] q[3] 2 </args>
      <args> q[1] q[4] 3 </args>
      <args> q[1] q[5] 4 </args>
      <args> q[1] q[6] 5 </args>
      <args> q[1] q[7] 6 </args>
      <args> q[1] q[8] 7 </args>
      <args> q[1] q[9] 8 </args>
      <args> q[1] q[10] 9 </args>
      <args> q[1] q[11] 10 </args>
      <args> q[1] q[12] 11 </args>
      <args> q[1] q[13] 12 </args>
      <args> q[1] q[14] 13 </args>
      <args> q[1] q[15] 14 </args>
      <args> q[1] q[16] 15 </args>
      <args> q[1] q[17] 16 </args>
      <args> q[1] q[18] 17 </args>
      <args> q[1] q[19] 18 </args>
      <args> q[2] q[3] 1 </args>
      <args> q[2] q[4] 2 </args>
      <args> q[2] q[5] 3 </args>
      <args> q[2] q[6] 4 </args>
      <args> q[2] q[7] 5 </args>
      <args> q[2] q[8] 6 </args>
      <args> q[2] q[9] 7 </args>
      <args> q[2] q[10] 8 </args>
      <args> q[2] q[11] 9 </args>
      <args> q[2] q[12] 10 </args>
      <args> q[2] q[13] 11 </args>
      <args> q[2] q[14] 12 </args>
      <args> q[2] q[15] 13 </args>
      <args> q[2] q[16] 14 </args>
      <args> q[2] q[17] 15 </args>
      <args> q[2] q[18] 16 </args>
      <args> q[2] q[19] 17 </args>
      <args> q[3] q[4] 1 </args>
      <args> q[3] q[5] 2 </args>
      <args> q[3] q[6] 3 </args>
      <args> q[3] q[7] 4 </args>
      <args> q[3] q[8] 5 </args>
      <args> q[3] q[9] 6 </args>
      <args> q[3] q[10] 7 </args>
      <args> q[3] q[11] 8 </args>
      <args> q[3] q[12] 9 </args>
      <args> q[3] q[13] 10 </args>
      <args> q[3] q[14] 11 </args>
      <args> q[3] q[15] 12 </args>
      <args> q[3] q[16] 13 </args>
      <args> q[3] q[17] 14 </args>
      <args> q[3] q[18] 15 </args>
      <args> q[3] q[19] 16 </args>
      <args> q[4] q[5] 1 </args>
      <args> q[4] q[6] 2 </args>
      <args> q[4] q[7] 3 </args>
      <args> q[4] q[8] 4 </args>
      <args> q[4] q[9] 5 </args>
      <args> q[4] q[10] 6 </args>
      <args> q[4] q[11] 7 </args>
      <args> q[4] q[12] 8 </args>
      <args> q[4] q[13] 9 </args>
      <args> q[4] q[14] 10 </args>
      <args> q[4] q[15] 11 </args>
      <args> q[4] q[16] 12 </args>
      <args> q[4] q[17] 13 </args>
      <args> q[4] q[18] 14 </args>
      <args> q[4] q[19] 15 </args>
      <args> q[5] q[6] 1 </args>
      <args> q[5] q[7] 2 </args>
      <args> q[5] q[8] 3 </args>
      <args> q[5] q[9] 4 </args>
      <args> q[5] q[10] 5 </args>
      <args> q[5] q[11] 6 </args>
      <args> q[5] q[12] 7 </args>
      <args> q[5] q[13] 8 </args>
      <args> q[5] q[14] 9 </args>
      <args> q[5] q[15] 10 </args>
      <args> q[5] q[16] 11 </args>
      <args> q[5] q[17] 12 </args>
      <args> q[5] q[18] 13 </args>
      <args> q[5] q[19] 14 </args>
      <args> q[6] q[7] 1 </args>
      <args> q[6] q[8] 2 </args>
      <args> q[6] q[9] 3 </args>
      <args> q[6] q[10] 4 </args>
      <args> q[6] q[11] 5 </args>
      <args> q[6] q[12] 6 </args>
      <args> q[6] q[13] 7 </args>
      <args> q[6] q[14] 8 </args>
      <args> q[6] q[15] 9 </args>
      <args> q[6] q[16] 10 </args>
      <args> q[6] q[17] 11 </args>
      <args> q[6] q[18] 12 </args>
      <args> q[6] q[19] 13 </args>
      <args> q[7] q[8] 1 </args>
      <args> q[7] q[9] 2 </args>
      <args> q[7] q[10] 3 </args>
      <args> q[7] q[11] 4 </args>
      <args> q[7] q[12] 5 </args>
      <args> q[7] q[13] 6 </args>
      <args> q[7] q[14] 7 </args>
      <args> q[7] q[15] 8 </args>
      <args> q[7] q[16] 9 </args>
      <args> q[7] q[17] 10 </args>
      <args> q[7] q[18] 11 </args>
      <args> q[7] q[19] 12 </args>
      <args> q[8] q[9] 1 </args>
      <args> q[8] q[10] 2 </args>
      <args> q[8] q[11] 3 </args>
      <args> q[8] q[12] 4 </args>
      <args> q[8] q[13] 5 </args>
      <args> q[8] q[14] 6 </args>
      <args> q[8] q[15] 7 </args>
      <args> q[8] q[16] 8 </args>
      <args> q[8] q[17] 9 </args>
      <args> q[8] q[18] 10 </args>
      <args> q[8] q[19] 11 </args>
      <args> q[9] q[10] 1 </args>
      <args> q[9] q[11] 2 </args>
      <args> q[9] q[12] 3 </args>
      <args> q[9] q[13] 4 </args>
      <args> q[9] q[14] 5 </args>
      <args> q[9] q[15] 6 </args>
      <args> q[9] q[16] 7 </args>
      <args> q[9] q[17] 8 </args>
      <args> q[9] q[18] 9 </args>
      <args> q[9] q[19] 10 </args>
      <args> q[10] q[11] 1 </args>
      <args> q[10] q[12] 2 </args>
      <args> q[10] q[13] 3 </args>
      <args> q[10] q[14] 4 </args>
      <args> q[10] q[15] 5 </args>
      <args> q[10] q[16] 6 </args>
      <args> q[10] q[17] 7 </args>
      <args> q[10] q[18] 8 </args>
      <args> q[10] q[19] 9 </args>
      <args> q[11] q[12] 1 </args>
      <args> q[11] q[13] 2 </args>
      <args> q[11] q[14] 3 </args>
      <args> q[11] q[15] 4 </args>
      <args> q[11] q[16] 5 </args>
      <args> q[11] q[17] 6 </args>
      <args> q[11] q[18] 7 </args>
      <args> q[11] q[19] 8 </args>
      <args> q[12] q[13] 1 </args>
      <args> q[12] q[14] 2 </args>
      <args> q[12] q[15] 3 </args>
      <args> q[12] q[16] 4 </args>
      <args> q[12] q[17] 5 </args>
      <args> q[12] q[18] 6 </args>
      <args> q[12] q[19] 7 </args>
      <args> q[13] q[14] 1 </args>
      <args> q[13] q[15] 2 </args>
      <args> q[13] q[16] 3 </args>
      <args> q[13] q[17] 4 </args>
      <args> q[13] q[18] 5 </args>
      <args> q[13] q[19] 6 </args>
      <args> q[14] q[15] 1 </args>
      <args> q[14] q[16] 2 </args>
      <args> q[14] q[17] 3 </args>
      <args> q[14] q[18] 4 </args>
      <args> q[14] q[19] 5 </args>
      <args> q[15] q[16] 1 </args>
      <args> q[15] q[17] 2 </args>
      <args> q[15] q[18] 3 </args>
      <args> q[15] q[19] 4 </args>
      <args> q[16] q[17] 1 </args>
      <args> q[16] q[18] 2 </args>
      <args> q[16] q[19] 3 </args>
      <args> q[17] q[18] 1 </args>
      <args> q[17] q[19] 2 </args>
      <args> q[18] q[19] 1 </args>
    </group>
    <group>
      <intension> or(and(eq(dist(div(%0,%1),div(%2,%3)),%4),eq(dist(mod(%0,%5),mod(%2,%6)),%7)),and(eq(dist(div(%0,%8),div(%2,%9)),%10),eq(dist(mod(%0,%11),mod(%2,%12)),%13))) </intension>
      <args> k[0] 20 k[1] 20 1 20 20 2 20 20 2 20 20 1 </args>
      <args> k[1] 20 k[2] 20 1 20 20 2 20 20 2 20 20 1 </args>
      <args> k[2] 20 k[3] 20 1 20 20 2 20 20 2 20 20 1 </args>
      <args> k[3] 20 k[4] 20 1 20 20 2 20 20 2 20 20 1 </args>
      <args> k[4] 20 k[0] 20 1 20 20 2 20 20 2 20 20 1 </args>
    </group>
    <group>
      <intension> ne(%0,%1) </intension>
      <args> k[0] k[2] </args>
      <args> k[0] k[3] </args>
      <args> k[1] k[3] </args>
      <args> k[1] k[4] </args>
      <args> k[2] k[4] </args>
    </group>
    <group>
      <intension> or(ne(%0,mod(%1,%2)),ne(%3,div(%1,%4))) </intension>
      <args> q[0] k[0] 20 0 20 </args>
      <args> q[0] k[1] 20 0 20 </args>
      <args> q[0] k[2] 20 0 20 </args>
      <args> q[0] k[3] 20 0 20 </args>
      <args> q[0] k[4] 20 0 20 </args>
      <args> q[1] k[0] 20 1 20 </args>
      <args> q[1] k[1] 20 1 20 </args>
      <args> q[1] k[2] 20 1 20 </args>
      <args> q[1] k[3] 20 1 20 </args>
      <args> q[1] k[4] 20 1 20 </args>
      <args> q[2] k[0] 20 2 20 </args>
      <args> q[2] k[1] 20 2 20 </args>
      <args> q[2] k[2] 20 2 20 </args>
      <args> q[2] k[3] 20 2 20 </args>
      <args> q[2] k[4] 20 2 20 </args>
      <args> q[3] k[0] 20 3 20 </args>
      <args> q[3] k[1] 20 3 20 </args>
      <args> q[3] k[2] 20 3 20 </args>
      <args> q[3] k[3] 20 3 20 </args>
      <args> q[3] k[4] 20 3 20 </args>
      <args> q[4] k[0] 20 4 20 </args>
      <args> q[4] k[1] 20 4 20 </args>
      <args> q[4] k[2] 20 4 20 </args>
      <args> q[4] k[3] 20 4 20 </args>
      <args> q[4] k[4] 20 4 20 </args>
      <args> q[5] k[0] 20 5 20 </args>
      <args> q[5] k[1] 20 5 20 </args>
      <args> q[5] k[2] 20 5 20 </args>
      <args> q[5] k[3] 20 5 20 </args>
      <args> q[5] k[4] 20 5 20 </args>
      <args> q[6] k[0] 20 6 20 </args>
      <args> q[6] k[1] 20 6 20 </args>
      <args> q[6] k[2] 20 6 20 </args>
      <args> q[6] k[3] 20 6 20 </args>
      <args> q[6] k[4] 20 6 20 </args>
      <args> q[7] k[0] 20 7 20 </args>
      <args> q[7] k[1] 20 7 20 </args>
      <args> q[7] k[2] 20 7 20 </args>
      <args> q[7] k[3] 20 7 20 </args>
      <args> q[7] k[4] 20 7 20 </args>
      <args> q[8] k[0] 20 8 20 </args>
      <args> q[8] k[1] 20 8 20 </args>
      <args> q[8] k[2] 20 8 20 </args>
      <args> q[8] k[3] 20 8 20 </args>
      <args> q[8] k[4] 20 8 20 </args>
      <args> q[9] k[0] 20 9 20 </args>
      <args> q[9] k[1] 20 9 20 </args>
      <args> q[9] k[2] 20 9 20 </args>
      <args> q[9] k[3] 20 9 20 </args>
      <args> q[9] k[4] 20 9 20 </args>
      <args> q[10] k[0] 20 10 20 </args>
      <args> q[10] k[1] 20 10 20 </args>
      <args> q[10] k[2] 20 10 20 </args>
      <args> q[10] k[3] 20 10 20 </args>
      <args> q[10] k[4] 20 10 20 </args>
      <args> q[11] k[0] 20 11 20 </args>
      <args> q[11] k[1] 20 11 20 </args>
      <args> q[11] k[2] 20 11 20 </args>
      <args> q[11] k[3] 20 11 20 </args>
      <args> q[11] k[4] 20 11 20 </args>
      <args> q[12] k[0] 20 12 20 </args>
      <args> q[12] k[1] 20 12 20 </args>
      <args> q[12] k[2] 20 12 20 </args>
      <args> q[12] k[3] 20 12 20 </args>
      <args> q[12] k[4] 20 12 20 </args>
      <args> q[13] k[0] 20 13 20 </args>
      <args> q[13] k[1] 20 13 20 </args>
      <args> q[13] k[2] 20 13 20 </args>
      <args> q[13] k[3] 20 13 20 </args>
      <args> q[13] k[4] 20 13 20 </args>
      <args> q[14] k[0] 20 14 20 </args>
      <args> q[14] k[1] 20 14 20 </args>
      <args> q[14] k[2] 20 14 20 </args>
      <args> q[14] k[3] 20 14 20 </args>
      <args> q[14] k[4] 20 14 20 </args>
      <args> q[15] k[0] 20 15 20 </args>
      <args> q[15] k[1] 20 15 20 </args>
      <args> q[15] k[2] 20 15 20 </args>
      <args> q[15] k[3] 20 15 20 </args>
      <args> q[15] k[4] 20 15 20 </args>
      <args> q[16] k[0] 20 16 20 </args>
      <args> q[16] k[1] 20 16 20 </args>
      <args> q[16] k[2] 20 16 20 </args>
      <args> q[16] k[3] 20 16 20 </args>
      <args> q[16] k[4] 20 16 20 </args>
      <args> q[17] k[0] 20 17 20 </args>
      <args> q[17] k[1] 20 17 20 </args>
      <args> q[17] k[2] 20 17 20 </args>
      <args> q[17] k[3] 20 17 20 </args>
      <args> q[17] k[4] 20 17 20 </args>
      <args> q[18] k[0] 20 18 20 </args>
      <args> q[18] k[1] 20 18 20 </args>
      <args> q[18] k[2] 20 18 20 </args>
      <args> q[18] k[3] 20 18 20 </args>
      <args> q[18] k[4] 20 18 20 </args>
      <args> q[19] k[0] 20 19 20 </args>
      <args> q[19] k[1] 20 19 20 </args>
      <args> q[19] k[2] 20 19 20 </args>
      <args> q[19] k[3] 20 19 20 </args>
      <args> q[19] k[4] 20 19 20 </args>
    </group>
  </constraints>
</instance>
