<instance format="XCSP3" type="CSP">
  <variables>
    <array id="x" size="[9]"> 0..399 </array>
  </variables>
  <constraints>
    <group>
      <intension> ne(%0,%1) </intension>
      <args> x[0] x[2] </args>
      <args> x[0] x[3] </args>
      <args> x[0] x[4] </args>
      <args> x[0] x[5] </args>
      <args> x[0] x[6] </args>
      <args> x[0] x[7] </args>
      <args> x[1] x[3] </args>
      <args> x[1] x[4] </args>
      <args> x[1] x[5] </args>
      <args> x[1] x[6] </args>
      <args> x[1] x[7] </args>
      <args> x[1] x[8] </args>
      <args> x[2] x[4] </args>
      <args> x[2] x[5] </args>
      <args> x[2] x[6] </args>
      <args> x[2] x[7] </args>
      <args> x[2] x[8] </args>
      <args> x[3] x[5] </args>
      <args> x[3] x[6] </args>
      <args> x[3] x[7] </args>
      <args> x[3] x[8] </args>
      <args> x[4] x[6] </args>
      <args> x[4] x[7] </args>
      <args> x[4] x[8] </args>
      <args> x[5] x[7] </args>
      <args> x[5] x[8] </args>
      <args> x[6] x[8] </args>
    </group>
    <slide circular="true">
      <list collect="2"> x[] </list>
      <intension> or(and(eq(dist(div(%0,20),div(%1,20)),1),eq(dist(mod(%0,20),mod(%1,20)),2)),and(eq(dist(div(%0,20),div(%1,20)),2),eq(dist(mod(%0,20),mod(%1,20)),1))) </intension>
    </slide>
  </constraints>
</instance>
