<instance format="XCSP3" type="CSP">
  <variables>
    <array id="x" size="[5]"> 0..63 </array>
  </variables>
  <constraints>
    <group>
      <intension> ne(%0,%1) </intension>
      <args> x[0] x[2] </args>
      <args> x[0] x[3] </args>
      <args> x[1] x[3] </args>
      <args> x[1] x[4] </args>
      <args> x[2] x[4] </args>
    </group>
    <slide circular="true">
      <list collect="2"> x[] </list>
      <intension> or(and(eq(dist(div(%0,8),div(%1,8)),1),eq(dist(mod(%0,8),mod(%1,8)),2)),and(eq(dist(div(%0,8),div(%1,8)),2),eq(dist(mod(%0,8),mod(%1,8)),1))) </intension>
    </slide>
  </constraints>
</instance>
