<instance format="XCSP3" type="CSP">
  <variables>
    <array id="x" size="[11]"> 0..9 </array>
    <array id="y" size="[22]"> 0..10 </array>
  </variables>
  <constraints>
    <group>
      <extension>
        <list> %0 %1 </list>
        <supports> (0,1)(0,2)(0,3)(0,4)(0,5)(0,6)(0,7)(0,8)(0,9)(1,0)(1,2)(1,3)(1,4)(1,5)(1,6)(1,7)(1,8)(1,9)(2,0)(2,1)(2,3)(2,4)(2,5)(2,6)(2,7)(2,8)(2,9)(3,0)(3,1)(3,2)(3,4)(3,5)(3,6)(3,7)(3,8)(3,9)(4,0)(4,1)(4,2)(4,3)(4,5)(4,6)(4,7)(4,8)(4,9)(5,0)(5,1)(5,2)(5,3)(5,4)(5,6)(5,7)(5,8)(5,9)(6,0)(6,1)(6,2)(6,3)(6,4)(6,5)(6,7)(6,8)(6,9)(7,0)(7,1)(7,2)(7,3)(7,4)(7,5)(7,6)(7,8)(7,9)(8,0)(8,1)(8,2)(8,3)(8,4)(8,5)(8,6)(8,7)(8,9)(9,0)(9,1)(9,2)(9,3)(9,4)(9,5)(9,6)(9,7)(9,8) </supports>
      </extension>
      <args> x[0] x[1] </args>
      <args> x[0] x[2] </args>
      <args> x[0] x[3] </args>
      <args> x[0] x[4] </args>
      <args> x[0] x[5] </args>
      <args> x[0] x[6] </args>
      <args> x[0] x[7] </args>
      <args> x[0] x[8] </args>
      <args> x[0] x[9] </args>
      <args> x[0] x[10] </args>
      <args> x[1] x[2] </args>
      <args> x[1] x[3] </args>
      <args> x[1] x[4] </args>
      <args> x[1] x[5] </args>
      <args> x[1] x[6] </args>
      <args> x[1] x[7] </args>
      <args> x[1] x[8] </args>
      <args> x[1] x[9] </args>
      <args> x[1] x[10] </args>
      <args> x[2] x[3] </args>
      <args> x[2] x[4] </args>
      <args> x[2] x[5] </args>
      <args> x[2] x[6] </args>
      <args> x[2] x[7] </args>
      <args> x[2] x[8] </args>
      <args> x[2] x[9] </args>
      <args> x[2] x[10] </args>
      <args> x[3] x[4] </args>
      <args> x[3] x[5] </args>
      <args> x[3] x[6] </args>
      <args> x[3] x[7] </args>
      <args> x[3] x[8] </args>
      <args> x[3] x[9] </args>
      <args> x[3] x[10] </args>
      <args> x[4] x[5] </args>
      <args> x[4] x[6] </args>
      <args> x[4] x[7] </args>
      <args> x[4] x[8] </args>
      <args> x[4] x[9] </args>
      <args> x[4] x[10] </args>
      <args> x[5] x[6] </args>
      <args> x[5] x[7] </args>
      <args> x[5] x[8] </args>
      <args> x[5] x[9] </args>
      <args> x[5] x[10] </args>
      <args> x[6] x[7] </args>
      <args> x[6] x[8] </args>
      <args> x[6] x[9] </args>
      <args> x[6] x[10] </args>
      <args> x[7] x[8] </args>
      <args> x[7] x[9] </args>
      <args> x[7] x[10] </args>
      <args> x[8] x[9] </args>
      <args> x[8] x[10] </args>
      <args> x[9] x[10] </args>
    </group>
    <group>
      <extension>
        <list> %0 %1 </list>
        <supports> (0,0)(0,1)(0,2)(0,3)(0,4)(0,5)(0,6)(0,7)(0,8)(0,9)(1,0)(1,1)(1,2)(1,3)(1,4)(1,5)(1,6)(1,7)(1,8)(1,9)(2,0)(2,1)(2,2)(2,3)(2,4)(2,5)(2,6)(2,7)(2,8)(2,9)(3,0)(3,1)(3,2)(3,3)(3,4)(3,5)(3,6)(3,7)(3,8)(3,9)(4,0)(4,1)(4,2)(4,3)(4,4)(4,5)(4,6)(4,7)(4,8)(4,9)(5,0)(5,1)(5,2)(5,3)(5,4)(5,5)(5,6)(5,7)(5,8)(5,9)(6,0)(6,1)(6,2)(6,3)(6,4)(6,5)(6,6)(6,7)(6,8)(6,9)(7,0)(7,1)(7,2)(7,3)(7,4)(7,5)(7,6)(7,7)(7,8)(7,9)(8,0)(8,1)(8,2)(8,3)(8,4)(8,5)(8,6)(8,7)(8,8)(8,9)(9,0)(9,1)(9,2)(9,3)(9,4)(9,5)(9,6)(9,7)(9,8)(9,9)(10,10) </supports>
      </extension>
      <args> y[0] y[1] </args>
      <args> y[2] y[3] </args>
      <args> y[4] y[5] </args>
      <args> y[6] y[7] </args>
      <args> y[8] y[9] </args>
      <args> y[10] y[11] </args>
      <args> y[12] y[13] </args>
      <args> y[14] y[15] </args>
      <args> y[16] y[17] </args>
      <args> y[18] y[19] </args>
      <args> y[20] y[21] </args>
    </group>
    <group>
      <extension>
        <list> %0 %1 </list>
        <supports> (0,0)(1,1)(2,2)(3,3)(4,4)(5,5)(6,6)(7,7)(8,8)(9,9)(0,10)(1,10)(2,10)(3,10)(4,10)(5,10)(6,10)(7,10)(8,10)(9,10) </supports>
      </extension>
      <args> x[0] y[0] </args>
      <args> x[1] y[2] </args>
      <args> x[2] y[4] </args>
      <args> x[3] y[6] </args>
      <args> x[4] y[8] </args>
      <args> x[5] y[10] </args>
      <args> x[6] y[12] </args>
      <args> x[7] y[14] </args>
      <args> x[8] y[16] </args>
      <args> x[9] y[18] </args>
      <args> x[10] y[20] </args>
    </group>
  </constraints>
</instance>
