<instance format="XCSP3" type="CSP">
  <variables>
    <var id="w0"> 0..3 9..11 18 19 27 </var>
    <array id="x" size="[64]"> 0..63 </array>
  </variables>
  <constraints>
    <group>
      <intension> ne(%0,%1) </intension>
      <args> x[0] x[2] </args>
      <args> x[0] x[3] </args>
      <args> x[0] x[4] </args>
      <args> x[0] x[5] </args>
      <args> x[0] x[6] </args>
      <args> x[0] x[7] </args>
      <args> x[0] x[8] </args>
      <args> x[0] x[9] </args>
      <args> x[0] x[10] </args>
      <args> x[0] x[11] </args>
      <args> x[0] x[12] </args>
      <args> x[0] x[13] </args>
      <args> x[0] x[14] </args>
      <args> x[0] x[15] </args>
      <args> x[0] x[16] </args>
      <args> x[0] x[17] </args>
      <args> x[0] x[18] </args>
      <args> x[0] x[19] </args>
      <args> x[0] x[20] </args>
      <args> x[0] x[21] </args>
      <args> x[0] x[22] </args>
      <args> x[0] x[23] </args>
      <args> x[0] x[24] </args>
      <args> x[0] x[25] </args>
      <args> x[0] x[26] </args>
      <args> x[0] x[27] </args>
      <args> x[0] x[28] </args>
      <args> x[0] x[29] </args>
      <args> x[0] x[30] </args>
      <args> x[0] x[31] </args>
      <args> x[0] x[32] </args>
      <args> x[0] x[33] </args>
      <args> x[0] x[34] </args>
      <args> x[0] x[35] </args>
      <args> x[0] x[36] </args>
      <args> x[0] x[37] </args>
      <args> x[0] x[38] </args>
      <args> x[0] x[39] </args>
      <args> x[0] x[40] </args>
      <args> x[0] x[41] </args>
      <args> x[0] x[42] </args>
      <args> x[0] x[43] </args>
      <args> x[0] x[44] </args>
      <args> x[0] x[45] </args>
      <args> x[0] x[46] </args>
      <args> x[0] x[47] </args>
      <args> x[0] x[48] </args>
      <args> x[0] x[49] </args>
      <args> x[0] x[50] </args>
      <args> x[0] x[51] </args>
      <args> x[0] x[52] </args>
      <args> x[0] x[53] </args>
      <args> x[0] x[54] </args>
      <args> x[0] x[55] </args>
      <args> x[0] x[56] </args>
      <args> x[0] x[57] </args>
      <args> x[0] x[58] </args>
      <args> x[0] x[59] </args>
      <args> x[0] x[60] </args>
      <args> x[0] x[61] </args>
      <args> x[0] x[62] </args>
      <args> x[0] x[63] </args>
      <args> x[1] x[3] </args>
      <args> x[1] x[4] </args>
      <args> x[1] x[5] </args>
      <args> x[1] x[6] </args>
      <args> x[1] x[7] </args>
      <args> x[1] x[8] </args>
      <args> x[1] x[9] </args>
      <args> x[1] x[10] </args>
      <args> x[1] x[11] </args>
      <args> x[1] x[12] </args>
      <args> x[1] x[13] </args>
      <args> x[1] x[14] </args>
      <args> x[1] x[15] </args>
      <args> x[1] x[16] </args>
      <args> x[1] x[17] </args>
      <args> x[1] x[18] </args>
      <args> x[1] x[19] </args>
      <args> x[1] x[20] </args>
      <args> x[1] x[21] </args>
      <args> x[1] x[22] </args>
      <args> x[1] x[23] </args>
      <args> x[1] x[24] </args>
      <args> x[1] x[25] </args>
      <args> x[1] x[26] </args>
      <args> x[1] x[27] </args>
      <args> x[1] x[28] </args>
      <args> x[1] x[29] </args>
      <args> x[1] x[30] </args>
      <args> x[1] x[31] </args>
      <args> x[1] x[32] </args>
      <args> x[1] x[33] </args>
      <args> x[1] x[34] </args>
      <args> x[1] x[35] </args>
      <args> x[1] x[36] </args>
      <args> x[1] x[37] </args>
      <args> x[1] x[38] </args>
      <args> x[1] x[39] </args>
      <args> x[1] x[40] </args>
      <args> x[1] x[41] </args>
      <args> x[1] x[42] </args>
      <args> x[1] x[43] </args>
      <args> x[1] x[44] </args>
      <args> x[1] x[45] </args>
      <args> x[1] x[46] </args>
      <args> x[1] x[47] </args>
      <args> x[1] x[48] </args>
      <args> x[1] x[49] </args>
      <args> x[1] x[50] </args>
      <args> x[1] x[51] </args>
      <args> x[1] x[52] </args>
      <args> x[1] x[53] </args>
      <args> x[1] x[54] </args>
      <args> x[1] x[55] </args>
      <args> x[1] x[56] </args>
      <args> x[1] x[57] </args>
      <args> x[1] x[58] </args>
      <args> x[1] x[59] </args>
      <args> x[1] x[60] </args>
      <args> x[1] x[61] </args>
      <args> x[1] x[62] </args>
      <args> x[1] x[63] </args>
      <args> x[2] x[4] </args>
      <args> x[2] x[5] </args>
      <args> x[2] x[6] </args>
      <args> x[2] x[7] </args>
      <args> x[2] x[8] </args>
      <args> x[2] x[9] </args>
      <args> x[2] x[10] </args>
      <args> x[2] x[11] </args>
      <args> x[2] x[12] </args>
      <args> x[2] x[13] </args>
      <args> x[2] x[14] </args>
      <args> x[2] x[15] </args>
      <args> x[2] x[16] </args>
      <args> x[2] x[17] </args>
      <args> x[2] x[18] </args>
      <args> x[2] x[19] </args>
      <args> x[2] x[20] </args>
      <args> x[2] x[21] </args>
      <args> x[2] x[22] </args>
      <args> x[2] x[23] </args>
      <args> x[2] x[24] </args>
      <args> x[2] x[25] </args>
      <args> x[2] x[26] </args>
      <args> x[2] x[27] </args>
      <args> x[2] x[28] </args>
      <args> x[2] x[29] </args>
      <args> x[2] x[30] </args>
      <args> x[2] x[31] </args>
      <args> x[2] x[32] </args>
      <args> x[2] x[33] </args>
      <args> x[2] x[34] </args>
      <args> x[2] x[35] </args>
      <args> x[2] x[36] </args>
      <args> x[2] x[37] </args>
      <args> x[2] x[38] </args>
      <args> x[2] x[39] </args>
      <args> x[2] x[40] </args>
      <args> x[2] x[41] </args>
      <args> x[2] x[42] </args>
      <args> x[2] x[43] </args>
      <args> x[2] x[44] </args>
      <args> x[2] x[45] </args>
      <args> x[2] x[46] </args>
      <args> x[2] x[47] </args>
      <args> x[2] x[48] </args>
      <args> x[2] x[49] </args>
      <args> x[2] x[50] </args>
      <args> x[2] x[51] </args>
      <args> x[2] x[52] </args>
      <args> x[2] x[53] </args>
      <args> x[2] x[54] </args>
      <args> x[2] x[55] </args>
      <args> x[2] x[56] </args>
      <args> x[2] x[57] </args>
      <args> x[2] x[58] </args>
      <args> x[2] x[59] </args>
      <args> x[2] x[60] </args>
      <args> x[2] x[61] </args>
      <args> x[2] x[62] </args>
      <args> x[2] x[63] </args>
      <args> x[3] x[5] </args>
      <args> x[3] x[6] </args>
      <args> x[3] x[7] </args>
      <args> x[3] x[8] </args>
      <args> x[3] x[9] </args>
      <args> x[3] x[10] </args>
      <args> x[3] x[11] </args>
      <args> x[3] x[12] </args>
      <args> x[3] x[13] </args>
      <args> x[3] x[14] </args>
      <args> x[3] x[15] </args>
      <args> x[3] x[16] </args>
      <args> x[3] x[17] </args>
      <args> x[3] x[18] </args>
      <args> x[3] x[19] </args>
      <args> x[3] x[20] </args>
      <args> x[3] x[21] </args>
      <args> x[3] x[22] </args>
      <args> x[3] x[23] </args>
      <args> x[3] x[24] </args>
      <args> x[3] x[25] </args>
      <args> x[3] x[26] </args>
      <args> x[3] x[27] </args>
      <args> x[3] x[28] </args>
      <args> x[3] x[29] </args>
      <args> x[3] x[30] </args>
      <args> x[3] x[31] </args>
      <args> x[3] x[32] </args>
      <args> x[3] x[33] </args>
      <args> x[3] x[34] </args>
      <args> x[3] x[35] </args>
      <args> x[3] x[36] </args>
      <args> x[3] x[37] </args>
      <args> x[3] x[38] </args>
      <args> x[3] x[39] </args>
      <args> x[3] x[40] </args>
      <args> x[3] x[41] </args>
      <args> x[3] x[42] </args>
      <args> x[3] x[43] </args>
      <args> x[3] x[44] </args>
      <args> x[3] x[45] </args>
      <args> x[3] x[46] </args>
      <args> x[3] x[47] </args>
      <args> x[3] x[48] </args>
      <args> x[3] x[49] </args>
      <args> x[3] x[50] </args>
      <args> x[3] x[51] </args>
      <args> x[3] x[52] </args>
      <args> x[3] x[53] </args>
      <args> x[3] x[54] </args>
      <args> x[3] x[55] </args>
      <args> x[3] x[56] </args>
      <args> x[3] x[57] </args>
      <args> x[3] x[58] </args>
      <args> x[3] x[59] </args>
      <args> x[3] x[60] </args>
      <args> x[3] x[61] </args>
      <args> x[3] x[62] </args>
      <args> x[3] x[63] </args>
      <args> x[4] x[6] </args>
      <args> x[4] x[7] </args>
      <args> x[4] x[8] </args>
      <args> x[4] x[9] </args>
      <args> x[4] x[10] </args>
      <args> x[4] x[11] </args>
      <args> x[4] x[12] </args>
      <args> x[4] x[13] </args>
      <args> x[4] x[14] </args>
      <args> x[4] x[15] </args>
      <args> x[4] x[16] </args>
      <args> x[4] x[17] </args>
      <args> x[4] x[18] </args>
      <args> x[4] x[19] </args>
      <args> x[4] x[20] </args>
      <args> x[4] x[21] </args>
      <args> x[4] x[22] </args>
      <args> x[4] x[23] </args>
      <args> x[4] x[24] </args>
      <args> x[4] x[25] </args>
      <args> x[4] x[26] </args>
      <args> x[4] x[27] </args>
      <args> x[4] x[28] </args>
      <args> x[4] x[29] </args>
      <args> x[4] x[30] </args>
      <args> x[4] x[31] </args>
      <args> x[4] x[32] </args>
      <args> x[4] x[33] </args>
      <args> x[4] x[34] </args>
      <args> x[4] x[35] </args>
      <args> x[4] x[36] </args>
      <args> x[4] x[37] </args>
      <args> x[4] x[38] </args>
      <args> x[4] x[39] </args>
      <args> x[4] x[40] </args>
      <args> x[4] x[41] </args>
      <args> x[4] x[42] </args>
      <args> x[4] x[43] </args>
      <args> x[4] x[44] </args>
      <args> x[4] x[45] </args>
      <args> x[4] x[46] </args>
      <args> x[4] x[47] </args>
      <args> x[4] x[48] </args>
      <args> x[4] x[49] </args>
      <args> x[4] x[50] </args>
      <args> x[4] x[51] </args>
      <args> x[4] x[52] </args>
      <args> x[4] x[53] </args>
      <args> x[4] x[54] </args>
      <args> x[4] x[55] </args>
      <args> x[4] x[56] </args>
      <args> x[4] x[57] </args>
      <args> x[4] x[58] </args>
      <args> x[4] x[59] </args>
      <args> x[4] x[60] </args>
      <args> x[4] x[61] </args>
      <args> x[4] x[62] </args>
      <args> x[4] x[63] </args>
      <args> x[5] x[7] </args>
      <args> x[5] x[8] </args>
      <args> x[5] x[9] </args>
      <args> x[5] x[10] </args>
      <args> x[5] x[11] </args>
      <args> x[5] x[12] </args>
      <args> x[5] x[13] </args>
      <args> x[5] x[14] </args>
      <args> x[5] x[15] </args>
      <args> x[5] x[16] </args>
      <args> x[5] x[17] </args>
      <args> x[5] x[18] </args>
      <args> x[5] x[19] </args>
      <args> x[5] x[20] </args>
      <args> x[5] x[21] </args>
      <args> x[5] x[22] </args>
      <args> x[5] x[23] </args>
      <args> x[5] x[24] </args>
      <args> x[5] x[25] </args>
      <args> x[5] x[26] </args>
      <args> x[5] x[27] </args>
      <args> x[5] x[28] </args>
      <args> x[5] x[29] </args>
      <args> x[5] x[30] </args>
      <args> x[5] x[31] </args>
      <args> x[5] x[32] </args>
      <args> x[5] x[33] </args>
      <args> x[5] x[34] </args>
      <args> x[5] x[35] </args>
      <args> x[5] x[36] </args>
      <args> x[5] x[37] </args>
      <args> x[5] x[38] </args>
      <args> x[5] x[39] </args>
      <args> x[5] x[40] </args>
      <args> x[5] x[41] </args>
      <args> x[5] x[42] </args>
      <args> x[5] x[43] </args>
      <args> x[5] x[44] </args>
      <args> x[5] x[45] </args>
      <args> x[5] x[46] </args>
      <args> x[5] x[47] </args>
      <args> x[5] x[48] </args>
      <args> x[5] x[49] </args>
      <args> x[5] x[50] </args>
      <args> x[5] x[51] </args>
      <args> x[5] x[52] </args>
      <args> x[5] x[53] </args>
      <args> x[5] x[54] </args>
      <args> x[5] x[55] </args>
      <args> x[5] x[56] </args>
      <args> x[5] x[57] </args>
      <args> x[5] x[58] </args>
      <args> x[5] x[59] </args>
      <args> x[5] x[60] </args>
      <args> x[5] x[61] </args>
      <args> x[5] x[62] </args>
      <args> x[5] x[63] </args>
      <args> x[6] x[8] </args>
      <args> x[6] x[9] </args>
      <args> x[6] x[10] </args>
      <args> x[6] x[11] </args>
      <args> x[6] x[12] </args>
      <args> x[6] x[13] </args>
      <args> x[6] x[14] </args>
      <args> x[6] x[15] </args>
      <args> x[6] x[16] </args>
      <args> x[6] x[17] </args>
      <args> x[6] x[18] </args>
      <args> x[6] x[19] </args>
      <args> x[6] x[20] </args>
      <args> x[6] x[21] </args>
      <args> x[6] x[22] </args>
      <args> x[6] x[23] </args>
      <args> x[6] x[24] </args>
      <args> x[6] x[25] </args>
      <args> x[6] x[26] </args>
      <args> x[6] x[27] </args>
      <args> x[6] x[28] </args>
      <args> x[6] x[29] </args>
      <args> x[6] x[30] </args>
      <args> x[6] x[31] </args>
      <args> x[6] x[32] </args>
      <args> x[6] x[33] </args>
      <args> x[6] x[34] </args>
      <args> x[6] x[35] </args>
      <args> x[6] x[36] </args>
      <args> x[6] x[37] </args>
      <args> x[6] x[38] </args>
      <args> x[6] x[39] </args>
      <args> x[6] x[40] </args>
      <args> x[6] x[41] </args>
      <args> x[6] x[42] </args>
      <args> x[6] x[43] </args>
      <args> x[6] x[44] </args>
      <args> x[6] x[45] </args>
      <args> x[6] x[46] </args>
      <args> x[6] x[47] </args>
      <args> x[6] x[48] </args>
      <args> x[6] x[49] </args>
      <args> x[6] x[50] </args>
      <args> x[6] x[51] </args>
      <args> x[6] x[52] </args>
      <args> x[6] x[53] </args>
      <args> x[6] x[54] </args>
      <args> x[6] x[55] </args>
      <args> x[6] x[56] </args>
      <args> x[6] x[57] </args>
      <args> x[6] x[58] </args>
      <args> x[6] x[59] </args>
      <args> x[6] x[60] </args>
      <args> x[6] x[61] </args>
      <args> x[6] x[62] </args>
      <args> x[6] x[63] </args>
      <args> x[7] x[9] </args>
      <args> x[7] x[10] </args>
      <args> x[7] x[11] </args>
      <args> x[7] x[12] </args>
      <args> x[7] x[13] </args>
      <args> x[7] x[14] </args>
      <args> x[7] x[15] </args>
      <args> x[7] x[16] </args>
      <args> x[7] x[17] </args>
      <args> x[7] x[18] </args>
      <args> x[7] x[19] </args>
      <args> x[7] x[20] </args>
      <args> x[7] x[21] </args>
      <args> x[7] x[22] </args>
      <args> x[7] x[23] </args>
      <args> x[7] x[24] </args>
      <args> x[7] x[25] </args>
      <args> x[7] x[26] </args>
      <args> x[7] x[27] </args>
      <args> x[7] x[28] </args>
      <args> x[7] x[29] </args>
      <args> x[7] x[30] </args>
      <args> x[7] x[31] </args>
      <args> x[7] x[32] </args>
      <args> x[7] x[33] </args>
      <args> x[7] x[34] </args>
      <args> x[7] x[35] </args>
      <args> x[7] x[36] </args>
      <args> x[7] x[37] </args>
      <args> x[7] x[38] </args>
      <args> x[7] x[39] </args>
      <args> x[7] x[40] </args>
      <args> x[7] x[41] </args>
      <args> x[7] x[42] </args>
      <args> x[7] x[43] </args>
      <args> x[7] x[44] </args>
      <args> x[7] x[45] </args>
      <args> x[7] x[46] </args>
      <args> x[7] x[47] </args>
      <args> x[7] x[48] </args>
      <args> x[7] x[49] </args>
      <args> x[7] x[50] </args>
      <args> x[7] x[51] </args>
      <args> x[7] x[52] </args>
      <args> x[7] x[53] </args>
      <args> x[7] x[54] </args>
      <args> x[7] x[55] </args>
      <args> x[7] x[56] </args>
      <args> x[7] x[57] </args>
      <args> x[7] x[58] </args>
      <args> x[7] x[59] </args>
      <args> x[7] x[60] </args>
      <args> x[7] x[61] </args>
      <args> x[7] x[62] </args>
      <args> x[7] x[63] </args>
      <args> x[8] x[10] </args>
      <args> x[8] x[11] </args>
      <args> x[8] x[12] </args>
      <args> x[8] x[13] </args>
      <args> x[8] x[14] </args>
      <args> x[8] x[15] </args>
      <args> x[8] x[16] </args>
      <args> x[8] x[17] </args>
      <args> x[8] x[18] </args>
      <args> x[8] x[19] </args>
      <args> x[8] x[20] </args>
      <args> x[8] x[21] </args>
      <args> x[8] x[22] </args>
      <args> x[8] x[23] </args>
      <args> x[8] x[24] </args>
      <args> x[8] x[25] </args>
      <args> x[8] x[26] </args>
      <args> x[8] x[27] </args>
      <args> x[8] x[28] </args>
      <args> x[8] x[29] </args>
      <args> x[8] x[30] </args>
      <args> x[8] x[31] </args>
      <args> x[8] x[32] </args>
      <args> x[8] x[33] </args>
      <args> x[8] x[34] </args>
      <args> x[8] x[35] </args>
      <args> x[8] x[36] </args>
      <args> x[8] x[37] </args>
      <args> x[8] x[38] </args>
      <args> x[8] x[39] </args>
      <args> x[8] x[40] </args>
      <args> x[8] x[41] </args>
      <args> x[8] x[42] </args>
      <args> x[8] x[43] </args>
      <args> x[8] x[44] </args>
      <args> x[8] x[45] </args>
      <args> x[8] x[46] </args>
      <args> x[8] x[47] </args>
      <args> x[8] x[48] </args>
      <args> x[8] x[49] </args>
      <args> x[8] x[50] </args>
      <args> x[8] x[51] </args>
      <args> x[8] x[52] </args>
      <args> x[8] x[53] </args>
      <args> x[8] x[54] </args>
      <args> x[8] x[55] </args>
      <args> x[8] x[56] </args>
      <args> x[8] x[57] </args>
      <args> x[8] x[58] </args>
      <args> x[8] x[59] </args>
      <args> x[8] x[60] </args>
      <args> x[8] x[61] </args>
      <args> x[8] x[62] </args>
      <args> x[8] x[63] </args>
      <args> x[9] x[11] </args>
      <args> x[9] x[12] </args>
      <args> x[9] x[13] </args>
      <args> x[9] x[14] </args>
      <args> x[9] x[15] </args>
      <args> x[9] x[16] </args>
      <args> x[9] x[17] </args>
      <args> x[9] x[18] </args>
      <args> x[9] x[19] </args>
      <args> x[9] x[20] </args>
      <args> x[9] x[21] </args>
      <args> x[9] x[22] </args>
      <args> x[9] x[23] </args>
      <args> x[9] x[24] </args>
      <args> x[9] x[25] </args>
      <args> x[9] x[26] </args>
      <args> x[9] x[27] </args>
      <args> x[9] x[28] </args>
      <args> x[9] x[29] </args>
      <args> x[9] x[30] </args>
      <args> x[9] x[31] </args>
      <args> x[9] x[32] </args>
      <args> x[9] x[33] </args>
      <args> x[9] x[34] </args>
      <args> x[9] x[35] </args>
      <args> x[9] x[36] </args>
      <args> x[9] x[37] </args>
      <args> x[9] x[38] </args>
      <args> x[9] x[39] </args>
      <args> x[9] x[40] </args>
      <args> x[9] x[41] </args>
      <args> x[9] x[42] </args>
      <args> x[9] x[43] </args>
      <args> x[9] x[44] </args>
      <args> x[9] x[45] </args>
      <args> x[9] x[46] </args>
      <args> x[9] x[47] </args>
      <args> x[9] x[48] </args>
      <args> x[9] x[49] </args>
      <args> x[9] x[50] </args>
      <args> x[9] x[51] </args>
      <args> x[9] x[52] </args>
      <args> x[9] x[53] </args>
      <args> x[9] x[54] </args>
      <args> x[9] x[55] </args>
      <args> x[9] x[56] </args>
      <args> x[9] x[57] </args>
      <args> x[9] x[58] </args>
      <args> x[9] x[59] </args>
      <args> x[9] x[60] </args>
      <args> x[9] x[61] </args>
      <args> x[9] x[62] </args>
      <args> x[9] x[63] </args>
      <args> x[10] x[12] </args>
      <args> x[10] x[13] </args>
      <args> x[10] x[14] </args>
      <args> x[10] x[15] </args>
      <args> x[10] x[16] </args>
      <args> x[10] x[17] </args>
      <args> x[10] x[18] </args>
      <args> x[10] x[19] </args>
      <args> x[10] x[20] </args>
      <args> x[10] x[21] </args>
      <args> x[10] x[22] </args>
      <args> x[10] x[23] </args>
      <args> x[10] x[24] </args>
      <args> x[10] x[25] </args>
      <args> x[10] x[26] </args>
      <args> x[10] x[27] </args>
      <args> x[10] x[28] </args>
      <args> x[10] x[29] </args>
      <args> x[10] x[30] </args>
      <args> x[10] x[31] </args>
      <args> x[10] x[32] </args>
      <args> x[10] x[33] </args>
      <args> x[10] x[34] </args>
      <args> x[10] x[35] </args>
      <args> x[10] x[36] </args>
      <args> x[10] x[37] </args>
      <args> x[10] x[38] </args>
      <args> x[10] x[39] </args>
      <args> x[10] x[40] </args>
      <args> x[10] x[41] </args>
      <args> x[10] x[42] </args>
      <args> x[10] x[43] </args>
      <args> x[10] x[44] </args>
      <args> x[10] x[45] </args>
      <args> x[10] x[46] </args>
      <args> x[10] x[47] </args>
      <args> x[10] x[48] </args>
      <args> x[10] x[49] </args>
      <args> x[10] x[50] </args>
      <args> x[10] x[51] </args>
      <args> x[10] x[52] </args>
      <args> x[10] x[53] </args>
      <args> x[10] x[54] </args>
      <args> x[10] x[55] </args>
      <args> x[10] x[56] </args>
      <args> x[10] x[57] </args>
      <args> x[10] x[58] </args>
      <args> x[10] x[59] </args>
      <args> x[10] x[60] </args>
      <args> x[10] x[61] </args>
      <args> x[10] x[62] </args>
      <args> x[10] x[63] </args>
      <args> x[11] x[13] </args>
      <args> x[11] x[14] </args>
      <args> x[11] x[15] </args>
      <args> x[11] x[16] </args>
      <args> x[11] x[17] </args>
      <args> x[11] x[18] </args>
      <args> x[11] x[19] </args>
      <args> x[11] x[20] </args>
      <args> x[11] x[21] </args>
      <args> x[11] x[22] </args>
      <args> x[11] x[23] </args>
      <args> x[11] x[24] </args>
      <args> x[11] x[25] </args>
      <args> x[11] x[26] </args>
      <args> x[11] x[27] </args>
      <args> x[11] x[28] </args>
      <args> x[11] x[29] </args>
      <args> x[11] x[30] </args>
      <args> x[11] x[31] </args>
      <args> x[11] x[32] </args>
      <args> x[11] x[33] </args>
      <args> x[11] x[34] </args>
      <args> x[11] x[35] </args>
      <args> x[11] x[36] </args>
      <args> x[11] x[37] </args>
      <args> x[11] x[38] </args>
      <args> x[11] x[39] </args>
      <args> x[11] x[40] </args>
      <args> x[11] x[41] </args>
      <args> x[11] x[42] </args>
      <args> x[11] x[43] </args>
      <args> x[11] x[44] </args>
      <args> x[11] x[45] </args>
      <args> x[11] x[46] </args>
      <args> x[11] x[47] </args>
      <args> x[11] x[48] </args>
      <args> x[11] x[49] </args>
      <args> x[11] x[50] </args>
      <args> x[11] x[51] </args>
      <args> x[11] x[52] </args>
      <args> x[11] x[53] </args>
      <args> x[11] x[54] </args>
      <args> x[11] x[55] </args>
      <args> x[11] x[56] </args>
      <args> x[11] x[57] </args>
      <args> x[11] x[58] </args>
      <args> x[11] x[59] </args>
      <args> x[11] x[60] </args>
      <args> x[11] x[61] </args>
      <args> x[11] x[62] </args>
      <args> x[11] x[63] </args>
      <args> x[12] x[14] </args>
      <args> x[12] x[15] </args>
      <args> x[12] x[16] </args>
      <args> x[12] x[17] </args>
      <args> x[12] x[18] </args>
      <args> x[12] x[19] </args>
      <args> x[12] x[20] </args>
      <args> x[12] x[21] </args>
      <args> x[12] x[22] </args>
      <args> x[12] x[23] </args>
      <args> x[12] x[24] </args>
      <args> x[12] x[25] </args>
      <args> x[12] x[26] </args>
      <args> x[12] x[27] </args>
      <args> x[12] x[28] </args>
      <args> x[12] x[29] </args>
      <args> x[12] x[30] </args>
      <args> x[12] x[31] </args>
      <args> x[12] x[32] </args>
      <args> x[12] x[33] </args>
      <args> x[12] x[34] </args>
      <args> x[12] x[35] </args>
      <args> x[12] x[36] </args>
      <args> x[12] x[37] </args>
      <args> x[12] x[38] </args>
      <args> x[12] x[39] </args>
      <args> x[12] x[40] </args>
      <args> x[12] x[41] </args>
      <args> x[12] x[42] </args>
      <args> x[12] x[43] </args>
      <args> x[12] x[44] </args>
      <args> x[12] x[45] </args>
      <args> x[12] x[46] </args>
      <args> x[12] x[47] </args>
      <args> x[12] x[48] </args>
      <args> x[12] x[49] </args>
      <args> x[12] x[50] </args>
      <args> x[12] x[51] </args>
      <args> x[12] x[52] </args>
      <args> x[12] x[53] </args>
      <args> x[12] x[54] </args>
      <args> x[12] x[55] </args>
      <args> x[12] x[56] </args>
      <args> x[12] x[57] </args>
      <args> x[12] x[58] </args>
      <args> x[12] x[59] </args>
      <args> x[12] x[60] </args>
      <args> x[12] x[61] </args>
      <args> x[12] x[62] </args>
      <args> x[12] x[63] </args>
      <args> x[13] x[15] </args>
      <args> x[13] x[16] </args>
      <args> x[13] x[17] </args>
      <args> x[13] x[18] </args>
      <args> x[13] x[19] </args>
      <args> x[13] x[20] </args>
      <args> x[13] x[21] </args>
      <args> x[13] x[22] </args>
      <args> x[13] x[23] </args>
      <args> x[13] x[24] </args>
      <args> x[13] x[25] </args>
      <args> x[13] x[26] </args>
      <args> x[13] x[27] </args>
      <args> x[13] x[28] </args>
      <args> x[13] x[29] </args>
      <args> x[13] x[30] </args>
      <args> x[13] x[31] </args>
      <args> x[13] x[32] </args>
      <args> x[13] x[33] </args>
      <args> x[13] x[34] </args>
      <args> x[13] x[35] </args>
      <args> x[13] x[36] </args>
      <args> x[13] x[37] </args>
      <args> x[13] x[38] </args>
      <args> x[13] x[39] </args>
      <args> x[13] x[40] </args>
      <args> x[13] x[41] </args>
      <args> x[13] x[42] </args>
      <args> x[13] x[43] </args>
      <args> x[13] x[44] </args>
      <args> x[13] x[45] </args>
      <args> x[13] x[46] </args>
      <args> x[13] x[47] </args>
      <args> x[13] x[48] </args>
      <args> x[13] x[49] </args>
      <args> x[13] x[50] </args>
      <args> x[13] x[51] </args>
      <args> x[13] x[52] </args>
      <args> x[13] x[53] </args>
      <args> x[13] x[54] </args>
      <args> x[13] x[55] </args>
      <args> x[13] x[56] </args>
      <args> x[13] x[57] </args>
      <args> x[13] x[58] </args>
      <args> x[13] x[59] </args>
      <args> x[13] x[60] </args>
      <args> x[13] x[61] </args>
      <args> x[13] x[62] </args>
      <args> x[13] x[63] </args>
      <args> x[14] x[16] </args>
      <args> x[14] x[17] </args>
      <args> x[14] x[18] </args>
      <args> x[14] x[19] </args>
      <args> x[14] x[20] </args>
      <args> x[14] x[21] </args>
      <args> x[14] x[22] </args>
      <args> x[14] x[23] </args>
      <args> x[14] x[24] </args>
      <args> x[14] x[25] </args>
      <args> x[14] x[26] </args>
      <args> x[14] x[27] </args>
      <args> x[14] x[28] </args>
      <args> x[14] x[29] </args>
      <args> x[14] x[30] </args>
      <args> x[14] x[31] </args>
      <args> x[14] x[32] </args>
      <args> x[14] x[33] </args>
      <args> x[14] x[34] </args>
      <args> x[14] x[35] </args>
      <args> x[14] x[36] </args>
      <args> x[14] x[37] </args>
      <args> x[14] x[38] </args>
      <args> x[14] x[39] </args>
      <args> x[14] x[40] </args>
      <args> x[14] x[41] </args>
      <args> x[14] x[42] </args>
      <args> x[14] x[43] </args>
      <args> x[14] x[44] </args>
      <args> x[14] x[45] </args>
      <args> x[14] x[46] </args>
      <args> x[14] x[47] </args>
      <args> x[14] x[48] </args>
      <args> x[14] x[49] </args>
      <args> x[14] x[50] </args>
      <args> x[14] x[51] </args>
      <args> x[14] x[52] </args>
      <args> x[14] x[53] </args>
      <args> x[14] x[54] </args>
      <args> x[14] x[55] </args>
      <args> x[14] x[56] </args>
      <args> x[14] x[57] </args>
      <args> x[14] x[58] </args>
      <args> x[14] x[59] </args>
      <args> x[14] x[60] </args>
      <args> x[14] x[61] </args>
      <args> x[14] x[62] </args>
      <args> x[14] x[63] </args>
      <args> x[15] x[17] </args>
      <args> x[15] x[18] </args>
      <args> x[15] x[19] </args>
      <args> x[15] x[20] </args>
      <args> x[15] x[21] </args>
      <args> x[15] x[22] </args>
      <args> x[15] x[23] </args>
      <args> x[15] x[24] </args>
      <args> x[15] x[25] </args>
      <args> x[15] x[26] </args>
      <args> x[15] x[27] </args>
      <args> x[15] x[28] </args>
      <args> x[15] x[29] </args>
      <args> x[15] x[30] </args>
      <args> x[15] x[31] </args>
      <args> x[15] x[32] </args>
      <args> x[15] x[33] </args>
      <args> x[15] x[34] </args>
      <args> x[15] x[35] </args>
      <args> x[15] x[36] </args>
      <args> x[15] x[37] </args>
      <args> x[15] x[38] </args>
      <args> x[15] x[39] </args>
      <args> x[15] x[40] </args>
      <args> x[15] x[41] </args>
      <args> x[15] x[42] </args>
      <args> x[15] x[43] </args>
      <args> x[15] x[44] </args>
      <args> x[15] x[45] </args>
      <args> x[15] x[46] </args>
      <args> x[15] x[47] </args>
      <args> x[15] x[48] </args>
      <args> x[15] x[49] </args>
      <args> x[15] x[50] </args>
      <args> x[15] x[51] </args>
      <args> x[15] x[52] </args>
      <args> x[15] x[53] </args>
      <args> x[15] x[54] </args>
      <args> x[15] x[55] </args>
      <args> x[15] x[56] </args>
      <args> x[15] x[57] </args>
      <args> x[15] x[58] </args>
      <args> x[15] x[59] </args>
      <args> x[15] x[60] </args>
      <args> x[15] x[61] </args>
      <args> x[15] x[62] </args>
      <args> x[15] x[63] </args>
      <args> x[16] x[18] </args>
      <args> x[16] x[19] </args>
      <args> x[16] x[20] </args>
      <args> x[16] x[21] </args>
      <args> x[16] x[22] </args>
      <args> x[16] x[23] </args>
      <args> x[16] x[24] </args>
      <args> x[16] x[25] </args>
      <args> x[16] x[26] </args>
      <args> x[16] x[27] </args>
      <args> x[16] x[28] </args>
      <args> x[16] x[29] </args>
      <args> x[16] x[30] </args>
      <args> x[16] x[31] </args>
      <args> x[16] x[32] </args>
      <args> x[16] x[33] </args>
      <args> x[16] x[34] </args>
      <args> x[16] x[35] </args>
      <args> x[16] x[36] </args>
      <args> x[16] x[37] </args>
      <args> x[16] x[38] </args>
      <args> x[16] x[39] </args>
      <args> x[16] x[40] </args>
      <args> x[16] x[41] </args>
      <args> x[16] x[42] </args>
      <args> x[16] x[43] </args>
      <args> x[16] x[44] </args>
      <args> x[16] x[45] </args>
      <args> x[16] x[46] </args>
      <args> x[16] x[47] </args>
      <args> x[16] x[48] </args>
      <args> x[16] x[49] </args>
      <args> x[16] x[50] </args>
      <args> x[16] x[51] </args>
      <args> x[16] x[52] </args>
      <args> x[16] x[53] </args>
      <args> x[16] x[54] </args>
      <args> x[16] x[55] </args>
      <args> x[16] x[56] </args>
      <args> x[16] x[57] </args>
      <args> x[16] x[58] </args>
      <args> x[16] x[59] </args>
      <args> x[16] x[60] </args>
      <args> x[16] x[61] </args>
      <args> x[16] x[62] </args>
      <args> x[16] x[63] </args>
      <args> x[17] x[19] </args>
      <args> x[17] x[20] </args>
      <args> x[17] x[21] </args>
      <args> x[17] x[22] </args>
      <args> x[17] x[23] </args>
      <args> x[17] x[24] </args>
      <args> x[17] x[25] </args>
      <args> x[17] x[26] </args>
      <args> x[17] x[27] </args>
      <args> x[17] x[28] </args>
      <args> x[17] x[29] </args>
      <args> x[17] x[30] </args>
      <args> x[17] x[31] </args>
      <args> x[17] x[32] </args>
      <args> x[17] x[33] </args>
      <args> x[17] x[34] </args>
      <args> x[17] x[35] </args>
      <args> x[17] x[36] </args>
      <args> x[17] x[37] </args>
      <args> x[17] x[38] </args>
      <args> x[17] x[39] </args>
      <args> x[17] x[40] </args>
      <args> x[17] x[41] </args>
      <args> x[17] x[42] </args>
      <args> x[17] x[43] </args>
      <args> x[17] x[44] </args>
      <args> x[17] x[45] </args>
      <args> x[17] x[46] </args>
      <args> x[17] x[47] </args>
      <args> x[17] x[48] </args>
      <args> x[17] x[49] </args>
      <args> x[17] x[50] </args>
      <args> x[17] x[51] </args>
      <args> x[17] x[52] </args>
      <args> x[17] x[53] </args>
      <args> x[17] x[54] </args>
      <args> x[17] x[55] </args>
      <args> x[17] x[56] </args>
      <args> x[17] x[57] </args>
      <args> x[17] x[58] </args>
      <args> x[17] x[59] </args>
      <args> x[17] x[60] </args>
      <args> x[17] x[61] </args>
      <args> x[17] x[62] </args>
      <args> x[17] x[63] </args>
      <args> x[18] x[20] </args>
      <args> x[18] x[21] </args>
      <args> x[18] x[22] </args>
      <args> x[18] x[23] </args>
      <args> x[18] x[24] </args>
      <args> x[18] x[25] </args>
      <args> x[18] x[26] </args>
      <args> x[18] x[27] </args>
      <args> x[18] x[28] </args>
      <args> x[18] x[29] </args>
      <args> x[18] x[30] </args>
      <args> x[18] x[31] </args>
      <args> x[18] x[32] </args>
      <args> x[18] x[33] </args>
      <args> x[18] x[34] </args>
      <args> x[18] x[35] </args>
      <args> x[18] x[36] </args>
      <args> x[18] x[37] </args>
      <args> x[18] x[38] </args>
      <args> x[18] x[39] </args>
      <args> x[18] x[40] </args>
      <args> x[18] x[41] </args>
      <args> x[18] x[42] </args>
      <args> x[18] x[43] </args>
      <args> x[18] x[44] </args>
      <args> x[18] x[45] </args>
      <args> x[18] x[46] </args>
      <args> x[18] x[47] </args>
      <args> x[18] x[48] </args>
      <args> x[18] x[49] </args>
      <args> x[18] x[50] </args>
      <args> x[18] x[51] </args>
      <args> x[18] x[52] </args>
      <args> x[18] x[53] </args>
      <args> x[18] x[54] </args>
      <args> x[18] x[55] </args>
      <args> x[18] x[56] </args>
      <args> x[18] x[57] </args>
      <args> x[18] x[58] </args>
      <args> x[18] x[59] </args>
      <args> x[18] x[60] </args>
      <args> x[18] x[61] </args>
      <args> x[18] x[62] </args>
      <args> x[18] x[63] </args>
      <args> x[19] x[21] </args>
      <args> x[19] x[22] </args>
      <args> x[19] x[23] </args>
      <args> x[19] x[24] </args>
      <args> x[19] x[25] </args>
      <args> x[19] x[26] </args>
      <args> x[19] x[27] </args>
      <args> x[19] x[28] </args>
      <args> x[19] x[29] </args>
      <args> x[19] x[30] </args>
      <args> x[19] x[31] </args>
      <args> x[19] x[32] </args>
      <args> x[19] x[33] </args>
      <args> x[19] x[34] </args>
      <args> x[19] x[35] </args>
      <args> x[19] x[36] </args>
      <args> x[19] x[37] </args>
      <args> x[19] x[38] </args>
      <args> x[19] x[39] </args>
      <args> x[19] x[40] </args>
      <args> x[19] x[41] </args>
      <args> x[19] x[42] </args>
      <args> x[19] x[43] </args>
      <args> x[19] x[44] </args>
      <args> x[19] x[45] </args>
      <args> x[19] x[46] </args>
      <args> x[19] x[47] </args>
      <args> x[19] x[48] </args>
      <args> x[19] x[49] </args>
      <args> x[19] x[50] </args>
      <args> x[19] x[51] </args>
      <args> x[19] x[52] </args>
      <args> x[19] x[53] </args>
      <args> x[19] x[54] </args>
      <args> x[19] x[55] </args>
      <args> x[19] x[56] </args>
      <args> x[19] x[57] </args>
      <args> x[19] x[58] </args>
      <args> x[19] x[59] </args>
      <args> x[19] x[60] </args>
      <args> x[19] x[61] </args>
      <args> x[19] x[62] </args>
      <args> x[19] x[63] </args>
      <args> x[20] x[22] </args>
      <args> x[20] x[23] </args>
      <args> x[20] x[24] </args>
      <args> x[20] x[25] </args>
      <args> x[20] x[26] </args>
      <args> x[20] x[27] </args>
      <args> x[20] x[28] </args>
      <args> x[20] x[29] </args>
      <args> x[20] x[30] </args>
      <args> x[20] x[31] </args>
      <args> x[20] x[32] </args>
      <args> x[20] x[33] </args>
      <args> x[20] x[34] </args>
      <args> x[20] x[35] </args>
      <args> x[20] x[36] </args>
      <args> x[20] x[37] </args>
      <args> x[20] x[38] </args>
      <args> x[20] x[39] </args>
      <args> x[20] x[40] </args>
      <args> x[20] x[41] </args>
      <args> x[20] x[42] </args>
      <args> x[20] x[43] </args>
      <args> x[20] x[44] </args>
      <args> x[20] x[45] </args>
      <args> x[20] x[46] </args>
      <args> x[20] x[47] </args>
      <args> x[20] x[48] </args>
      <args> x[20] x[49] </args>
      <args> x[20] x[50] </args>
      <args> x[20] x[51] </args>
      <args> x[20] x[52] </args>
      <args> x[20] x[53] </args>
      <args> x[20] x[54] </args>
      <args> x[20] x[55] </args>
      <args> x[20] x[56] </args>
      <args> x[20] x[57] </args>
      <args> x[20] x[58] </args>
      <args> x[20] x[59] </args>
      <args> x[20] x[60] </args>
      <args> x[20] x[61] </args>
      <args> x[20] x[62] </args>
      <args> x[20] x[63] </args>
      <args> x[21] x[23] </args>
      <args> x[21] x[24] </args>
      <args> x[21] x[25] </args>
      <args> x[21] x[26] </args>
      <args> x[21] x[27] </args>
      <args> x[21] x[28] </args>
      <args> x[21] x[29] </args>
      <args> x[21] x[30] </args>
      <args> x[21] x[31] </args>
      <args> x[21] x[32] </args>
      <args> x[21] x[33] </args>
      <args> x[21] x[34] </args>
      <args> x[21] x[35] </args>
      <args> x[21] x[36] </args>
      <args> x[21] x[37] </args>
      <args> x[21] x[38] </args>
      <args> x[21] x[39] </args>
      <args> x[21] x[40] </args>
      <args> x[21] x[41] </args>
      <args> x[21] x[42] </args>
      <args> x[21] x[43] </args>
      <args> x[21] x[44] </args>
      <args> x[21] x[45] </args>
      <args> x[21] x[46] </args>
      <args> x[21] x[47] </args>
      <args> x[21] x[48] </args>
      <args> x[21] x[49] </args>
      <args> x[21] x[50] </args>
      <args> x[21] x[51] </args>
      <args> x[21] x[52] </args>
      <args> x[21] x[53] </args>
      <args> x[21] x[54] </args>
      <args> x[21] x[55] </args>
      <args> x[21] x[56] </args>
      <args> x[21] x[57] </args>
      <args> x[21] x[58] </args>
      <args> x[21] x[59] </args>
      <args> x[21] x[60] </args>
      <args> x[21] x[61] </args>
      <args> x[21] x[62] </args>
      <args> x[21] x[63] </args>
      <args> x[22] x[24] </args>
      <args> x[22] x[25] </args>
      <args> x[22] x[26] </args>
      <args> x[22] x[27] </args>
      <args> x[22] x[28] </args>
      <args> x[22] x[29] </args>
      <args> x[22] x[30] </args>
      <args> x[22] x[31] </args>
      <args> x[22] x[32] </args>
      <args> x[22] x[33] </args>
      <args> x[22] x[34] </args>
      <args> x[22] x[35] </args>
      <args> x[22] x[36] </args>
      <args> x[22] x[37] </args>
      <args> x[22] x[38] </args>
      <args> x[22] x[39] </args>
      <args> x[22] x[40] </args>
      <args> x[22] x[41] </args>
      <args> x[22] x[42] </args>
      <args> x[22] x[43] </args>
      <args> x[22] x[44] </args>
      <args> x[22] x[45] </args>
      <args> x[22] x[46] </args>
      <args> x[22] x[47] </args>
      <args> x[22] x[48] </args>
      <args> x[22] x[49] </args>
      <args> x[22] x[50] </args>
      <args> x[22] x[51] </args>
      <args> x[22] x[52] </args>
      <args> x[22] x[53] </args>
      <args> x[22] x[54] </args>
      <args> x[22] x[55] </args>
      <args> x[22] x[56] </args>
      <args> x[22] x[57] </args>
      <args> x[22] x[58] </args>
      <args> x[22] x[59] </args>
      <args> x[22] x[60] </args>
      <args> x[22] x[61] </args>
      <args> x[22] x[62] </args>
      <args> x[22] x[63] </args>
      <args> x[23] x[25] </args>
      <args> x[23] x[26] </args>
      <args> x[23] x[27] </args>
      <args> x[23] x[28] </args>
      <args> x[23] x[29] </args>
      <args> x[23] x[30] </args>
      <args> x[23] x[31] </args>
      <args> x[23] x[32] </args>
      <args> x[23] x[33] </args>
      <args> x[23] x[34] </args>
      <args> x[23] x[35] </args>
      <args> x[23] x[36] </args>
      <args> x[23] x[37] </args>
      <args> x[23] x[38] </args>
      <args> x[23] x[39] </args>
      <args> x[23] x[40] </args>
      <args> x[23] x[41] </args>
      <args> x[23] x[42] </args>
      <args> x[23] x[43] </args>
      <args> x[23] x[44] </args>
      <args> x[23] x[45] </args>
      <args> x[23] x[46] </args>
      <args> x[23] x[47] </args>
      <args> x[23] x[48] </args>
      <args> x[23] x[49] </args>
      <args> x[23] x[50] </args>
      <args> x[23] x[51] </args>
      <args> x[23] x[52] </args>
      <args> x[23] x[53] </args>
      <args> x[23] x[54] </args>
      <args> x[23] x[55] </args>
      <args> x[23] x[56] </args>
      <args> x[23] x[57] </args>
      <args> x[23] x[58] </args>
      <args> x[23] x[59] </args>
      <args> x[23] x[60] </args>
      <args> x[23] x[61] </args>
      <args> x[23] x[62] </args>
      <args> x[23] x[63] </args>
      <args> x[24] x[26] </args>
      <args> x[24] x[27] </args>
      <args> x[24] x[28] </args>
      <args> x[24] x[29] </args>
      <args> x[24] x[30] </args>
      <args> x[24] x[31] </args>
      <args> x[24] x[32] </args>
      <args> x[24] x[33] </args>
      <args> x[24] x[34] </args>
      <args> x[24] x[35] </args>
      <args> x[24] x[36] </args>
      <args> x[24] x[37] </args>
      <args> x[24] x[38] </args>
      <args> x[24] x[39] </args>
      <args> x[24] x[40] </args>
      <args> x[24] x[41] </args>
      <args> x[24] x[42] </args>
      <args> x[24] x[43] </args>
      <args> x[24] x[44] </args>
      <args> x[24] x[45] </args>
      <args> x[24] x[46] </args>
      <args> x[24] x[47] </args>
      <args> x[24] x[48] </args>
      <args> x[24] x[49] </args>
      <args> x[24] x[50] </args>
      <args> x[24] x[51] </args>
      <args> x[24] x[52] </args>
      <args> x[24] x[53] </args>
      <args> x[24] x[54] </args>
      <args> x[24] x[55] </args>
      <args> x[24] x[56] </args>
      <args> x[24] x[57] </args>
      <args> x[24] x[58] </args>
      <args> x[24] x[59] </args>
      <args> x[24] x[60] </args>
      <args> x[24] x[61] </args>
      <args> x[24] x[62] </args>
      <args> x[24] x[63] </args>
      <args> x[25] x[27] </args>
      <args> x[25] x[28] </args>
      <args> x[25] x[29] </args>
      <args> x[25] x[30] </args>
      <args> x[25] x[31] </args>
      <args> x[25] x[32] </args>
      <args> x[25] x[33] </args>
      <args> x[25] x[34] </args>
      <args> x[25] x[35] </args>
      <args> x[25] x[36] </args>
      <args> x[25] x[37] </args>
      <args> x[25] x[38] </args>
      <args> x[25] x[39] </args>
      <args> x[25] x[40] </args>
      <args> x[25] x[41] </args>
      <args> x[25] x[42] </args>
      <args> x[25] x[43] </args>
      <args> x[25] x[44] </args>
      <args> x[25] x[45] </args>
      <args> x[25] x[46] </args>
      <args> x[25] x[47] </args>
      <args> x[25] x[48] </args>
      <args> x[25] x[49] </args>
      <args> x[25] x[50] </args>
      <args> x[25] x[51] </args>
      <args> x[25] x[52] </args>
      <args> x[25] x[53] </args>
      <args> x[25] x[54] </args>
      <args> x[25] x[55] </args>
      <args> x[25] x[56] </args>
      <args> x[25] x[57] </args>
      <args> x[25] x[58] </args>
      <args> x[25] x[59] </args>
      <args> x[25] x[60] </args>
      <args> x[25] x[61] </args>
      <args> x[25] x[62] </args>
      <args> x[25] x[63] </args>
      <args> x[26] x[28] </args>
      <args> x[26] x[29] </args>
      <args> x[26] x[30] </args>
      <args> x[26] x[31] </args>
      <args> x[26] x[32] </args>
      <args> x[26] x[33] </args>
      <args> x[26] x[34] </args>
      <args> x[26] x[35] </args>
      <args> x[26] x[36] </args>
      <args> x[26] x[37] </args>
      <args> x[26] x[38] </args>
      <args> x[26] x[39] </args>
      <args> x[26] x[40] </args>
      <args> x[26] x[41] </args>
      <args> x[26] x[42] </args>
      <args> x[26] x[43] </args>
      <args> x[26] x[44] </args>
      <args> x[26] x[45] </args>
      <args> x[26] x[46] </args>
      <args> x[26] x[47] </args>
      <args> x[26] x[48] </args>
      <args> x[26] x[49] </args>
      <args> x[26] x[50] </args>
      <args> x[26] x[51] </args>
      <args> x[26] x[52] </args>
      <args> x[26] x[53] </args>
      <args> x[26] x[54] </args>
      <args> x[26] x[55] </args>
      <args> x[26] x[56] </args>
      <args> x[26] x[57] </args>
      <args> x[26] x[58] </args>
      <args> x[26] x[59] </args>
      <args> x[26] x[60] </args>
      <args> x[26] x[61] </args>
      <args> x[26] x[62] </args>
      <args> x[26] x[63] </args>
      <args> x[27] x[29] </args>
      <args> x[27] x[30] </args>
      <args> x[27] x[31] </args>
      <args> x[27] x[32] </args>
      <args> x[27] x[33] </args>
      <args> x[27] x[34] </args>
      <args> x[27] x[35] </args>
      <args> x[27] x[36] </args>
      <args> x[27] x[37] </args>
      <args> x[27] x[38] </args>
      <args> x[27] x[39] </args>
      <args> x[27] x[40] </args>
      <args> x[27] x[41] </args>
      <args> x[27] x[42] </args>
      <args> x[27] x[43] </args>
      <args> x[27] x[44] </args>
      <args> x[27] x[45] </args>
      <args> x[27] x[46] </args>
      <args> x[27] x[47] </args>
      <args> x[27] x[48] </args>
      <args> x[27] x[49] </args>
      <args> x[27] x[50] </args>
      <args> x[27] x[51] </args>
      <args> x[27] x[52] </args>
      <args> x[27] x[53] </args>
      <args> x[27] x[54] </args>
      <args> x[27] x[55] </args>
      <args> x[27] x[56] </args>
      <args> x[27] x[57] </args>
      <args> x[27] x[58] </args>
      <args> x[27] x[59] </args>
      <args> x[27] x[60] </args>
      <args> x[27] x[61] </args>
      <args> x[27] x[62] </args>
      <args> x[27] x[63] </args>
      <args> x[28] x[30] </args>
      <args> x[28] x[31] </args>
      <args> x[28] x[32] </args>
      <args> x[28] x[33] </args>
      <args> x[28] x[34] </args>
      <args> x[28] x[35] </args>
      <args> x[28] x[36] </args>
      <args> x[28] x[37] </args>
      <args> x[28] x[38] </args>
      <args> x[28] x[39] </args>
      <args> x[28] x[40] </args>
      <args> x[28] x[41] </args>
      <args> x[28] x[42] </args>
      <args> x[28] x[43] </args>
      <args> x[28] x[44] </args>
      <args> x[28] x[45] </args>
      <args> x[28] x[46] </args>
      <args> x[28] x[47] </args>
      <args> x[28] x[48] </args>
      <args> x[28] x[49] </args>
      <args> x[28] x[50] </args>
      <args> x[28] x[51] </args>
      <args> x[28] x[52] </args>
      <args> x[28] x[53] </args>
      <args> x[28] x[54] </args>
      <args> x[28] x[55] </args>
      <args> x[28] x[56] </args>
      <args> x[28] x[57] </args>
      <args> x[28] x[58] </args>
      <args> x[28] x[59] </args>
      <args> x[28] x[60] </args>
      <args> x[28] x[61] </args>
      <args> x[28] x[62] </args>
      <args> x[28] x[63] </args>
      <args> x[29] x[31] </args>
      <args> x[29] x[32] </args>
      <args> x[29] x[33] </args>
      <args> x[29] x[34] </args>
      <args> x[29] x[35] </args>
      <args> x[29] x[36] </args>
      <args> x[29] x[37] </args>
      <args> x[29] x[38] </args>
      <args> x[29] x[39] </args>
      <args> x[29] x[40] </args>
      <args> x[29] x[41] </args>
      <args> x[29] x[42] </args>
      <args> x[29] x[43] </args>
      <args> x[29] x[44] </args>
      <args> x[29] x[45] </args>
      <args> x[29] x[46] </args>
      <args> x[29] x[47] </args>
      <args> x[29] x[48] </args>
      <args> x[29] x[49] </args>
      <args> x[29] x[50] </args>
      <args> x[29] x[51] </args>
      <args> x[29] x[52] </args>
      <args> x[29] x[53] </args>
      <args> x[29] x[54] </args>
      <args> x[29] x[55] </args>
      <args> x[29] x[56] </args>
      <args> x[29] x[57] </args>
      <args> x[29] x[58] </args>
      <args> x[29] x[59] </args>
      <args> x[29] x[60] </args>
      <args> x[29] x[61] </args>
      <args> x[29] x[62] </args>
      <args> x[29] x[63] </args>
      <args> x[30] x[32] </args>
      <args> x[30] x[33] </args>
      <args> x[30] x[34] </args>
      <args> x[30] x[35] </args>
      <args> x[30] x[36] </args>
      <args> x[30] x[37] </args>
      <args> x[30] x[38] </args>
      <args> x[30] x[39] </args>
      <args> x[30] x[40] </args>
      <args> x[30] x[41] </args>
      <args> x[30] x[42] </args>
      <args> x[30] x[43] </args>
      <args> x[30] x[44] </args>
      <args> x[30] x[45] </args>
      <args> x[30] x[46] </args>
      <args> x[30] x[47] </args>
      <args> x[30] x[48] </args>
      <args> x[30] x[49] </args>
      <args> x[30] x[50] </args>
      <args> x[30] x[51] </args>
      <args> x[30] x[52] </args>
      <args> x[30] x[53] </args>
      <args> x[30] x[54] </args>
      <args> x[30] x[55] </args>
      <args> x[30] x[56] </args>
      <args> x[30] x[57] </args>
      <args> x[30] x[58] </args>
      <args> x[30] x[59] </args>
      <args> x[30] x[60] </args>
      <args> x[30] x[61] </args>
      <args> x[30] x[62] </args>
      <args> x[30] x[63] </args>
      <args> x[31] x[33] </args>
      <args> x[31] x[34] </args>
      <args> x[31] x[35] </args>
      <args> x[31] x[36] </args>
      <args> x[31] x[37] </args>
      <args> x[31] x[38] </args>
      <args> x[31] x[39] </args>
      <args> x[31] x[40] </args>
      <args> x[31] x[41] </args>
      <args> x[31] x[42] </args>
      <args> x[31] x[43] </args>
      <args> x[31] x[44] </args>
      <args> x[31] x[45] </args>
      <args> x[31] x[46] </args>
      <args> x[31] x[47] </args>
      <args> x[31] x[48] </args>
      <args> x[31] x[49] </args>
      <args> x[31] x[50] </args>
      <args> x[31] x[51] </args>
      <args> x[31] x[52] </args>
      <args> x[31] x[53] </args>
      <args> x[31] x[54] </args>
      <args> x[31] x[55] </args>
      <args> x[31] x[56] </args>
      <args> x[31] x[57] </args>
      <args> x[31] x[58] </args>
      <args> x[31] x[59] </args>
      <args> x[31] x[60] </args>
      <args> x[31] x[61] </args>
      <args> x[31] x[62] </args>
      <args> x[31] x[63] </args>
      <args> x[32] x[34] </args>
      <args> x[32] x[35] </args>
      <args> x[32] x[36] </args>
      <args> x[32] x[37] </args>
      <args> x[32] x[38] </args>
      <args> x[32] x[39] </args>
      <args> x[32] x[40] </args>
      <args> x[32] x[41] </args>
      <args> x[32] x[42] </args>
      <args> x[32] x[43] </args>
      <args> x[32] x[44] </args>
      <args> x[32] x[45] </args>
      <args> x[32] x[46] </args>
      <args> x[32] x[47] </args>
      <args> x[32] x[48] </args>
      <args> x[32] x[49] </args>
      <args> x[32] x[50] </args>
      <args> x[32] x[51] </args>
      <args> x[32] x[52] </args>
      <args> x[32] x[53] </args>
      <args> x[32] x[54] </args>
      <args> x[32] x[55] </args>
      <args> x[32] x[56] </args>
      <args> x[32] x[57] </args>
      <args> x[32] x[58] </args>
      <args> x[32] x[59] </args>
      <args> x[32] x[60] </args>
      <args> x[32] x[61] </args>
      <args> x[32] x[62] </args>
      <args> x[32] x[63] </args>
      <args> x[33] x[35] </args>
      <args> x[33] x[36] </args>
      <args> x[33] x[37] </args>
      <args> x[33] x[38] </args>
      <args> x[33] x[39] </args>
      <args> x[33] x[40] </args>
      <args> x[33] x[41] </args>
      <args> x[33] x[42] </args>
      <args> x[33] x[43] </args>
      <args> x[33] x[44] </args>
      <args> x[33] x[45] </args>
      <args> x[33] x[46] </args>
      <args> x[33] x[47] </args>
      <args> x[33] x[48] </args>
      <args> x[33] x[49] </args>
      <args> x[33] x[50] </args>
      <args> x[33] x[51] </args>
      <args> x[33] x[52] </args>
      <args> x[33] x[53] </args>
      <args> x[33] x[54] </args>
      <args> x[33] x[55] </args>
      <args> x[33] x[56] </args>
      <args> x[33] x[57] </args>
      <args> x[33] x[58] </args>
      <args> x[33] x[59] </args>
      <args> x[33] x[60] </args>
      <args> x[33] x[61] </args>
      <args> x[33] x[62] </args>
      <args> x[33] x[63] </args>
      <args> x[34] x[36] </args>
      <args> x[34] x[37] </args>
      <args> x[34] x[38] </args>
      <args> x[34] x[39] </args>
      <args> x[34] x[40] </args>
      <args> x[34] x[41] </args>
      <args> x[34] x[42] </args>
      <args> x[34] x[43] </args>
      <args> x[34] x[44] </args>
      <args> x[34] x[45] </args>
      <args> x[34] x[46] </args>
      <args> x[34] x[47] </args>
      <args> x[34] x[48] </args>
      <args> x[34] x[49] </args>
      <args> x[34] x[50] </args>
      <args> x[34] x[51] </args>
      <args> x[34] x[52] </args>
      <args> x[34] x[53] </args>
      <args> x[34] x[54] </args>
      <args> x[34] x[55] </args>
      <args> x[34] x[56] </args>
      <args> x[34] x[57] </args>
      <args> x[34] x[58] </args>
      <args> x[34] x[59] </args>
      <args> x[34] x[60] </args>
      <args> x[34] x[61] </args>
      <args> x[34] x[62] </args>
      <args> x[34] x[63] </args>
      <args> x[35] x[37] </args>
      <args> x[35] x[38] </args>
      <args> x[35] x[39] </args>
      <args> x[35] x[40] </args>
      <args> x[35] x[41] </args>
      <args> x[35] x[42] </args>
      <args> x[35] x[43] </args>
      <args> x[35] x[44] </args>
      <args> x[35] x[45] </args>
      <args> x[35] x[46] </args>
      <args> x[35] x[47] </args>
      <args> x[35] x[48] </args>
      <args> x[35] x[49] </args>
      <args> x[35] x[50] </args>
      <args> x[35] x[51] </args>
      <args> x[35] x[52] </args>
      <args> x[35] x[53] </args>
      <args> x[35] x[54] </args>
      <args> x[35] x[55] </args>
      <args> x[35] x[56] </args>
      <args> x[35] x[57] </args>
      <args> x[35] x[58] </args>
      <args> x[35] x[59] </args>
      <args> x[35] x[60] </args>
      <args> x[35] x[61] </args>
      <args> x[35] x[62] </args>
      <args> x[35] x[63] </args>
      <args> x[36] x[38] </args>
      <args> x[36] x[39] </args>
      <args> x[36] x[40] </args>
      <args> x[36] x[41] </args>
      <args> x[36] x[42] </args>
      <args> x[36] x[43] </args>
      <args> x[36] x[44] </args>
      <args> x[36] x[45] </args>
      <args> x[36] x[46] </args>
      <args> x[36] x[47] </args>
      <args> x[36] x[48] </args>
      <args> x[36] x[49] </args>
      <args> x[36] x[50] </args>
      <args> x[36] x[51] </args>
      <args> x[36] x[52] </args>
      <args> x[36] x[53] </args>
      <args> x[36] x[54] </args>
      <args> x[36] x[55] </args>
      <args> x[36] x[56] </args>
      <args> x[36] x[57] </args>
      <args> x[36] x[58] </args>
      <args> x[36] x[59] </args>
      <args> x[36] x[60] </args>
      <args> x[36] x[61] </args>
      <args> x[36] x[62] </args>
      <args> x[36] x[63] </args>
      <args> x[37] x[39] </args>
      <args> x[37] x[40] </args>
      <args> x[37] x[41] </args>
      <args> x[37] x[42] </args>
      <args> x[37] x[43] </args>
      <args> x[37] x[44] </args>
      <args> x[37] x[45] </args>
      <args> x[37] x[46] </args>
      <args> x[37] x[47] </args>
      <args> x[37] x[48] </args>
      <args> x[37] x[49] </args>
      <args> x[37] x[50] </args>
      <args> x[37] x[51] </args>
      <args> x[37] x[52] </args>
      <args> x[37] x[53] </args>
      <args> x[37] x[54] </args>
      <args> x[37] x[55] </args>
      <args> x[37] x[56] </args>
      <args> x[37] x[57] </args>
      <args> x[37] x[58] </args>
      <args> x[37] x[59] </args>
      <args> x[37] x[60] </args>
      <args> x[37] x[61] </args>
      <args> x[37] x[62] </args>
      <args> x[37] x[63] </args>
      <args> x[38] x[40] </args>
      <args> x[38] x[41] </args>
      <args> x[38] x[42] </args>
      <args> x[38] x[43] </args>
      <args> x[38] x[44] </args>
      <args> x[38] x[45] </args>
      <args> x[38] x[46] </args>
      <args> x[38] x[47] </args>
      <args> x[38] x[48] </args>
      <args> x[38] x[49] </args>
      <args> x[38] x[50] </args>
      <args> x[38] x[51] </args>
      <args> x[38] x[52] </args>
      <args> x[38] x[53] </args>
      <args> x[38] x[54] </args>
      <args> x[38] x[55] </args>
      <args> x[38] x[56] </args>
      <args> x[38] x[57] </args>
      <args> x[38] x[58] </args>
      <args> x[38] x[59] </args>
      <args> x[38] x[60] </args>
      <args> x[38] x[61] </args>
      <args> x[38] x[62] </args>
      <args> x[38] x[63] </args>
      <args> x[39] x[41] </args>
      <args> x[39] x[42] </args>
      <args> x[39] x[43] </args>
      <args> x[39] x[44] </args>
      <args> x[39] x[45] </args>
      <args> x[39] x[46] </args>
      <args> x[39] x[47] </args>
      <args> x[39] x[48] </args>
      <args> x[39] x[49] </args>
      <args> x[39] x[50] </args>
      <args> x[39] x[51] </args>
      <args> x[39] x[52] </args>
      <args> x[39] x[53] </args>
      <args> x[39] x[54] </args>
      <args> x[39] x[55] </args>
      <args> x[39] x[56] </args>
      <args> x[39] x[57] </args>
      <args> x[39] x[58] </args>
      <args> x[39] x[59] </args>
      <args> x[39] x[60] </args>
      <args> x[39] x[61] </args>
      <args> x[39] x[62] </args>
      <args> x[39] x[63] </args>
      <args> x[40] x[42] </args>
      <args> x[40] x[43] </args>
      <args> x[40] x[44] </args>
      <args> x[40] x[45] </args>
      <args> x[40] x[46] </args>
      <args> x[40] x[47] </args>
      <args> x[40] x[48] </args>
      <args> x[40] x[49] </args>
      <args> x[40] x[50] </args>
      <args> x[40] x[51] </args>
      <args> x[40] x[52] </args>
      <args> x[40] x[53] </args>
      <args> x[40] x[54] </args>
      <args> x[40] x[55] </args>
      <args> x[40] x[56] </args>
      <args> x[40] x[57] </args>
      <args> x[40] x[58] </args>
      <args> x[40] x[59] </args>
      <args> x[40] x[60] </args>
      <args> x[40] x[61] </args>
      <args> x[40] x[62] </args>
      <args> x[40] x[63] </args>
      <args> x[41] x[43] </args>
      <args> x[41] x[44] </args>
      <args> x[41] x[45] </args>
      <args> x[41] x[46] </args>
      <args> x[41] x[47] </args>
      <args> x[41] x[48] </args>
      <args> x[41] x[49] </args>
      <args> x[41] x[50] </args>
      <args> x[41] x[51] </args>
      <args> x[41] x[52] </args>
      <args> x[41] x[53] </args>
      <args> x[41] x[54] </args>
      <args> x[41] x[55] </args>
      <args> x[41] x[56] </args>
      <args> x[41] x[57] </args>
      <args> x[41] x[58] </args>
      <args> x[41] x[59] </args>
      <args> x[41] x[60] </args>
      <args> x[41] x[61] </args>
      <args> x[41] x[62] </args>
      <args> x[41] x[63] </args>
      <args> x[42] x[44] </args>
      <args> x[42] x[45] </args>
      <args> x[42] x[46] </args>
      <args> x[42] x[47] </args>
      <args> x[42] x[48] </args>
      <args> x[42] x[49] </args>
      <args> x[42] x[50] </args>
      <args> x[42] x[51] </args>
      <args> x[42] x[52] </args>
      <args> x[42] x[53] </args>
      <args> x[42] x[54] </args>
      <args> x[42] x[55] </args>
      <args> x[42] x[56] </args>
      <args> x[42] x[57] </args>
      <args> x[42] x[58] </args>
      <args> x[42] x[59] </args>
      <args> x[42] x[60] </args>
      <args> x[42] x[61] </args>
      <args> x[42] x[62] </args>
      <args> x[42] x[63] </args>
      <args> x[43] x[45] </args>
      <args> x[43] x[46] </args>
      <args> x[43] x[47] </args>
      <args> x[43] x[48] </args>
      <args> x[43] x[49] </args>
      <args> x[43] x[50] </args>
      <args> x[43] x[51] </args>
      <args> x[43] x[52] </args>
      <args> x[43] x[53] </args>
      <args> x[43] x[54] </args>
      <args> x[43] x[55] </args>
      <args> x[43] x[56] </args>
      <args> x[43] x[57] </args>
      <args> x[43] x[58] </args>
      <args> x[43] x[59] </args>
      <args> x[43] x[60] </args>
      <args> x[43] x[61] </args>
      <args> x[43] x[62] </args>
      <args> x[43] x[63] </args>
      <args> x[44] x[46] </args>
      <args> x[44] x[47] </args>
      <args> x[44] x[48] </args>
      <args> x[44] x[49] </args>
      <args> x[44] x[50] </args>
      <args> x[44] x[51] </args>
      <args> x[44] x[52] </args>
      <args> x[44] x[53] </args>
      <args> x[44] x[54] </args>
      <args> x[44] x[55] </args>
      <args> x[44] x[56] </args>
      <args> x[44] x[57] </args>
      <args> x[44] x[58] </args>
      <args> x[44] x[59] </args>
      <args> x[44] x[60] </args>
      <args> x[44] x[61] </args>
      <args> x[44] x[62] </args>
      <args> x[44] x[63] </args>
      <args> x[45] x[47] </args>
      <args> x[45] x[48] </args>
      <args> x[45] x[49] </args>
      <args> x[45] x[50] </args>
      <args> x[45] x[51] </args>
      <args> x[45] x[52] </args>
      <args> x[45] x[53] </args>
      <args> x[45] x[54] </args>
      <args> x[45] x[55] </args>
      <args> x[45] x[56] </args>
      <args> x[45] x[57] </args>
      <args> x[45] x[58] </args>
      <args> x[45] x[59] </args>
      <args> x[45] x[60] </args>
      <args> x[45] x[61] </args>
      <args> x[45] x[62] </args>
      <args> x[45] x[63] </args>
      <args> x[46] x[48] </args>
      <args> x[46] x[49] </args>
      <args> x[46] x[50] </args>
      <args> x[46] x[51] </args>
      <args> x[46] x[52] </args>
      <args> x[46] x[53] </args>
      <args> x[46] x[54] </args>
      <args> x[46] x[55] </args>
      <args> x[46] x[56] </args>
      <args> x[46] x[57] </args>
      <args> x[46] x[58] </args>
      <args> x[46] x[59] </args>
      <args> x[46] x[60] </args>
      <args> x[46] x[61] </args>
      <args> x[46] x[62] </args>
      <args> x[46] x[63] </args>
      <args> x[47] x[49] </args>
      <args> x[47] x[50] </args>
      <args> x[47] x[51] </args>
      <args> x[47] x[52] </args>
      <args> x[47] x[53] </args>
      <args> x[47] x[54] </args>
      <args> x[47] x[55] </args>
      <args> x[47] x[56] </args>
      <args> x[47] x[57] </args>
      <args> x[47] x[58] </args>
      <args> x[47] x[59] </args>
      <args> x[47] x[60] </args>
      <args> x[47] x[61] </args>
      <args> x[47] x[62] </args>
      <args> x[47] x[63] </args>
      <args> x[48] x[50] </args>
      <args> x[48] x[51] </args>
      <args> x[48] x[52] </args>
      <args> x[48] x[53] </args>
      <args> x[48] x[54] </args>
      <args> x[48] x[55] </args>
      <args> x[48] x[56] </args>
      <args> x[48] x[57] </args>
      <args> x[48] x[58] </args>
      <args> x[48] x[59] </args>
      <args> x[48] x[60] </args>
      <args> x[48] x[61] </args>
      <args> x[48] x[62] </args>
      <args> x[48] x[63] </args>
      <args> x[49] x[51] </args>
      <args> x[49] x[52] </args>
      <args> x[49] x[53] </args>
      <args> x[49] x[54] </args>
      <args> x[49] x[55] </args>
      <args> x[49] x[56] </args>
      <args> x[49] x[57] </args>
      <args> x[49] x[58] </args>
      <args> x[49] x[59] </args>
      <args> x[49] x[60] </args>
      <args> x[49] x[61] </args>
      <args> x[49] x[62] </args>
      <args> x[49] x[63] </args>
      <args> x[50] x[52] </args>
      <args> x[50] x[53] </args>
      <args> x[50] x[54] </args>
      <args> x[50] x[55] </args>
      <args> x[50] x[56] </args>
      <args> x[50] x[57] </args>
      <args> x[50] x[58] </args>
      <args> x[50] x[59] </args>
      <args> x[50] x[60] </args>
      <args> x[50] x[61] </args>
      <args> x[50] x[62] </args>
      <args> x[50] x[63] </args>
      <args> x[51] x[53] </args>
      <args> x[51] x[54] </args>
      <args> x[51] x[55] </args>
      <args> x[51] x[56] </args>
      <args> x[51] x[57] </args>
      <args> x[51] x[58] </args>
      <args> x[51] x[59] </args>
      <args> x[51] x[60] </args>
      <args> x[51] x[61] </args>
      <args> x[51] x[62] </args>
      <args> x[51] x[63] </args>
      <args> x[52] x[54] </args>
      <args> x[52] x[55] </args>
      <args> x[52] x[56] </args>
      <args> x[52] x[57] </args>
      <args> x[52] x[58] </args>
      <args> x[52] x[59] </args>
      <args> x[52] x[60] </args>
      <args> x[52] x[61] </args>
      <args> x[52] x[62] </args>
      <args> x[52] x[63] </args>
      <args> x[53] x[55] </args>
      <args> x[53] x[56] </args>
      <args> x[53] x[57] </args>
      <args> x[53] x[58] </args>
      <args> x[53] x[59] </args>
      <args> x[53] x[60] </args>
      <args> x[53] x[61] </args>
      <args> x[53] x[62] </args>
      <args> x[53] x[63] </args>
      <args> x[54] x[56] </args>
      <args> x[54] x[57] </args>
      <args> x[54] x[58] </args>
      <args> x[54] x[59] </args>
      <args> x[54] x[60] </args>
      <args> x[54] x[61] </args>
      <args> x[54] x[62] </args>
      <args> x[54] x[63] </args>
      <args> x[55] x[57] </args>
      <args> x[55] x[58] </args>
      <args> x[55] x[59] </args>
      <args> x[55] x[60] </args>
      <args> x[55] x[61] </args>
      <args> x[55] x[62] </args>
      <args> x[55] x[63] </args>
      <args> x[56] x[58] </args>
      <args> x[56] x[59] </args>
      <args> x[56] x[60] </args>
      <args> x[56] x[61] </args>
      <args> x[56] x[62] </args>
      <args> x[56] x[63] </args>
      <args> x[57] x[59] </args>
      <args> x[57] x[60] </args>
      <args> x[57] x[61] </args>
      <args> x[57] x[62] </args>
      <args> x[57] x[63] </args>
      <args> x[58] x[60] </args>
      <args> x[58] x[61] </args>
      <args> x[58] x[62] </args>
      <args> x[58] x[63] </args>
      <args> x[59] x[61] </args>
      <args> x[59] x[62] </args>
      <args> x[59] x[63] </args>
      <args> x[60] x[62] </args>
      <args> x[60] x[63] </args>
      <args> x[61] x[63] </args>
    </group>
    <group>
      <intension> or(and(eq(abs(sub(div(%0,8),div(%1,8))),1),eq(abs(sub(mod(%0,8),mod(%1,8))),2)),and(eq(abs(sub(div(%0,8),div(%1,8))),2),eq(abs(sub(mod(%0,8),mod(%1,8))),1))) </intension>
      <args> x[0] x[1] </args>
      <args> x[1] x[2] </args>
      <args> x[2] x[3] </args>
      <args> x[3] x[4] </args>
      <args> x[4] x[5] </args>
      <args> x[5] x[6] </args>
      <args> x[6] x[7] </args>
      <args> x[7] x[8] </args>
      <args> x[8] x[9] </args>
      <args> x[9] x[10] </args>
      <args> x[10] x[11] </args>
      <args> x[11] x[12] </args>
      <args> x[12] x[13] </args>
      <args> x[13] x[14] </args>
      <args> x[14] x[15] </args>
      <args> x[15] x[16] </args>
      <args> x[16] x[17] </args>
      <args> x[17] x[18] </args>
      <args> x[18] x[19] </args>
      <args> x[19] x[20] </args>
      <args> x[20] x[21] </args>
      <args> x[21] x[22] </args>
      <args> x[22] x[23] </args>
      <args> x[23] x[24] </args>
      <args> x[24] x[25] </args>
      <args> x[25] x[26] </args>
      <args> x[26] x[27] </args>
      <args> x[27] x[28] </args>
      <args> x[28] x[29] </args>
      <args> x[29] x[30] </args>
      <args> x[30] x[31] </args>
      <args> x[31] x[32] </args>
      <args> x[32] x[33] </args>
      <args> x[33] x[34] </args>
      <args> x[34] x[35] </args>
      <args> x[35] x[36] </args>
      <args> x[36] x[37] </args>
      <args> x[37] x[38] </args>
      <args> x[38] x[39] </args>
      <args> x[39] x[40] </args>
      <args> x[40] x[41] </args>
      <args> x[41] x[42] </args>
      <args> x[42] x[43] </args>
      <args> x[43] x[44] </args>
      <args> x[44] x[45] </args>
      <args> x[45] x[46] </args>
      <args> x[46] x[47] </args>
      <args> x[47] x[48] </args>
      <args> x[48] x[49] </args>
      <args> x[49] x[50] </args>
      <args> x[50] x[51] </args>
      <args> x[51] x[52] </args>
      <args> x[52] x[53] </args>
      <args> x[53] x[54] </args>
      <args> x[54] x[55] </args>
      <args> x[55] x[56] </args>
      <args> x[56] x[57] </args>
      <args> x[57] x[58] </args>
      <args> x[58] x[59] </args>
      <args> x[59] x[60] </args>
      <args> x[60] x[61] </args>
      <args> x[61] x[62] </args>
      <args> x[62] x[63] </args>
    </group>
    <group>
      <intension> and(ne(%0,%1),or(eq(mod(%0,8),mod(%1,8)),or(eq(div(%0,8),div(%1,8)),eq(abs(sub(div(%0,8),div(%1,8))),abs(sub(mod(%0,8),mod(%1,8))))))) </intension>
      <args> w0 x[1] </args>
      <args> w0 x[2] </args>
      <args> w0 x[4] </args>
      <args> w0 x[6] </args>
      <args> w0 x[10] </args>
      <args> w0 x[12] </args>
      <args> w0 x[16] </args>
      <args> w0 x[18] </args>
      <args> w0 x[22] </args>
      <args> w0 x[28] </args>
      <args> w0 x[30] </args>
      <args> w0 x[36] </args>
      <args> w0 x[40] </args>
      <args> w0 x[42] </args>
      <args> w0 x[46] </args>
      <args> w0 x[52] </args>
      <args> w0 x[58] </args>
      <args> w0 x[60] </args>
    </group>
  </constraints>
</instance>
