<instance format="XCSP3" type="CSP">
  <variables>
    <var id="w0"> 0 1 4 </var>
    <array id="x" size="[9]"> 0..8 </array>
  </variables>
  <constraints>
    <group>
      <intension> ne(%0,%1) </intension>
      <args> x[0] x[2] </args>
      <args> x[0] x[3] </args>
      <args> x[0] x[4] </args>
      <args> x[0] x[5] </args>
      <args> x[0] x[6] </args>
      <args> x[0] x[7] </args>
      <args> x[0] x[8] </args>
      <args> x[1] x[3] </args>
      <args> x[1] x[4] </args>
      <args> x[1] x[5] </args>
      <args> x[1] x[6] </args>
      <args> x[1] x[7] </args>
      <args> x[1] x[8] </args>
      <args> x[2] x[4] </args>
      <args> x[2] x[5] </args>
      <args> x[2] x[6] </args>
      <args> x[2] x[7] </args>
      <args> x[2] x[8] </args>
      <args> x[3] x[5] </args>
      <args> x[3] x[6] </args>
      <args> x[3] x[7] </args>
      <args> x[3] x[8] </args>
      <args> x[4] x[6] </args>
      <args> x[4] x[7] </args>
      <args> x[4] x[8] </args>
      <args> x[5] x[7] </args>
      <args> x[5] x[8] </args>
      <args> x[6] x[8] </args>
    </group>
    <group>
      <intension> or(and(eq(abs(sub(div(%0,3),div(%1,3))),1),eq(abs(sub(mod(%0,3),mod(%1,3))),2)),and(eq(abs(sub(div(%0,3),div(%1,3))),2),eq(abs(sub(mod(%0,3),mod(%1,3))),1))) </intension>
      <args> x[0] x[1] </args>
      <args> x[1] x[2] </args>
      <args> x[2] x[3] </args>
      <args> x[3] x[4] </args>
      <args> x[4] x[5] </args>
      <args> x[5] x[6] </args>
      <args> x[6] x[7] </args>
      <args> x[7] x[8] </args>
    </group>
    <group>
      <intension> and(ne(%0,%1),or(eq(mod(%0,3),mod(%1,3)),or(eq(div(%0,3),div(%1,3)),eq(abs(sub(div(%0,3),div(%1,3))),abs(sub(mod(%0,3),mod(%1,3))))))) </intension>
      <args> w0 x[1] </args>
      <args> w0 x[2] </args>
      <args> w0 x[4] </args>
      <args> w0 x[6] </args>
    </group>
  </constraints>
</instance>
