<instance format="XCSP3" type="CSP">
  <variables>
    <var id="w0"> 0..3 8..10 16 17 24 </var>
    <array id="x" size="[49]"> 0..48 </array>
  </variables>
  <constraints>
    <group>
      <intension> ne(%0,%1) </intension>
      <args> x[0] x[2] </args>
      <args> x[0] x[3] </args>
      <args> x[0] x[4] </args>
      <args> x[0] x[5] </args>
      <args> x[0] x[6] </args>
      <args> x[0] x[7] </args>
      <args> x[0] x[8] </args>
      <args> x[0] x[9] </args>
      <args> x[0] x[10] </args>
      <args> x[0] x[11] </args>
      <args> x[0] x[12] </args>
      <args> x[0] x[13] </args>
      <args> x[0] x[14] </args>
      <args> x[0] x[15] </args>
      <args> x[0] x[16] </args>
      <args> x[0] x[17] </args>
      <args> x[0] x[18] </args>
      <args> x[0] x[19] </args>
      <args> x[0] x[20] </args>
      <args> x[0] x[21] </args>
      <args> x[0] x[22] </args>
      <args> x[0] x[23] </args>
      <args> x[0] x[24] </args>
      <args> x[0] x[25] </args>
      <args> x[0] x[26] </args>
      <args> x[0] x[27] </args>
      <args> x[0] x[28] </args>
      <args> x[0] x[29] </args>
      <args> x[0] x[30] </args>
      <args> x[0] x[31] </args>
      <args> x[0] x[32] </args>
      <args> x[0] x[33] </args>
      <args> x[0] x[34] </args>
      <args> x[0] x[35] </args>
      <args> x[0] x[36] </args>
      <args> x[0] x[37] </args>
      <args> x[0] x[38] </args>
      <args> x[0] x[39] </args>
      <args> x[0] x[40] </args>
      <args> x[0] x[41] </args>
      <args> x[0] x[42] </args>
      <args> x[0] x[43] </args>
      <args> x[0] x[44] </args>
      <args> x[0] x[45] </args>
      <args> x[0] x[46] </args>
      <args> x[0] x[47] </args>
      <args> x[0] x[48] </args>
      <args> x[1] x[3] </args>
      <args> x[1] x[4] </args>
      <args> x[1] x[5] </args>
      <args> x[1] x[6] </args>
      <args> x[1] x[7] </args>
      <args> x[1] x[8] </args>
      <args> x[1] x[9] </args>
      <args> x[1] x[10] </args>
      <args> x[1] x[11] </args>
      <args> x[1] x[12] </args>
      <args> x[1] x[13] </args>
      <args> x[1] x[14] </args>
      <args> x[1] x[15] </args>
      <args> x[1] x[16] </args>
      <args> x[1] x[17] </args>
      <args> x[1] x[18] </args>
      <args> x[1] x[19] </args>
      <args> x[1] x[20] </args>
      <args> x[1] x[21] </args>
      <args> x[1] x[22] </args>
      <args> x[1] x[23] </args>
      <args> x[1] x[24] </args>
      <args> x[1] x[25] </args>
      <args> x[1] x[26] </args>
      <args> x[1] x[27] </args>
      <args> x[1] x[28] </args>
      <args> x[1] x[29] </args>
      <args> x[1] x[30] </args>
      <args> x[1] x[31] </args>
      <args> x[1] x[32] </args>
      <args> x[1] x[33] </args>
      <args> x[1] x[34] </args>
      <args> x[1] x[35] </args>
      <args> x[1] x[36] </args>
      <args> x[1] x[37] </args>
      <args> x[1] x[38] </args>
      <args> x[1] x[39] </args>
      <args> x[1] x[40] </args>
      <args> x[1] x[41] </args>
      <args> x[1] x[42] </args>
      <args> x[1] x[43] </args>
      <args> x[1] x[44] </args>
      <args> x[1] x[45] </args>
      <args> x[1] x[46] </args>
      <args> x[1] x[47] </args>
      <args> x[1] x[48] </args>
      <args> x[2] x[4] </args>
      <args> x[2] x[5] </args>
      <args> x[2] x[6] </args>
      <args> x[2] x[7] </args>
      <args> x[2] x[8] </args>
      <args> x[2] x[9] </args>
      <args> x[2] x[10] </args>
      <args> x[2] x[11] </args>
      <args> x[2] x[12] </args>
      <args> x[2] x[13] </args>
      <args> x[2] x[14] </args>
      <args> x[2] x[15] </args>
      <args> x[2] x[16] </args>
      <args> x[2] x[17] </args>
      <args> x[2] x[18] </args>
      <args> x[2] x[19] </args>
      <args> x[2] x[20] </args>
      <args> x[2] x[21] </args>
      <args> x[2] x[22] </args>
      <args> x[2] x[23] </args>
      <args> x[2] x[24] </args>
      <args> x[2] x[25] </args>
      <args> x[2] x[26] </args>
      <args> x[2] x[27] </args>
      <args> x[2] x[28] </args>
      <args> x[2] x[29] </args>
      <args> x[2] x[30] </args>
      <args> x[2] x[31] </args>
      <args> x[2] x[32] </args>
      <args> x[2] x[33] </args>
      <args> x[2] x[34] </args>
      <args> x[2] x[35] </args>
      <args> x[2] x[36] </args>
      <args> x[2] x[37] </args>
      <args> x[2] x[38] </args>
      <args> x[2] x[39] </args>
      <args> x[2] x[40] </args>
      <args> x[2] x[41] </args>
      <args> x[2] x[42] </args>
      <args> x[2] x[43] </args>
      <args> x[2] x[44] </args>
      <args> x[2] x[45] </args>
      <args> x[2] x[46] </args>
      <args> x[2] x[47] </args>
      <args> x[2] x[48] </args>
      <args> x[3] x[5] </args>
      <args> x[3] x[6] </args>
      <args> x[3] x[7] </args>
      <args> x[3] x[8] </args>
      <args> x[3] x[9] </args>
      <args> x[3] x[10] </args>
      <args> x[3] x[11] </args>
      <args> x[3] x[12] </args>
      <args> x[3] x[13] </args>
      <args> x[3] x[14] </args>
      <args> x[3] x[15] </args>
      <args> x[3] x[16] </args>
      <args> x[3] x[17] </args>
      <args> x[3] x[18] </args>
      <args> x[3] x[19] </args>
      <args> x[3] x[20] </args>
      <args> x[3] x[21] </args>
      <args> x[3] x[22] </args>
      <args> x[3] x[23] </args>
      <args> x[3] x[24] </args>
      <args> x[3] x[25] </args>
      <args> x[3] x[26] </args>
      <args> x[3] x[27] </args>
      <args> x[3] x[28] </args>
      <args> x[3] x[29] </args>
      <args> x[3] x[30] </args>
      <args> x[3] x[31] </args>
      <args> x[3] x[32] </args>
      <args> x[3] x[33] </args>
      <args> x[3] x[34] </args>
      <args> x[3] x[35] </args>
      <args> x[3] x[36] </args>
      <args> x[3] x[37] </args>
      <args> x[3] x[38] </args>
      <args> x[3] x[39] </args>
      <args> x[3] x[40] </args>
      <args> x[3] x[41] </args>
      <args> x[3] x[42] </args>
      <args> x[3] x[43] </args>
      <args> x[3] x[44] </args>
      <args> x[3] x[45] </args>
      <args> x[3] x[46] </args>
      <args> x[3] x[47] </args>
      <args> x[3] x[48] </args>
      <args> x[4] x[6] </args>
      <args> x[4] x[7] </args>
      <args> x[4] x[8] </args>
      <args> x[4] x[9] </args>
      <args> x[4] x[10] </args>
      <args> x[4] x[11] </args>
      <args> x[4] x[12] </args>
      <args> x[4] x[13] </args>
      <args> x[4] x[14] </args>
      <args> x[4] x[15] </args>
      <args> x[4] x[16] </args>
      <args> x[4] x[17] </args>
      <args> x[4] x[18] </args>
      <args> x[4] x[19] </args>
      <args> x[4] x[20] </args>
      <args> x[4] x[21] </args>
      <args> x[4] x[22] </args>
      <args> x[4] x[23] </args>
      <args> x[4] x[24] </args>
      <args> x[4] x[25] </args>
      <args> x[4] x[26] </args>
      <args> x[4] x[27] </args>
      <args> x[4] x[28] </args>
      <args> x[4] x[29] </args>
      <args> x[4] x[30] </args>
      <args> x[4] x[31] </args>
      <args> x[4] x[32] </args>
      <args> x[4] x[33] </args>
      <args> x[4] x[34] </args>
      <args> x[4] x[35] </args>
      <args> x[4] x[36] </args>
      <args> x[4] x[37] </args>
      <args> x[4] x[38] </args>
      <args> x[4] x[39] </args>
      <args> x[4] x[40] </args>
      <args> x[4] x[41] </args>
      <args> x[4] x[42] </args>
      <args> x[4] x[43] </args>
      <args> x[4] x[44] </args>
      <args> x[4] x[45] </args>
      <args> x[4] x[46] </args>
      <args> x[4] x[47] </args>
      <args> x[4] x[48] </args>
      <args> x[5] x[7] </args>
      <args> x[5] x[8] </args>
      <args> x[5] x[9] </args>
      <args> x[5] x[10] </args>
      <args> x[5] x[11] </args>
      <args> x[5] x[12] </args>
      <args> x[5] x[13] </args>
      <args> x[5] x[14] </args>
      <args> x[5] x[15] </args>
      <args> x[5] x[16] </args>
      <args> x[5] x[17] </args>
      <args> x[5] x[18] </args>
      <args> x[5] x[19] </args>
      <args> x[5] x[20] </args>
      <args> x[5] x[21] </args>
      <args> x[5] x[22] </args>
      <args> x[5] x[23] </args>
      <args> x[5] x[24] </args>
      <args> x[5] x[25] </args>
      <args> x[5] x[26] </args>
      <args> x[5] x[27] </args>
      <args> x[5] x[28] </args>
      <args> x[5] x[29] </args>
      <args> x[5] x[30] </args>
      <args> x[5] x[31] </args>
      <args> x[5] x[32] </args>
      <args> x[5] x[33] </args>
      <args> x[5] x[34] </args>
      <args> x[5] x[35] </args>
      <args> x[5] x[36] </args>
      <args> x[5] x[37] </args>
      <args> x[5] x[38] </args>
      <args> x[5] x[39] </args>
      <args> x[5] x[40] </args>
      <args> x[5] x[41] </args>
      <args> x[5] x[42] </args>
      <args> x[5] x[43] </args>
      <args> x[5] x[44] </args>
      <args> x[5] x[45] </args>
      <args> x[5] x[46] </args>
      <args> x[5] x[47] </args>
      <args> x[5] x[48] </args>
      <args> x[6] x[8] </args>
      <args> x[6] x[9] </args>
      <args> x[6] x[10] </args>
      <args> x[6] x[11] </args>
      <args> x[6] x[12] </args>
      <args> x[6] x[13] </args>
      <args> x[6] x[14] </args>
      <args> x[6] x[15] </args>
      <args> x[6] x[16] </args>
      <args> x[6] x[17] </args>
      <args> x[6] x[18] </args>
      <args> x[6] x[19] </args>
      <args> x[6] x[20] </args>
      <args> x[6] x[21] </args>
      <args> x[6] x[22] </args>
      <args> x[6] x[23] </args>
      <args> x[6] x[24] </args>
      <args> x[6] x[25] </args>
      <args> x[6] x[26] </args>
      <args> x[6] x[27] </args>
      <args> x[6] x[28] </args>
      <args> x[6] x[29] </args>
      <args> x[6] x[30] </args>
      <args> x[6] x[31] </args>
      <args> x[6] x[32] </args>
      <args> x[6] x[33] </args>
      <args> x[6] x[34] </args>
      <args> x[6] x[35] </args>
      <args> x[6] x[36] </args>
      <args> x[6] x[37] </args>
      <args> x[6] x[38] </args>
      <args> x[6] x[39] </args>
      <args> x[6] x[40] </args>
      <args> x[6] x[41] </args>
      <args> x[6] x[42] </args>
      <args> x[6] x[43] </args>
      <args> x[6] x[44] </args>
      <args> x[6] x[45] </args>
      <args> x[6] x[46] </args>
      <args> x[6] x[47] </args>
      <args> x[6] x[48] </args>
      <args> x[7] x[9] </args>
      <args> x[7] x[10] </args>
      <args> x[7] x[11] </args>
      <args> x[7] x[12] </args>
      <args> x[7] x[13] </args>
      <args> x[7] x[14] </args>
      <args> x[7] x[15] </args>
      <args> x[7] x[16] </args>
      <args> x[7] x[17] </args>
      <args> x[7] x[18] </args>
      <args> x[7] x[19] </args>
      <args> x[7] x[20] </args>
      <args> x[7] x[21] </args>
      <args> x[7] x[22] </args>
      <args> x[7] x[23] </args>
      <args> x[7] x[24] </args>
      <args> x[7] x[25] </args>
      <args> x[7] x[26] </args>
      <args> x[7] x[27] </args>
      <args> x[7] x[28] </args>
      <args> x[7] x[29] </args>
      <args> x[7] x[30] </args>
      <args> x[7] x[31] </args>
      <args> x[7] x[32] </args>
      <args> x[7] x[33] </args>
      <args> x[7] x[34] </args>
      <args> x[7] x[35] </args>
      <args> x[7] x[36] </args>
      <args> x[7] x[37] </args>
      <args> x[7] x[38] </args>
      <args> x[7] x[39] </args>
      <args> x[7] x[40] </args>
      <args> x[7] x[41] </args>
      <args> x[7] x[42] </args>
      <args> x[7] x[43] </args>
      <args> x[7] x[44] </args>
      <args> x[7] x[45] </args>
      <args> x[7] x[46] </args>
      <args> x[7] x[47] </args>
      <args> x[7] x[48] </args>
      <args> x[8] x[10] </args>
      <args> x[8] x[11] </args>
      <args> x[8] x[12] </args>
      <args> x[8] x[13] </args>
      <args> x[8] x[14] </args>
      <args> x[8] x[15] </args>
      <args> x[8] x[16] </args>
      <args> x[8] x[17] </args>
      <args> x[8] x[18] </args>
      <args> x[8] x[19] </args>
      <args> x[8] x[20] </args>
      <args> x[8] x[21] </args>
      <args> x[8] x[22] </args>
      <args> x[8] x[23] </args>
      <args> x[8] x[24] </args>
      <args> x[8] x[25] </args>
      <args> x[8] x[26] </args>
      <args> x[8] x[27] </args>
      <args> x[8] x[28] </args>
      <args> x[8] x[29] </args>
      <args> x[8] x[30] </args>
      <args> x[8] x[31] </args>
      <args> x[8] x[32] </args>
      <args> x[8] x[33] </args>
      <args> x[8] x[34] </args>
      <args> x[8] x[35] </args>
      <args> x[8] x[36] </args>
      <args> x[8] x[37] </args>
      <args> x[8] x[38] </args>
      <args> x[8] x[39] </args>
      <args> x[8] x[40] </args>
      <args> x[8] x[41] </args>
      <args> x[8] x[42] </args>
      <args> x[8] x[43] </args>
      <args> x[8] x[44] </args>
      <args> x[8] x[45] </args>
      <args> x[8] x[46] </args>
      <args> x[8] x[47] </args>
      <args> x[8] x[48] </args>
      <args> x[9] x[11] </args>
      <args> x[9] x[12] </args>
      <args> x[9] x[13] </args>
      <args> x[9] x[14] </args>
      <args> x[9] x[15] </args>
      <args> x[9] x[16] </args>
      <args> x[9] x[17] </args>
      <args> x[9] x[18] </args>
      <args> x[9] x[19] </args>
      <args> x[9] x[20] </args>
      <args> x[9] x[21] </args>
      <args> x[9] x[22] </args>
      <args> x[9] x[23] </args>
      <args> x[9] x[24] </args>
      <args> x[9] x[25] </args>
      <args> x[9] x[26] </args>
      <args> x[9] x[27] </args>
      <args> x[9] x[28] </args>
      <args> x[9] x[29] </args>
      <args> x[9] x[30] </args>
      <args> x[9] x[31] </args>
      <args> x[9] x[32] </args>
      <args> x[9] x[33] </args>
      <args> x[9] x[34] </args>
      <args> x[9] x[35] </args>
      <args> x[9] x[36] </args>
      <args> x[9] x[37] </args>
      <args> x[9] x[38] </args>
      <args> x[9] x[39] </args>
      <args> x[9] x[40] </args>
      <args> x[9] x[41] </args>
      <args> x[9] x[42] </args>
      <args> x[9] x[43] </args>
      <args> x[9] x[44] </args>
      <args> x[9] x[45] </args>
      <args> x[9] x[46] </args>
      <args> x[9] x[47] </args>
      <args> x[9] x[48] </args>
      <args> x[10] x[12] </args>
      <args> x[10] x[13] </args>
      <args> x[10] x[14] </args>
      <args> x[10] x[15] </args>
      <args> x[10] x[16] </args>
      <args> x[10] x[17] </args>
      <args> x[10] x[18] </args>
      <args> x[10] x[19] </args>
      <args> x[10] x[20] </args>
      <args> x[10] x[21] </args>
      <args> x[10] x[22] </args>
      <args> x[10] x[23] </args>
      <args> x[10] x[24] </args>
      <args> x[10] x[25] </args>
      <args> x[10] x[26] </args>
      <args> x[10] x[27] </args>
      <args> x[10] x[28] </args>
      <args> x[10] x[29] </args>
      <args> x[10] x[30] </args>
      <args> x[10] x[31] </args>
      <args> x[10] x[32] </args>
      <args> x[10] x[33] </args>
      <args> x[10] x[34] </args>
      <args> x[10] x[35] </args>
      <args> x[10] x[36] </args>
      <args> x[10] x[37] </args>
      <args> x[10] x[38] </args>
      <args> x[10] x[39] </args>
      <args> x[10] x[40] </args>
      <args> x[10] x[41] </args>
      <args> x[10] x[42] </args>
      <args> x[10] x[43] </args>
      <args> x[10] x[44] </args>
      <args> x[10] x[45] </args>
      <args> x[10] x[46] </args>
      <args> x[10] x[47] </args>
      <args> x[10] x[48] </args>
      <args> x[11] x[13] </args>
      <args> x[11] x[14] </args>
      <args> x[11] x[15] </args>
      <args> x[11] x[16] </args>
      <args> x[11] x[17] </args>
      <args> x[11] x[18] </args>
      <args> x[11] x[19] </args>
      <args> x[11] x[20] </args>
      <args> x[11] x[21] </args>
      <args> x[11] x[22] </args>
      <args> x[11] x[23] </args>
      <args> x[11] x[24] </args>
      <args> x[11] x[25] </args>
      <args> x[11] x[26] </args>
      <args> x[11] x[27] </args>
      <args> x[11] x[28] </args>
      <args> x[11] x[29] </args>
      <args> x[11] x[30] </args>
      <args> x[11] x[31] </args>
      <args> x[11] x[32] </args>
      <args> x[11] x[33] </args>
      <args> x[11] x[34] </args>
      <args> x[11] x[35] </args>
      <args> x[11] x[36] </args>
      <args> x[11] x[37] </args>
      <args> x[11] x[38] </args>
      <args> x[11] x[39] </args>
      <args> x[11] x[40] </args>
      <args> x[11] x[41] </args>
      <args> x[11] x[42] </args>
      <args> x[11] x[43] </args>
      <args> x[11] x[44] </args>
      <args> x[11] x[45] </args>
      <args> x[11] x[46] </args>
      <args> x[11] x[47] </args>
      <args> x[11] x[48] </args>
      <args> x[12] x[14] </args>
      <args> x[12] x[15] </args>
      <args> x[12] x[16] </args>
      <args> x[12] x[17] </args>
      <args> x[12] x[18] </args>
      <args> x[12] x[19] </args>
      <args> x[12] x[20] </args>
      <args> x[12] x[21] </args>
      <args> x[12] x[22] </args>
      <args> x[12] x[23] </args>
      <args> x[12] x[24] </args>
      <args> x[12] x[25] </args>
      <args> x[12] x[26] </args>
      <args> x[12] x[27] </args>
      <args> x[12] x[28] </args>
      <args> x[12] x[29] </args>
      <args> x[12] x[30] </args>
      <args> x[12] x[31] </args>
      <args> x[12] x[32] </args>
      <args> x[12] x[33] </args>
      <args> x[12] x[34] </args>
      <args> x[12] x[35] </args>
      <args> x[12] x[36] </args>
      <args> x[12] x[37] </args>
      <args> x[12] x[38] </args>
      <args> x[12] x[39] </args>
      <args> x[12] x[40] </args>
      <args> x[12] x[41] </args>
      <args> x[12] x[42] </args>
      <args> x[12] x[43] </args>
      <args> x[12] x[44] </args>
      <args> x[12] x[45] </args>
      <args> x[12] x[46] </args>
      <args> x[12] x[47] </args>
      <args> x[12] x[48] </args>
      <args> x[13] x[15] </args>
      <args> x[13] x[16] </args>
      <args> x[13] x[17] </args>
      <args> x[13] x[18] </args>
      <args> x[13] x[19] </args>
      <args> x[13] x[20] </args>
      <args> x[13] x[21] </args>
      <args> x[13] x[22] </args>
      <args> x[13] x[23] </args>
      <args> x[13] x[24] </args>
      <args> x[13] x[25] </args>
      <args> x[13] x[26] </args>
      <args> x[13] x[27] </args>
      <args> x[13] x[28] </args>
      <args> x[13] x[29] </args>
      <args> x[13] x[30] </args>
      <args> x[13] x[31] </args>
      <args> x[13] x[32] </args>
      <args> x[13] x[33] </args>
      <args> x[13] x[34] </args>
      <args> x[13] x[35] </args>
      <args> x[13] x[36] </args>
      <args> x[13] x[37] </args>
      <args> x[13] x[38] </args>
      <args> x[13] x[39] </args>
      <args> x[13] x[40] </args>
      <args> x[13] x[41] </args>
      <args> x[13] x[42] </args>
      <args> x[13] x[43] </args>
      <args> x[13] x[44] </args>
      <args> x[13] x[45] </args>
      <args> x[13] x[46] </args>
      <args> x[13] x[47] </args>
      <args> x[13] x[48] </args>
      <args> x[14] x[16] </args>
      <args> x[14] x[17] </args>
      <args> x[14] x[18] </args>
      <args> x[14] x[19] </args>
      <args> x[14] x[20] </args>
      <args> x[14] x[21] </args>
      <args> x[14] x[22] </args>
      <args> x[14] x[23] </args>
      <args> x[14] x[24] </args>
      <args> x[14] x[25] </args>
      <args> x[14] x[26] </args>
      <args> x[14] x[27] </args>
      <args> x[14] x[28] </args>
      <args> x[14] x[29] </args>
      <args> x[14] x[30] </args>
      <args> x[14] x[31] </args>
      <args> x[14] x[32] </args>
      <args> x[14] x[33] </args>
      <args> x[14] x[34] </args>
      <args> x[14] x[35] </args>
      <args> x[14] x[36] </args>
      <args> x[14] x[37] </args>
      <args> x[14] x[38] </args>
      <args> x[14] x[39] </args>
      <args> x[14] x[40] </args>
      <args> x[14] x[41] </args>
      <args> x[14] x[42] </args>
      <args> x[14] x[43] </args>
      <args> x[14] x[44] </args>
      <args> x[14] x[45] </args>
      <args> x[14] x[46] </args>
      <args> x[14] x[47] </args>
      <args> x[14] x[48] </args>
      <args> x[15] x[17] </args>
      <args> x[15] x[18] </args>
      <args> x[15] x[19] </args>
      <args> x[15] x[20] </args>
      <args> x[15] x[21] </args>
      <args> x[15] x[22] </args>
      <args> x[15] x[23] </args>
      <args> x[15] x[24] </args>
      <args> x[15] x[25] </args>
      <args> x[15] x[26] </args>
      <args> x[15] x[27] </args>
      <args> x[15] x[28] </args>
      <args> x[15] x[29] </args>
      <args> x[15] x[30] </args>
      <args> x[15] x[31] </args>
      <args> x[15] x[32] </args>
      <args> x[15] x[33] </args>
      <args> x[15] x[34] </args>
      <args> x[15] x[35] </args>
      <args> x[15] x[36] </args>
      <args> x[15] x[37] </args>
      <args> x[15] x[38] </args>
      <args> x[15] x[39] </args>
      <args> x[15] x[40] </args>
      <args> x[15] x[41] </args>
      <args> x[15] x[42] </args>
      <args> x[15] x[43] </args>
      <args> x[15] x[44] </args>
      <args> x[15] x[45] </args>
      <args> x[15] x[46] </args>
      <args> x[15] x[47] </args>
      <args> x[15] x[48] </args>
      <args> x[16] x[18] </args>
      <args> x[16] x[19] </args>
      <args> x[16] x[20] </args>
      <args> x[16] x[21] </args>
      <args> x[16] x[22] </args>
      <args> x[16] x[23] </args>
      <args> x[16] x[24] </args>
      <args> x[16] x[25] </args>
      <args> x[16] x[26] </args>
      <args> x[16] x[27] </args>
      <args> x[16] x[28] </args>
      <args> x[16] x[29] </args>
      <args> x[16] x[30] </args>
      <args> x[16] x[31] </args>
      <args> x[16] x[32] </args>
      <args> x[16] x[33] </args>
      <args> x[16] x[34] </args>
      <args> x[16] x[35] </args>
      <args> x[16] x[36] </args>
      <args> x[16] x[37] </args>
      <args> x[16] x[38] </args>
      <args> x[16] x[39] </args>
      <args> x[16] x[40] </args>
      <args> x[16] x[41] </args>
      <args> x[16] x[42] </args>
      <args> x[16] x[43] </args>
      <args> x[16] x[44] </args>
      <args> x[16] x[45] </args>
      <args> x[16] x[46] </args>
      <args> x[16] x[47] </args>
      <args> x[16] x[48] </args>
      <args> x[17] x[19] </args>
      <args> x[17] x[20] </args>
      <args> x[17] x[21] </args>
      <args> x[17] x[22] </args>
      <args> x[17] x[23] </args>
      <args> x[17] x[24] </args>
      <args> x[17] x[25] </args>
      <args> x[17] x[26] </args>
      <args> x[17] x[27] </args>
      <args> x[17] x[28] </args>
      <args> x[17] x[29] </args>
      <args> x[17] x[30] </args>
      <args> x[17] x[31] </args>
      <args> x[17] x[32] </args>
      <args> x[17] x[33] </args>
      <args> x[17] x[34] </args>
      <args> x[17] x[35] </args>
      <args> x[17] x[36] </args>
      <args> x[17] x[37] </args>
      <args> x[17] x[38] </args>
      <args> x[17] x[39] </args>
      <args> x[17] x[40] </args>
      <args> x[17] x[41] </args>
      <args> x[17] x[42] </args>
      <args> x[17] x[43] </args>
      <args> x[17] x[44] </args>
      <args> x[17] x[45] </args>
      <args> x[17] x[46] </args>
      <args> x[17] x[47] </args>
      <args> x[17] x[48] </args>
      <args> x[18] x[20] </args>
      <args> x[18] x[21] </args>
      <args> x[18] x[22] </args>
      <args> x[18] x[23] </args>
      <args> x[18] x[24] </args>
      <args> x[18] x[25] </args>
      <args> x[18] x[26] </args>
      <args> x[18] x[27] </args>
      <args> x[18] x[28] </args>
      <args> x[18] x[29] </args>
      <args> x[18] x[30] </args>
      <args> x[18] x[31] </args>
      <args> x[18] x[32] </args>
      <args> x[18] x[33] </args>
      <args> x[18] x[34] </args>
      <args> x[18] x[35] </args>
      <args> x[18] x[36] </args>
      <args> x[18] x[37] </args>
      <args> x[18] x[38] </args>
      <args> x[18] x[39] </args>
      <args> x[18] x[40] </args>
      <args> x[18] x[41] </args>
      <args> x[18] x[42] </args>
      <args> x[18] x[43] </args>
      <args> x[18] x[44] </args>
      <args> x[18] x[45] </args>
      <args> x[18] x[46] </args>
      <args> x[18] x[47] </args>
      <args> x[18] x[48] </args>
      <args> x[19] x[21] </args>
      <args> x[19] x[22] </args>
      <args> x[19] x[23] </args>
      <args> x[19] x[24] </args>
      <args> x[19] x[25] </args>
      <args> x[19] x[26] </args>
      <args> x[19] x[27] </args>
      <args> x[19] x[28] </args>
      <args> x[19] x[29] </args>
      <args> x[19] x[30] </args>
      <args> x[19] x[31] </args>
      <args> x[19] x[32] </args>
      <args> x[19] x[33] </args>
      <args> x[19] x[34] </args>
      <args> x[19] x[35] </args>
      <args> x[19] x[36] </args>
      <args> x[19] x[37] </args>
      <args> x[19] x[38] </args>
      <args> x[19] x[39] </args>
      <args> x[19] x[40] </args>
      <args> x[19] x[41] </args>
      <args> x[19] x[42] </args>
      <args> x[19] x[43] </args>
      <args> x[19] x[44] </args>
      <args> x[19] x[45] </args>
      <args> x[19] x[46] </args>
      <args> x[19] x[47] </args>
      <args> x[19] x[48] </args>
      <args> x[20] x[22] </args>
      <args> x[20] x[23] </args>
      <args> x[20] x[24] </args>
      <args> x[20] x[25] </args>
      <args> x[20] x[26] </args>
      <args> x[20] x[27] </args>
      <args> x[20] x[28] </args>
      <args> x[20] x[29] </args>
      <args> x[20] x[30] </args>
      <args> x[20] x[31] </args>
      <args> x[20] x[32] </args>
      <args> x[20] x[33] </args>
      <args> x[20] x[34] </args>
      <args> x[20] x[35] </args>
      <args> x[20] x[36] </args>
      <args> x[20] x[37] </args>
      <args> x[20] x[38] </args>
      <args> x[20] x[39] </args>
      <args> x[20] x[40] </args>
      <args> x[20] x[41] </args>
      <args> x[20] x[42] </args>
      <args> x[20] x[43] </args>
      <args> x[20] x[44] </args>
      <args> x[20] x[45] </args>
      <args> x[20] x[46] </args>
      <args> x[20] x[47] </args>
      <args> x[20] x[48] </args>
      <args> x[21] x[23] </args>
      <args> x[21] x[24] </args>
      <args> x[21] x[25] </args>
      <args> x[21] x[26] </args>
      <args> x[21] x[27] </args>
      <args> x[21] x[28] </args>
      <args> x[21] x[29] </args>
      <args> x[21] x[30] </args>
      <args> x[21] x[31] </args>
      <args> x[21] x[32] </args>
      <args> x[21] x[33] </args>
      <args> x[21] x[34] </args>
      <args> x[21] x[35] </args>
      <args> x[21] x[36] </args>
      <args> x[21] x[37] </args>
      <args> x[21] x[38] </args>
      <args> x[21] x[39] </args>
      <args> x[21] x[40] </args>
      <args> x[21] x[41] </args>
      <args> x[21] x[42] </args>
      <args> x[21] x[43] </args>
      <args> x[21] x[44] </args>
      <args> x[21] x[45] </args>
      <args> x[21] x[46] </args>
      <args> x[21] x[47] </args>
      <args> x[21] x[48] </args>
      <args> x[22] x[24] </args>
      <args> x[22] x[25] </args>
      <args> x[22] x[26] </args>
      <args> x[22] x[27] </args>
      <args> x[22] x[28] </args>
      <args> x[22] x[29] </args>
      <args> x[22] x[30] </args>
      <args> x[22] x[31] </args>
      <args> x[22] x[32] </args>
      <args> x[22] x[33] </args>
      <args> x[22] x[34] </args>
      <args> x[22] x[35] </args>
      <args> x[22] x[36] </args>
      <args> x[22] x[37] </args>
      <args> x[22] x[38] </args>
      <args> x[22] x[39] </args>
      <args> x[22] x[40] </args>
      <args> x[22] x[41] </args>
      <args> x[22] x[42] </args>
      <args> x[22] x[43] </args>
      <args> x[22] x[44] </args>
      <args> x[22] x[45] </args>
      <args> x[22] x[46] </args>
      <args> x[22] x[47] </args>
      <args> x[22] x[48] </args>
      <args> x[23] x[25] </args>
      <args> x[23] x[26] </args>
      <args> x[23] x[27] </args>
      <args> x[23] x[28] </args>
      <args> x[23] x[29] </args>
      <args> x[23] x[30] </args>
      <args> x[23] x[31] </args>
      <args> x[23] x[32] </args>
      <args> x[23] x[33] </args>
      <args> x[23] x[34] </args>
      <args> x[23] x[35] </args>
      <args> x[23] x[36] </args>
      <args> x[23] x[37] </args>
      <args> x[23] x[38] </args>
      <args> x[23] x[39] </args>
      <args> x[23] x[40] </args>
      <args> x[23] x[41] </args>
      <args> x[23] x[42] </args>
      <args> x[23] x[43] </args>
      <args> x[23] x[44] </args>
      <args> x[23] x[45] </args>
      <args> x[23] x[46] </args>
      <args> x[23] x[47] </args>
      <args> x[23] x[48] </args>
      <args> x[24] x[26] </args>
      <args> x[24] x[27] </args>
      <args> x[24] x[28] </args>
      <args> x[24] x[29] </args>
      <args> x[24] x[30] </args>
      <args> x[24] x[31] </args>
      <args> x[24] x[32] </args>
      <args> x[24] x[33] </args>
      <args> x[24] x[34] </args>
      <args> x[24] x[35] </args>
      <args> x[24] x[36] </args>
      <args> x[24] x[37] </args>
      <args> x[24] x[38] </args>
      <args> x[24] x[39] </args>
      <args> x[24] x[40] </args>
      <args> x[24] x[41] </args>
      <args> x[24] x[42] </args>
      <args> x[24] x[43] </args>
      <args> x[24] x[44] </args>
      <args> x[24] x[45] </args>
      <args> x[24] x[46] </args>
      <args> x[24] x[47] </args>
      <args> x[24] x[48] </args>
      <args> x[25] x[27] </args>
      <args> x[25] x[28] </args>
      <args> x[25] x[29] </args>
      <args> x[25] x[30] </args>
      <args> x[25] x[31] </args>
      <args> x[25] x[32] </args>
      <args> x[25] x[33] </args>
      <args> x[25] x[34] </args>
      <args> x[25] x[35] </args>
      <args> x[25] x[36] </args>
      <args> x[25] x[37] </args>
      <args> x[25] x[38] </args>
      <args> x[25] x[39] </args>
      <args> x[25] x[40] </args>
      <args> x[25] x[41] </args>
      <args> x[25] x[42] </args>
      <args> x[25] x[43] </args>
      <args> x[25] x[44] </args>
      <args> x[25] x[45] </args>
      <args> x[25] x[46] </args>
      <args> x[25] x[47] </args>
      <args> x[25] x[48] </args>
      <args> x[26] x[28] </args>
      <args> x[26] x[29] </args>
      <args> x[26] x[30] </args>
      <args> x[26] x[31] </args>
      <args> x[26] x[32] </args>
      <args> x[26] x[33] </args>
      <args> x[26] x[34] </args>
      <args> x[26] x[35] </args>
      <args> x[26] x[36] </args>
      <args> x[26] x[37] </args>
      <args> x[26] x[38] </args>
      <args> x[26] x[39] </args>
      <args> x[26] x[40] </args>
      <args> x[26] x[41] </args>
      <args> x[26] x[42] </args>
      <args> x[26] x[43] </args>
      <args> x[26] x[44] </args>
      <args> x[26] x[45] </args>
      <args> x[26] x[46] </args>
      <args> x[26] x[47] </args>
      <args> x[26] x[48] </args>
      <args> x[27] x[29] </args>
      <args> x[27] x[30] </args>
      <args> x[27] x[31] </args>
      <args> x[27] x[32] </args>
      <args> x[27] x[33] </args>
      <args> x[27] x[34] </args>
      <args> x[27] x[35] </args>
      <args> x[27] x[36] </args>
      <args> x[27] x[37] </args>
      <args> x[27] x[38] </args>
      <args> x[27] x[39] </args>
      <args> x[27] x[40] </args>
      <args> x[27] x[41] </args>
      <args> x[27] x[42] </args>
      <args> x[27] x[43] </args>
      <args> x[27] x[44] </args>
      <args> x[27] x[45] </args>
      <args> x[27] x[46] </args>
      <args> x[27] x[47] </args>
      <args> x[27] x[48] </args>
      <args> x[28] x[30] </args>
      <args> x[28] x[31] </args>
      <args> x[28] x[32] </args>
      <args> x[28] x[33] </args>
      <args> x[28] x[34] </args>
      <args> x[28] x[35] </args>
      <args> x[28] x[36] </args>
      <args> x[28] x[37] </args>
      <args> x[28] x[38] </args>
      <args> x[28] x[39] </args>
      <args> x[28] x[40] </args>
      <args> x[28] x[41] </args>
      <args> x[28] x[42] </args>
      <args> x[28] x[43] </args>
      <args> x[28] x[44] </args>
      <args> x[28] x[45] </args>
      <args> x[28] x[46] </args>
      <args> x[28] x[47] </args>
      <args> x[28] x[48] </args>
      <args> x[29] x[31] </args>
      <args> x[29] x[32] </args>
      <args> x[29] x[33] </args>
      <args> x[29] x[34] </args>
      <args> x[29] x[35] </args>
      <args> x[29] x[36] </args>
      <args> x[29] x[37] </args>
      <args> x[29] x[38] </args>
      <args> x[29] x[39] </args>
      <args> x[29] x[40] </args>
      <args> x[29] x[41] </args>
      <args> x[29] x[42] </args>
      <args> x[29] x[43] </args>
      <args> x[29] x[44] </args>
      <args> x[29] x[45] </args>
      <args> x[29] x[46] </args>
      <args> x[29] x[47] </args>
      <args> x[29] x[48] </args>
      <args> x[30] x[32] </args>
      <args> x[30] x[33] </args>
      <args> x[30] x[34] </args>
      <args> x[30] x[35] </args>
      <args> x[30] x[36] </args>
      <args> x[30] x[37] </args>
      <args> x[30] x[38] </args>
      <args> x[30] x[39] </args>
      <args> x[30] x[40] </args>
      <args> x[30] x[41] </args>
      <args> x[30] x[42] </args>
      <args> x[30] x[43] </args>
      <args> x[30] x[44] </args>
      <args> x[30] x[45] </args>
      <args> x[30] x[46] </args>
      <args> x[30] x[47] </args>
      <args> x[30] x[48] </args>
      <args> x[31] x[33] </args>
      <args> x[31] x[34] </args>
      <args> x[31] x[35] </args>
      <args> x[31] x[36] </args>
      <args> x[31] x[37] </args>
      <args> x[31] x[38] </args>
      <args> x[31] x[39] </args>
      <args> x[31] x[40] </args>
      <args> x[31] x[41] </args>
      <args> x[31] x[42] </args>
      <args> x[31] x[43] </args>
      <args> x[31] x[44] </args>
      <args> x[31] x[45] </args>
      <args> x[31] x[46] </args>
      <args> x[31] x[47] </args>
      <args> x[31] x[48] </args>
      <args> x[32] x[34] </args>
      <args> x[32] x[35] </args>
      <args> x[32] x[36] </args>
      <args> x[32] x[37] </args>
      <args> x[32] x[38] </args>
      <args> x[32] x[39] </args>
      <args> x[32] x[40] </args>
      <args> x[32] x[41] </args>
      <args> x[32] x[42] </args>
      <args> x[32] x[43] </args>
      <args> x[32] x[44] </args>
      <args> x[32] x[45] </args>
      <args> x[32] x[46] </args>
      <args> x[32] x[47] </args>
      <args> x[32] x[48] </args>
      <args> x[33] x[35] </args>
      <args> x[33] x[36] </args>
      <args> x[33] x[37] </args>
      <args> x[33] x[38] </args>
      <args> x[33] x[39] </args>
      <args> x[33] x[40] </args>
      <args> x[33] x[41] </args>
      <args> x[33] x[42] </args>
      <args> x[33] x[43] </args>
      <args> x[33] x[44] </args>
      <args> x[33] x[45] </args>
      <args> x[33] x[46] </args>
      <args> x[33] x[47] </args>
      <args> x[33] x[48] </args>
      <args> x[34] x[36] </args>
      <args> x[34] x[37] </args>
      <args> x[34] x[38] </args>
      <args> x[34] x[39] </args>
      <args> x[34] x[40] </args>
      <args> x[34] x[41] </args>
      <args> x[34] x[42] </args>
      <args> x[34] x[43] </args>
      <args> x[34] x[44] </args>
      <args> x[34] x[45] </args>
      <args> x[34] x[46] </args>
      <args> x[34] x[47] </args>
      <args> x[34] x[48] </args>
      <args> x[35] x[37] </args>
      <args> x[35] x[38] </args>
      <args> x[35] x[39] </args>
      <args> x[35] x[40] </args>
      <args> x[35] x[41] </args>
      <args> x[35] x[42] </args>
      <args> x[35] x[43] </args>
      <args> x[35] x[44] </args>
      <args> x[35] x[45] </args>
      <args> x[35] x[46] </args>
      <args> x[35] x[47] </args>
      <args> x[35] x[48] </args>
      <args> x[36] x[38] </args>
      <args> x[36] x[39] </args>
      <args> x[36] x[40] </args>
      <args> x[36] x[41] </args>
      <args> x[36] x[42] </args>
      <args> x[36] x[43] </args>
      <args> x[36] x[44] </args>
      <args> x[36] x[45] </args>
      <args> x[36] x[46] </args>
      <args> x[36] x[47] </args>
      <args> x[36] x[48] </args>
      <args> x[37] x[39] </args>
      <args> x[37] x[40] </args>
      <args> x[37] x[41] </args>
      <args> x[37] x[42] </args>
      <args> x[37] x[43] </args>
      <args> x[37] x[44] </args>
      <args> x[37] x[45] </args>
      <args> x[37] x[46] </args>
      <args> x[37] x[47] </args>
      <args> x[37] x[48] </args>
      <args> x[38] x[40] </args>
      <args> x[38] x[41] </args>
      <args> x[38] x[42] </args>
      <args> x[38] x[43] </args>
      <args> x[38] x[44] </args>
      <args> x[38] x[45] </args>
      <args> x[38] x[46] </args>
      <args> x[38] x[47] </args>
      <args> x[38] x[48] </args>
      <args> x[39] x[41] </args>
      <args> x[39] x[42] </args>
      <args> x[39] x[43] </args>
      <args> x[39] x[44] </args>
      <args> x[39] x[45] </args>
      <args> x[39] x[46] </args>
      <args> x[39] x[47] </args>
      <args> x[39] x[48] </args>
      <args> x[40] x[42] </args>
      <args> x[40] x[43] </args>
      <args> x[40] x[44] </args>
      <args> x[40] x[45] </args>
      <args> x[40] x[46] </args>
      <args> x[40] x[47] </args>
      <args> x[40] x[48] </args>
      <args> x[41] x[43] </args>
      <args> x[41] x[44] </args>
      <args> x[41] x[45] </args>
      <args> x[41] x[46] </args>
      <args> x[41] x[47] </args>
      <args> x[41] x[48] </args>
      <args> x[42] x[44] </args>
      <args> x[42] x[45] </args>
      <args> x[42] x[46] </args>
      <args> x[42] x[47] </args>
      <args> x[42] x[48] </args>
      <args> x[43] x[45] </args>
      <args> x[43] x[46] </args>
      <args> x[43] x[47] </args>
      <args> x[43] x[48] </args>
      <args> x[44] x[46] </args>
      <args> x[44] x[47] </args>
      <args> x[44] x[48] </args>
      <args> x[45] x[47] </args>
      <args> x[45] x[48] </args>
      <args> x[46] x[48] </args>
    </group>
    <group>
      <intension> or(and(eq(abs(sub(div(%0,7),div(%1,7))),1),eq(abs(sub(mod(%0,7),mod(%1,7))),2)),and(eq(abs(sub(div(%0,7),div(%1,7))),2),eq(abs(sub(mod(%0,7),mod(%1,7))),1))) </intension>
      <args> x[0] x[1] </args>
      <args> x[1] x[2] </args>
      <args> x[2] x[3] </args>
      <args> x[3] x[4] </args>
      <args> x[4] x[5] </args>
      <args> x[5] x[6] </args>
      <args> x[6] x[7] </args>
      <args> x[7] x[8] </args>
      <args> x[8] x[9] </args>
      <args> x[9] x[10] </args>
      <args> x[10] x[11] </args>
      <args> x[11] x[12] </args>
      <args> x[12] x[13] </args>
      <args> x[13] x[14] </args>
      <args> x[14] x[15] </args>
      <args> x[15] x[16] </args>
      <args> x[16] x[17] </args>
      <args> x[17] x[18] </args>
      <args> x[18] x[19] </args>
      <args> x[19] x[20] </args>
      <args> x[20] x[21] </args>
      <args> x[21] x[22] </args>
      <args> x[22] x[23] </args>
      <args> x[23] x[24] </args>
      <args> x[24] x[25] </args>
      <args> x[25] x[26] </args>
      <args> x[26] x[27] </args>
      <args> x[27] x[28] </args>
      <args> x[28] x[29] </args>
      <args> x[29] x[30] </args>
      <args> x[30] x[31] </args>
      <args> x[31] x[32] </args>
      <args> x[32] x[33] </args>
      <args> x[33] x[34] </args>
      <args> x[34] x[35] </args>
      <args> x[35] x[36] </args>
      <args> x[36] x[37] </args>
      <args> x[37] x[38] </args>
      <args> x[38] x[39] </args>
      <args> x[39] x[40] </args>
      <args> x[40] x[41] </args>
      <args> x[41] x[42] </args>
      <args> x[42] x[43] </args>
      <args> x[43] x[44] </args>
      <args> x[44] x[45] </args>
      <args> x[45] x[46] </args>
      <args> x[46] x[47] </args>
      <args> x[47] x[48] </args>
    </group>
    <group>
      <intension> and(ne(%0,%1),or(eq(mod(%0,7),mod(%1,7)),or(eq(div(%0,7),div(%1,7)),eq(abs(sub(div(%0,7),div(%1,7))),abs(sub(mod(%0,7),mod(%1,7))))))) </intension>
      <args> w0 x[1] </args>
      <args> w0 x[2] </args>
      <args> w0 x[4] </args>
      <args> w0 x[6] </args>
      <args> w0 x[10] </args>
      <args> w0 x[12] </args>
      <args> w0 x[16] </args>
      <args> w0 x[18] </args>
      <args> w0 x[22] </args>
      <args> w0 x[28] </args>
      <args> w0 x[30] </args>
      <args> w0 x[36] </args>
      <args> w0 x[40] </args>
      <args> w0 x[42] </args>
      <args> w0 x[46] </args>
    </group>
  </constraints>
</instance>
