<instance format="XCSP3" type="CSP">
  <variables>
    <array id="x" size="[10][5]"> 0 </array>
  </variables>
  <constraints>
    <group>
      <intension> and(ge(%0,%1),le(%0,%2)) </intension>
      <args> x[0][0] 0 0 </args>
      <args> x[0][1] 0 0 </args>
      <args> x[0][2] 0 0 </args>
      <args> x[0][3] 0 0 </args>
      <args> x[0][4] 0 0 </args>
      <args> x[1][0] 0 0 </args>
      <args> x[1][1] 0 0 </args>
      <args> x[1][2] 0 0 </args>
      <args> x[1][3] 0 0 </args>
      <args> x[1][4] 0 0 </args>
      <args> x[2][0] 0 0 </args>
      <args> x[2][1] 0 0 </args>
      <args> x[2][2] 0 0 </args>
      <args> x[2][3] 0 0 </args>
      <args> x[2][4] 0 0 </args>
      <args> x[3][0] 0 0 </args>
      <args> x[3][1] 0 0 </args>
      <args> x[3][2] 0 0 </args>
      <args> x[3][3] 0 0 </args>
      <args> x[3][4] 0 0 </args>
      <args> x[4][0] 0 0 </args>
      <args> x[4][1] 0 0 </args>
      <args> x[4][2] 0 0 </args>
      <args> x[4][3] 0 0 </args>
      <args> x[4][4] 0 0 </args>
      <args> x[5][0] 0 0 </args>
      <args> x[5][1] 0 0 </args>
      <args> x[5][2] 0 0 </args>
      <args> x[5][3] 0 0 </args>
      <args> x[5][4] 0 0 </args>
      <args> x[6][0] 0 0 </args>
      <args> x[6][1] 0 0 </args>
      <args> x[6][2] 0 0 </args>
      <args> x[6][3] 0 0 </args>
      <args> x[6][4] 0 0 </args>
      <args> x[7][0] 0 0 </args>
      <args> x[7][1] 0 0 </args>
      <args> x[7][2] 0 0 </args>
      <args> x[7][3] 0 0 </args>
      <args> x[7][4] 0 0 </args>
      <args> x[8][0] 0 0 </args>
      <args> x[8][1] 0 0 </args>
      <args> x[8][2] 0 0 </args>
      <args> x[8][3] 0 0 </args>
      <args> x[8][4] 0 0 </args>
      <args> x[9][0] 0 0 </args>
      <args> x[9][1] 0 0 </args>
      <args> x[9][2] 0 0 </args>
      <args> x[9][3] 0 0 </args>
      <args> x[9][4] 0 0 </args>
    </group>
    <group>
      <intension> le(add(%0,%1),%2) </intension>
      <args> x[0][0] 0 x[0][1] </args>
      <args> x[0][1] 0 x[0][2] </args>
      <args> x[0][2] 0 x[0][3] </args>
      <args> x[0][3] 0 x[0][4] </args>
      <args> x[1][0] 0 x[1][1] </args>
      <args> x[1][1] 0 x[1][2] </args>
      <args> x[1][2] 0 x[1][3] </args>
      <args> x[1][3] 0 x[1][4] </args>
      <args> x[2][0] 0 x[2][1] </args>
      <args> x[2][1] 0 x[2][2] </args>
      <args> x[2][2] 0 x[2][3] </args>
      <args> x[2][3] 0 x[2][4] </args>
      <args> x[3][0] 0 x[3][1] </args>
      <args> x[3][1] 0 x[3][2] </args>
      <args> x[3][2] 0 x[3][3] </args>
      <args> x[3][3] 0 x[3][4] </args>
      <args> x[4][0] 0 x[4][1] </args>
      <args> x[4][1] 0 x[4][2] </args>
      <args> x[4][2] 0 x[4][3] </args>
      <args> x[4][3] 0 x[4][4] </args>
      <args> x[5][0] 0 x[5][1] </args>
      <args> x[5][1] 0 x[5][2] </args>
      <args> x[5][2] 0 x[5][3] </args>
      <args> x[5][3] 0 x[5][4] </args>
      <args> x[6][0] 0 x[6][1] </args>
      <args> x[6][1] 0 x[6][2] </args>
      <args> x[6][2] 0 x[6][3] </args>
      <args> x[6][3] 0 x[6][4] </args>
      <args> x[7][0] 0 x[7][1] </args>
      <args> x[7][1] 0 x[7][2] </args>
      <args> x[7][2] 0 x[7][3] </args>
      <args> x[7][3] 0 x[7][4] </args>
      <args> x[8][0] 0 x[8][1] </args>
      <args> x[8][1] 0 x[8][2] </args>
      <args> x[8][2] 0 x[8][3] </args>
      <args> x[8][3] 0 x[8][4] </args>
      <args> x[9][0] 0 x[9][1] </args>
      <args> x[9][1] 0 x[9][2] </args>
      <args> x[9][2] 0 x[9][3] </args>
      <args> x[9][3] 0 x[9][4] </args>
    </group>
  </constraints>
</instance>
