<instance format="XCSP3" type="CSP">
  <variables>
    <array id="x" note="x[i] is the value of k, meaning that j = pref[i][k] is the paired agent" size="[20]"> 0..18 </array>
  </variables>
  <constraints>
    <group>
      <intension> imp(gt(%0,%1),lt(%2,%3)) </intension>
      <args> x[0] 0 x[10] 7 </args>
      <args> x[0] 1 x[16] 11 </args>
      <args> x[0] 2 x[9] 6 </args>
      <args> x[0] 3 x[5] 9 </args>
      <args> x[0] 4 x[15] 6 </args>
      <args> x[0] 5 x[11] 5 </args>
      <args> x[0] 6 x[8] 3 </args>
      <args> x[0] 7 x[13] 1 </args>
      <args> x[0] 8 x[14] 8 </args>
      <args> x[0] 9 x[6] 0 </args>
      <args> x[0] 10 x[3] 8 </args>
      <args> x[0] 11 x[18] 3 </args>
      <args> x[0] 12 x[2] 18 </args>
      <args> x[0] 13 x[17] 2 </args>
      <args> x[0] 14 x[12] 17 </args>
      <args> x[0] 15 x[7] 6 </args>
      <args> x[0] 16 x[1] 3 </args>
      <args> x[0] 17 x[19] 16 </args>
      <args> x[0] 18 x[4] 8 </args>
      <args> x[1] 0 x[17] 14 </args>
      <args> x[1] 1 x[19] 10 </args>
      <args> x[1] 2 x[6] 12 </args>
      <args> x[1] 3 x[0] 16 </args>
      <args> x[1] 4 x[10] 9 </args>
      <args> x[1] 5 x[2] 4 </args>
      <args> x[1] 6 x[13] 16 </args>
      <args> x[1] 7 x[14] 1 </args>
      <args> x[1] 8 x[12] 10 </args>
      <args> x[1] 9 x[15] 3 </args>
      <args> x[1] 10 x[7] 14 </args>
      <args> x[1] 11 x[8] 0 </args>
      <args> x[1] 12 x[18] 5 </args>
      <args> x[1] 13 x[16] 6 </args>
      <args> x[1] 14 x[4] 7 </args>
      <args> x[1] 15 x[9] 7 </args>
      <args> x[1] 16 x[11] 11 </args>
      <args> x[1] 17 x[5] 13 </args>
      <args> x[1] 18 x[3] 7 </args>
      <args> x[2] 0 x[4] 6 </args>
      <args> x[2] 1 x[7] 10 </args>
      <args> x[2] 2 x[14] 9 </args>
      <args> x[2] 3 x[3] 11 </args>
      <args> x[2] 4 x[1] 5 </args>
      <args> x[2] 5 x[9] 12 </args>
      <args> x[2] 6 x[19] 14 </args>
      <args> x[2] 7 x[8] 11 </args>
      <args> x[2] 8 x[18] 9 </args>
      <args> x[2] 9 x[11] 3 </args>
      <args> x[2] 10 x[13] 6 </args>
      <args> x[2] 11 x[17] 6 </args>
      <args> x[2] 12 x[6] 3 </args>
      <args> x[2] 13 x[16] 0 </args>
      <args> x[2] 14 x[5] 18 </args>
      <args> x[2] 15 x[10] 13 </args>
      <args> x[2] 16 x[15] 5 </args>
      <args> x[2] 17 x[12] 5 </args>
      <args> x[2] 18 x[0] 12 </args>
      <args> x[3] 0 x[18] 8 </args>
      <args> x[3] 1 x[5] 5 </args>
      <args> x[3] 2 x[15] 9 </args>
      <args> x[3] 3 x[10] 15 </args>
      <args> x[3] 4 x[13] 18 </args>
      <args> x[3] 5 x[11] 14 </args>
      <args> x[3] 6 x[12] 3 </args>
      <args> x[3] 7 x[1] 18 </args>
      <args> x[3] 8 x[0] 10 </args>
      <args> x[3] 9 x[8] 7 </args>
      <args> x[3] 10 x[9] 17 </args>
      <args> x[3] 11 x[2] 3 </args>
      <args> x[3] 12 x[7] 3 </args>
      <args> x[3] 13 x[6] 18 </args>
      <args> x[3] 14 x[4] 18 </args>
      <args> x[3] 15 x[16] 3 </args>
      <args> x[3] 16 x[17] 8 </args>
      <args> x[3] 17 x[19] 2 </args>
      <args> x[3] 18 x[14] 13 </args>
      <args> x[4] 0 x[13] 10 </args>
      <args> x[4] 1 x[15] 10 </args>
      <args> x[4] 2 x[6] 2 </args>
      <args> x[4] 3 x[8] 5 </args>
      <args> x[4] 4 x[19] 5 </args>
      <args> x[4] 5 x[10] 4 </args>
      <args> x[4] 6 x[2] 0 </args>
      <args> x[4] 7 x[1] 14 </args>
      <args> x[4] 8 x[0] 18 </args>
      <args> x[4] 9 x[17] 1 </args>
      <args> x[4] 10 x[5] 1 </args>
      <args> x[4] 11 x[16] 8 </args>
      <args> x[4] 12 x[7] 13 </args>
      <args> x[4] 13 x[12] 2 </args>
      <args> x[4] 14 x[18] 16 </args>
      <args> x[4] 15 x[14] 3 </args>
      <args> x[4] 16 x[9] 13 </args>
      <args> x[4] 17 x[11] 10 </args>
      <args> x[4] 18 x[3] 14 </args>
      <args> x[5] 0 x[7] 11 </args>
      <args> x[5] 1 x[4] 10 </args>
      <args> x[5] 2 x[16] 4 </args>
      <args> x[5] 3 x[18] 0 </args>
      <args> x[5] 4 x[11] 15 </args>
      <args> x[5] 5 x[3] 1 </args>
      <args> x[5] 6 x[12] 1 </args>
      <args> x[5] 7 x[15] 12 </args>
      <args> x[5] 8 x[10] 5 </args>
      <args> x[5] 9 x[0] 3 </args>
      <args> x[5] 10 x[14] 4 </args>
      <args> x[5] 11 x[13] 9 </args>
      <args> x[5] 12 x[8] 4 </args>
      <args> x[5] 13 x[1] 17 </args>
      <args> x[5] 14 x[17] 7 </args>
      <args> x[5] 15 x[19] 15 </args>
      <args> x[5] 16 x[6] 5 </args>
      <args> x[5] 17 x[9] 3 </args>
      <args> x[5] 18 x[2] 14 </args>
      <args> x[6] 0 x[0] 9 </args>
      <args> x[6] 1 x[18] 10 </args>
      <args> x[6] 2 x[4] 2 </args>
      <args> x[6] 3 x[2] 12 </args>
      <args> x[6] 4 x[7] 18 </args>
      <args> x[6] 5 x[5] 16 </args>
      <args> x[6] 6 x[9] 11 </args>
      <args> x[6] 7 x[12] 16 </args>
      <args> x[6] 8 x[8] 10 </args>
      <args> x[6] 9 x[16] 2 </args>
      <args> x[6] 10 x[15] 15 </args>
      <args> x[6] 11 x[19] 11 </args>
      <args> x[6] 12 x[1] 2 </args>
      <args> x[6] 13 x[11] 8 </args>
      <args> x[6] 14 x[13] 12 </args>
      <args> x[6] 15 x[14] 7 </args>
      <args> x[6] 16 x[17] 16 </args>
      <args> x[6] 17 x[10] 17 </args>
      <args> x[6] 18 x[3] 13 </args>
      <args> x[7] 0 x[12] 0 </args>
      <args> x[7] 1 x[16] 14 </args>
      <args> x[7] 2 x[10] 8 </args>
      <args> x[7] 3 x[3] 12 </args>
      <args> x[7] 4 x[9] 9 </args>
      <args> x[7] 5 x[17] 3 </args>
      <args> x[7] 6 x[0] 15 </args>
      <args> x[7] 7 x[11] 7 </args>
      <args> x[7] 8 x[14] 10 </args>
      <args> x[7] 9 x[15] 18 </args>
      <args> x[7] 10 x[2] 1 </args>
      <args> x[7] 11 x[5] 0 </args>
      <args> x[7] 12 x[19] 8 </args>
      <args> x[7] 13 x[4] 12 </args>
      <args> x[7] 14 x[1] 10 </args>
      <args> x[7] 15 x[18] 14 </args>
      <args> x[7] 16 x[8] 1 </args>
      <args> x[7] 17 x[13] 4 </args>
      <args> x[7] 18 x[6] 4 </args>
      <args> x[8] 0 x[1] 11 </args>
      <args> x[8] 1 x[7] 16 </args>
      <args> x[8] 2 x[15] 13 </args>
      <args> x[8] 3 x[0] 6 </args>
      <args> x[8] 4 x[5] 12 </args>
      <args> x[8] 5 x[4] 3 </args>
      <args> x[8] 6 x[9] 10 </args>
      <args> x[8] 7 x[3] 9 </args>
      <args> x[8] 8 x[17] 11 </args>
      <args> x[8] 9 x[10] 16 </args>
      <args> x[8] 10 x[6] 8 </args>
      <args> x[8] 11 x[2] 7 </args>
      <args> x[8] 12 x[12] 7 </args>
      <args> x[8] 13 x[14] 6 </args>
      <args> x[8] 14 x[13] 7 </args>
      <args> x[8] 15 x[16] 1 </args>
      <args> x[8] 16 x[19] 6 </args>
      <args> x[8] 17 x[18] 7 </args>
      <args> x[8] 18 x[11] 4 </args>
      <args> x[9] 0 x[11] 6 </args>
      <args> x[9] 1 x[12] 8 </args>
      <args> x[9] 2 x[15] 4 </args>
      <args> x[9] 3 x[5] 17 </args>
      <args> x[9] 4 x[16] 10 </args>
      <args> x[9] 5 x[13] 2 </args>
      <args> x[9] 6 x[0] 2 </args>
      <args> x[9] 7 x[1] 15 </args>
      <args> x[9] 8 x[17] 0 </args>
      <args> x[9] 9 x[7] 4 </args>
      <args> x[9] 10 x[8] 6 </args>
      <args> x[9] 11 x[6] 6 </args>
      <args> x[9] 12 x[2] 5 </args>
      <args> x[9] 13 x[4] 16 </args>
      <args> x[9] 14 x[19] 18 </args>
      <args> x[9] 15 x[10] 0 </args>
      <args> x[9] 16 x[18] 1 </args>
      <args> x[9] 17 x[3] 10 </args>
      <args> x[9] 18 x[14] 14 </args>
      <args> x[10] 0 x[9] 15 </args>
      <args> x[10] 1 x[14] 12 </args>
      <args> x[10] 2 x[13] 3 </args>
      <args> x[10] 3 x[11] 9 </args>
      <args> x[10] 4 x[4] 5 </args>
      <args> x[10] 5 x[5] 8 </args>
      <args> x[10] 6 x[12] 9 </args>
      <args> x[10] 7 x[0] 0 </args>
      <args> x[10] 8 x[7] 2 </args>
      <args> x[10] 9 x[1] 4 </args>
      <args> x[10] 10 x[17] 15 </args>
      <args> x[10] 11 x[18] 2 </args>
      <args> x[10] 12 x[15] 17 </args>
      <args> x[10] 13 x[2] 15 </args>
      <args> x[10] 14 x[16] 18 </args>
      <args> x[10] 15 x[3] 3 </args>
      <args> x[10] 16 x[8] 9 </args>
      <args> x[10] 17 x[6] 17 </args>
      <args> x[10] 18 x[19] 7 </args>
      <args> x[11] 0 x[17] 9 </args>
      <args> x[11] 1 x[16] 5 </args>
      <args> x[11] 2 x[14] 16 </args>
      <args> x[11] 3 x[2] 9 </args>
      <args> x[11] 4 x[8] 18 </args>
      <args> x[11] 5 x[0] 5 </args>
      <args> x[11] 6 x[9] 0 </args>
      <args> x[11] 7 x[7] 7 </args>
      <args> x[11] 8 x[6] 13 </args>
      <args> x[11] 9 x[10] 3 </args>
      <args> x[11] 10 x[4] 17 </args>
      <args> x[11] 11 x[1] 16 </args>
      <args> x[11] 12 x[13] 0 </args>
      <args> x[11] 13 x[18] 13 </args>
      <args> x[11] 14 x[3] 5 </args>
      <args> x[11] 15 x[5] 4 </args>
      <args> x[11] 16 x[19] 12 </args>
      <args> x[11] 17 x[12] 15 </args>
      <args> x[11] 18 x[15] 8 </args>
      <args> x[12] 0 x[7] 0 </args>
      <args> x[12] 1 x[5] 6 </args>
      <args> x[12] 2 x[4] 13 </args>
      <args> x[12] 3 x[3] 6 </args>
      <args> x[12] 4 x[17] 12 </args>
      <args> x[12] 5 x[2] 17 </args>
      <args> x[12] 6 x[13] 8 </args>
      <args> x[12] 7 x[8] 12 </args>
      <args> x[12] 8 x[9] 1 </args>
      <args> x[12] 9 x[10] 6 </args>
      <args> x[12] 10 x[1] 8 </args>
      <args> x[12] 11 x[15] 2 </args>
      <args> x[12] 12 x[18] 15 </args>
      <args> x[12] 13 x[16] 12 </args>
      <args> x[12] 14 x[14] 11 </args>
      <args> x[12] 15 x[11] 17 </args>
      <args> x[12] 16 x[6] 7 </args>
      <args> x[12] 17 x[0] 14 </args>
      <args> x[12] 18 x[19] 13 </args>
      <args> x[13] 0 x[11] 12 </args>
      <args> x[13] 1 x[0] 7 </args>
      <args> x[13] 2 x[9] 5 </args>
      <args> x[13] 3 x[10] 2 </args>
      <args> x[13] 4 x[7] 17 </args>
      <args> x[13] 5 x[17] 18 </args>
      <args> x[13] 6 x[2] 10 </args>
      <args> x[13] 7 x[8] 14 </args>
      <args> x[13] 8 x[12] 6 </args>
      <args> x[13] 9 x[5] 11 </args>
      <args> x[13] 10 x[4] 0 </args>
      <args> x[13] 11 x[18] 17 </args>
      <args> x[13] 12 x[6] 14 </args>
      <args> x[13] 13 x[14] 17 </args>
      <args> x[13] 14 x[19] 3 </args>
      <args> x[13] 15 x[15] 14 </args>
      <args> x[13] 16 x[1] 6 </args>
      <args> x[13] 17 x[16] 7 </args>
      <args> x[13] 18 x[3] 4 </args>
      <args> x[14] 0 x[17] 17 </args>
      <args> x[14] 1 x[1] 7 </args>
      <args> x[14] 2 x[15] 1 </args>
      <args> x[14] 3 x[4] 15 </args>
      <args> x[14] 4 x[5] 10 </args>
      <args> x[14] 5 x[19] 1 </args>
      <args> x[14] 6 x[8] 13 </args>
      <args> x[14] 7 x[6] 15 </args>
      <args> x[14] 8 x[0] 8 </args>
      <args> x[14] 9 x[2] 2 </args>
      <args> x[14] 10 x[7] 8 </args>
      <args> x[14] 11 x[12] 14 </args>
      <args> x[14] 12 x[10] 1 </args>
      <args> x[14] 13 x[3] 18 </args>
      <args> x[14] 14 x[9] 18 </args>
      <args> x[14] 15 x[16] 9 </args>
      <args> x[14] 16 x[11] 2 </args>
      <args> x[14] 17 x[13] 13 </args>
      <args> x[14] 18 x[18] 12 </args>
      <args> x[15] 0 x[19] 17 </args>
      <args> x[15] 1 x[14] 2 </args>
      <args> x[15] 2 x[12] 11 </args>
      <args> x[15] 3 x[1] 9 </args>
      <args> x[15] 4 x[9] 2 </args>
      <args> x[15] 5 x[2] 16 </args>
      <args> x[15] 6 x[0] 4 </args>
      <args> x[15] 7 x[16] 17 </args>
      <args> x[15] 8 x[11] 18 </args>
      <args> x[15] 9 x[3] 2 </args>
      <args> x[15] 10 x[4] 1 </args>
      <args> x[15] 11 x[17] 4 </args>
      <args> x[15] 12 x[5] 7 </args>
      <args> x[15] 13 x[8] 2 </args>
      <args> x[15] 14 x[13] 15 </args>
      <args> x[15] 15 x[6] 10 </args>
      <args> x[15] 16 x[18] 11 </args>
      <args> x[15] 17 x[10] 12 </args>
      <args> x[15] 18 x[7] 9 </args>
      <args> x[16] 0 x[2] 13 </args>
      <args> x[16] 1 x[8] 15 </args>
      <args> x[16] 2 x[6] 9 </args>
      <args> x[16] 3 x[3] 15 </args>
      <args> x[16] 4 x[5] 2 </args>
      <args> x[16] 5 x[11] 1 </args>
      <args> x[16] 6 x[1] 13 </args>
      <args> x[16] 7 x[13] 17 </args>
      <args> x[16] 8 x[4] 11 </args>
      <args> x[16] 9 x[14] 15 </args>
      <args> x[16] 10 x[9] 4 </args>
      <args> x[16] 11 x[0] 1 </args>
      <args> x[16] 12 x[12] 13 </args>
      <args> x[16] 13 x[18] 4 </args>
      <args> x[16] 14 x[7] 1 </args>
      <args> x[16] 15 x[17] 10 </args>
      <args> x[16] 16 x[19] 0 </args>
      <args> x[16] 17 x[15] 7 </args>
      <args> x[16] 18 x[10] 14 </args>
      <args> x[17] 0 x[9] 8 </args>
      <args> x[17] 1 x[4] 9 </args>
      <args> x[17] 2 x[0] 13 </args>
      <args> x[17] 3 x[7] 5 </args>
      <args> x[17] 4 x[15] 11 </args>
      <args> x[17] 5 x[19] 4 </args>
      <args> x[17] 6 x[2] 11 </args>
      <args> x[17] 7 x[5] 14 </args>
      <args> x[17] 8 x[3] 16 </args>
      <args> x[17] 9 x[11] 0 </args>
      <args> x[17] 10 x[16] 15 </args>
      <args> x[17] 11 x[8] 8 </args>
      <args> x[17] 12 x[12] 4 </args>
      <args> x[17] 13 x[18] 18 </args>
      <args> x[17] 14 x[1] 0 </args>
      <args> x[17] 15 x[10] 10 </args>
      <args> x[17] 16 x[6] 16 </args>
      <args> x[17] 17 x[14] 0 </args>
      <args> x[17] 18 x[13] 5 </args>
      <args> x[18] 0 x[5] 3 </args>
      <args> x[18] 1 x[9] 16 </args>
      <args> x[18] 2 x[10] 11 </args>
      <args> x[18] 3 x[0] 11 </args>
      <args> x[18] 4 x[16] 13 </args>
      <args> x[18] 5 x[1] 12 </args>
      <args> x[18] 6 x[19] 9 </args>
      <args> x[18] 7 x[8] 17 </args>
      <args> x[18] 8 x[3] 0 </args>
      <args> x[18] 9 x[2] 8 </args>
      <args> x[18] 10 x[6] 1 </args>
      <args> x[18] 11 x[15] 16 </args>
      <args> x[18] 12 x[14] 18 </args>
      <args> x[18] 13 x[11] 13 </args>
      <args> x[18] 14 x[7] 15 </args>
      <args> x[18] 15 x[12] 12 </args>
      <args> x[18] 16 x[4] 14 </args>
      <args> x[18] 17 x[13] 11 </args>
      <args> x[18] 18 x[17] 13 </args>
      <args> x[19] 0 x[16] 16 </args>
      <args> x[19] 1 x[14] 5 </args>
      <args> x[19] 2 x[3] 17 </args>
      <args> x[19] 3 x[13] 14 </args>
      <args> x[19] 4 x[17] 5 </args>
      <args> x[19] 5 x[4] 4 </args>
      <args> x[19] 6 x[8] 16 </args>
      <args> x[19] 7 x[10] 18 </args>
      <args> x[19] 8 x[7] 12 </args>
      <args> x[19] 9 x[18] 6 </args>
      <args> x[19] 10 x[1] 1 </args>
      <args> x[19] 11 x[6] 11 </args>
      <args> x[19] 12 x[11] 16 </args>
      <args> x[19] 13 x[12] 18 </args>
      <args> x[19] 14 x[2] 6 </args>
      <args> x[19] 15 x[5] 15 </args>
      <args> x[19] 16 x[0] 17 </args>
      <args> x[19] 17 x[15] 0 </args>
      <args> x[19] 18 x[9] 14 </args>
    </group>
    <group>
      <intension> imp(eq(%0,%1),eq(%2,%3)) </intension>
      <args> x[0] 0 x[10] 7 </args>
      <args> x[0] 1 x[16] 11 </args>
      <args> x[0] 2 x[9] 6 </args>
      <args> x[0] 3 x[5] 9 </args>
      <args> x[0] 4 x[15] 6 </args>
      <args> x[0] 5 x[11] 5 </args>
      <args> x[0] 6 x[8] 3 </args>
      <args> x[0] 7 x[13] 1 </args>
      <args> x[0] 8 x[14] 8 </args>
      <args> x[0] 9 x[6] 0 </args>
      <args> x[0] 10 x[3] 8 </args>
      <args> x[0] 11 x[18] 3 </args>
      <args> x[0] 12 x[2] 18 </args>
      <args> x[0] 13 x[17] 2 </args>
      <args> x[0] 14 x[12] 17 </args>
      <args> x[0] 15 x[7] 6 </args>
      <args> x[0] 16 x[1] 3 </args>
      <args> x[0] 17 x[19] 16 </args>
      <args> x[0] 18 x[4] 8 </args>
      <args> x[1] 0 x[17] 14 </args>
      <args> x[1] 1 x[19] 10 </args>
      <args> x[1] 2 x[6] 12 </args>
      <args> x[1] 3 x[0] 16 </args>
      <args> x[1] 4 x[10] 9 </args>
      <args> x[1] 5 x[2] 4 </args>
      <args> x[1] 6 x[13] 16 </args>
      <args> x[1] 7 x[14] 1 </args>
      <args> x[1] 8 x[12] 10 </args>
      <args> x[1] 9 x[15] 3 </args>
      <args> x[1] 10 x[7] 14 </args>
      <args> x[1] 11 x[8] 0 </args>
      <args> x[1] 12 x[18] 5 </args>
      <args> x[1] 13 x[16] 6 </args>
      <args> x[1] 14 x[4] 7 </args>
      <args> x[1] 15 x[9] 7 </args>
      <args> x[1] 16 x[11] 11 </args>
      <args> x[1] 17 x[5] 13 </args>
      <args> x[1] 18 x[3] 7 </args>
      <args> x[2] 0 x[4] 6 </args>
      <args> x[2] 1 x[7] 10 </args>
      <args> x[2] 2 x[14] 9 </args>
      <args> x[2] 3 x[3] 11 </args>
      <args> x[2] 4 x[1] 5 </args>
      <args> x[2] 5 x[9] 12 </args>
      <args> x[2] 6 x[19] 14 </args>
      <args> x[2] 7 x[8] 11 </args>
      <args> x[2] 8 x[18] 9 </args>
      <args> x[2] 9 x[11] 3 </args>
      <args> x[2] 10 x[13] 6 </args>
      <args> x[2] 11 x[17] 6 </args>
      <args> x[2] 12 x[6] 3 </args>
      <args> x[2] 13 x[16] 0 </args>
      <args> x[2] 14 x[5] 18 </args>
      <args> x[2] 15 x[10] 13 </args>
      <args> x[2] 16 x[15] 5 </args>
      <args> x[2] 17 x[12] 5 </args>
      <args> x[2] 18 x[0] 12 </args>
      <args> x[3] 0 x[18] 8 </args>
      <args> x[3] 1 x[5] 5 </args>
      <args> x[3] 2 x[15] 9 </args>
      <args> x[3] 3 x[10] 15 </args>
      <args> x[3] 4 x[13] 18 </args>
      <args> x[3] 5 x[11] 14 </args>
      <args> x[3] 6 x[12] 3 </args>
      <args> x[3] 7 x[1] 18 </args>
      <args> x[3] 8 x[0] 10 </args>
      <args> x[3] 9 x[8] 7 </args>
      <args> x[3] 10 x[9] 17 </args>
      <args> x[3] 11 x[2] 3 </args>
      <args> x[3] 12 x[7] 3 </args>
      <args> x[3] 13 x[6] 18 </args>
      <args> x[3] 14 x[4] 18 </args>
      <args> x[3] 15 x[16] 3 </args>
      <args> x[3] 16 x[17] 8 </args>
      <args> x[3] 17 x[19] 2 </args>
      <args> x[3] 18 x[14] 13 </args>
      <args> x[4] 0 x[13] 10 </args>
      <args> x[4] 1 x[15] 10 </args>
      <args> x[4] 2 x[6] 2 </args>
      <args> x[4] 3 x[8] 5 </args>
      <args> x[4] 4 x[19] 5 </args>
      <args> x[4] 5 x[10] 4 </args>
      <args> x[4] 6 x[2] 0 </args>
      <args> x[4] 7 x[1] 14 </args>
      <args> x[4] 8 x[0] 18 </args>
      <args> x[4] 9 x[17] 1 </args>
      <args> x[4] 10 x[5] 1 </args>
      <args> x[4] 11 x[16] 8 </args>
      <args> x[4] 12 x[7] 13 </args>
      <args> x[4] 13 x[12] 2 </args>
      <args> x[4] 14 x[18] 16 </args>
      <args> x[4] 15 x[14] 3 </args>
      <args> x[4] 16 x[9] 13 </args>
      <args> x[4] 17 x[11] 10 </args>
      <args> x[4] 18 x[3] 14 </args>
      <args> x[5] 0 x[7] 11 </args>
      <args> x[5] 1 x[4] 10 </args>
      <args> x[5] 2 x[16] 4 </args>
      <args> x[5] 3 x[18] 0 </args>
      <args> x[5] 4 x[11] 15 </args>
      <args> x[5] 5 x[3] 1 </args>
      <args> x[5] 6 x[12] 1 </args>
      <args> x[5] 7 x[15] 12 </args>
      <args> x[5] 8 x[10] 5 </args>
      <args> x[5] 9 x[0] 3 </args>
      <args> x[5] 10 x[14] 4 </args>
      <args> x[5] 11 x[13] 9 </args>
      <args> x[5] 12 x[8] 4 </args>
      <args> x[5] 13 x[1] 17 </args>
      <args> x[5] 14 x[17] 7 </args>
      <args> x[5] 15 x[19] 15 </args>
      <args> x[5] 16 x[6] 5 </args>
      <args> x[5] 17 x[9] 3 </args>
      <args> x[5] 18 x[2] 14 </args>
      <args> x[6] 0 x[0] 9 </args>
      <args> x[6] 1 x[18] 10 </args>
      <args> x[6] 2 x[4] 2 </args>
      <args> x[6] 3 x[2] 12 </args>
      <args> x[6] 4 x[7] 18 </args>
      <args> x[6] 5 x[5] 16 </args>
      <args> x[6] 6 x[9] 11 </args>
      <args> x[6] 7 x[12] 16 </args>
      <args> x[6] 8 x[8] 10 </args>
      <args> x[6] 9 x[16] 2 </args>
      <args> x[6] 10 x[15] 15 </args>
      <args> x[6] 11 x[19] 11 </args>
      <args> x[6] 12 x[1] 2 </args>
      <args> x[6] 13 x[11] 8 </args>
      <args> x[6] 14 x[13] 12 </args>
      <args> x[6] 15 x[14] 7 </args>
      <args> x[6] 16 x[17] 16 </args>
      <args> x[6] 17 x[10] 17 </args>
      <args> x[6] 18 x[3] 13 </args>
      <args> x[7] 0 x[12] 0 </args>
      <args> x[7] 1 x[16] 14 </args>
      <args> x[7] 2 x[10] 8 </args>
      <args> x[7] 3 x[3] 12 </args>
      <args> x[7] 4 x[9] 9 </args>
      <args> x[7] 5 x[17] 3 </args>
      <args> x[7] 6 x[0] 15 </args>
      <args> x[7] 7 x[11] 7 </args>
      <args> x[7] 8 x[14] 10 </args>
      <args> x[7] 9 x[15] 18 </args>
      <args> x[7] 10 x[2] 1 </args>
      <args> x[7] 11 x[5] 0 </args>
      <args> x[7] 12 x[19] 8 </args>
      <args> x[7] 13 x[4] 12 </args>
      <args> x[7] 14 x[1] 10 </args>
      <args> x[7] 15 x[18] 14 </args>
      <args> x[7] 16 x[8] 1 </args>
      <args> x[7] 17 x[13] 4 </args>
      <args> x[7] 18 x[6] 4 </args>
      <args> x[8] 0 x[1] 11 </args>
      <args> x[8] 1 x[7] 16 </args>
      <args> x[8] 2 x[15] 13 </args>
      <args> x[8] 3 x[0] 6 </args>
      <args> x[8] 4 x[5] 12 </args>
      <args> x[8] 5 x[4] 3 </args>
      <args> x[8] 6 x[9] 10 </args>
      <args> x[8] 7 x[3] 9 </args>
      <args> x[8] 8 x[17] 11 </args>
      <args> x[8] 9 x[10] 16 </args>
      <args> x[8] 10 x[6] 8 </args>
      <args> x[8] 11 x[2] 7 </args>
      <args> x[8] 12 x[12] 7 </args>
      <args> x[8] 13 x[14] 6 </args>
      <args> x[8] 14 x[13] 7 </args>
      <args> x[8] 15 x[16] 1 </args>
      <args> x[8] 16 x[19] 6 </args>
      <args> x[8] 17 x[18] 7 </args>
      <args> x[8] 18 x[11] 4 </args>
      <args> x[9] 0 x[11] 6 </args>
      <args> x[9] 1 x[12] 8 </args>
      <args> x[9] 2 x[15] 4 </args>
      <args> x[9] 3 x[5] 17 </args>
      <args> x[9] 4 x[16] 10 </args>
      <args> x[9] 5 x[13] 2 </args>
      <args> x[9] 6 x[0] 2 </args>
      <args> x[9] 7 x[1] 15 </args>
      <args> x[9] 8 x[17] 0 </args>
      <args> x[9] 9 x[7] 4 </args>
      <args> x[9] 10 x[8] 6 </args>
      <args> x[9] 11 x[6] 6 </args>
      <args> x[9] 12 x[2] 5 </args>
      <args> x[9] 13 x[4] 16 </args>
      <args> x[9] 14 x[19] 18 </args>
      <args> x[9] 15 x[10] 0 </args>
      <args> x[9] 16 x[18] 1 </args>
      <args> x[9] 17 x[3] 10 </args>
      <args> x[9] 18 x[14] 14 </args>
      <args> x[10] 0 x[9] 15 </args>
      <args> x[10] 1 x[14] 12 </args>
      <args> x[10] 2 x[13] 3 </args>
      <args> x[10] 3 x[11] 9 </args>
      <args> x[10] 4 x[4] 5 </args>
      <args> x[10] 5 x[5] 8 </args>
      <args> x[10] 6 x[12] 9 </args>
      <args> x[10] 7 x[0] 0 </args>
      <args> x[10] 8 x[7] 2 </args>
      <args> x[10] 9 x[1] 4 </args>
      <args> x[10] 10 x[17] 15 </args>
      <args> x[10] 11 x[18] 2 </args>
      <args> x[10] 12 x[15] 17 </args>
      <args> x[10] 13 x[2] 15 </args>
      <args> x[10] 14 x[16] 18 </args>
      <args> x[10] 15 x[3] 3 </args>
      <args> x[10] 16 x[8] 9 </args>
      <args> x[10] 17 x[6] 17 </args>
      <args> x[10] 18 x[19] 7 </args>
      <args> x[11] 0 x[17] 9 </args>
      <args> x[11] 1 x[16] 5 </args>
      <args> x[11] 2 x[14] 16 </args>
      <args> x[11] 3 x[2] 9 </args>
      <args> x[11] 4 x[8] 18 </args>
      <args> x[11] 5 x[0] 5 </args>
      <args> x[11] 6 x[9] 0 </args>
      <args> x[11] 7 x[7] 7 </args>
      <args> x[11] 8 x[6] 13 </args>
      <args> x[11] 9 x[10] 3 </args>
      <args> x[11] 10 x[4] 17 </args>
      <args> x[11] 11 x[1] 16 </args>
      <args> x[11] 12 x[13] 0 </args>
      <args> x[11] 13 x[18] 13 </args>
      <args> x[11] 14 x[3] 5 </args>
      <args> x[11] 15 x[5] 4 </args>
      <args> x[11] 16 x[19] 12 </args>
      <args> x[11] 17 x[12] 15 </args>
      <args> x[11] 18 x[15] 8 </args>
      <args> x[12] 0 x[7] 0 </args>
      <args> x[12] 1 x[5] 6 </args>
      <args> x[12] 2 x[4] 13 </args>
      <args> x[12] 3 x[3] 6 </args>
      <args> x[12] 4 x[17] 12 </args>
      <args> x[12] 5 x[2] 17 </args>
      <args> x[12] 6 x[13] 8 </args>
      <args> x[12] 7 x[8] 12 </args>
      <args> x[12] 8 x[9] 1 </args>
      <args> x[12] 9 x[10] 6 </args>
      <args> x[12] 10 x[1] 8 </args>
      <args> x[12] 11 x[15] 2 </args>
      <args> x[12] 12 x[18] 15 </args>
      <args> x[12] 13 x[16] 12 </args>
      <args> x[12] 14 x[14] 11 </args>
      <args> x[12] 15 x[11] 17 </args>
      <args> x[12] 16 x[6] 7 </args>
      <args> x[12] 17 x[0] 14 </args>
      <args> x[12] 18 x[19] 13 </args>
      <args> x[13] 0 x[11] 12 </args>
      <args> x[13] 1 x[0] 7 </args>
      <args> x[13] 2 x[9] 5 </args>
      <args> x[13] 3 x[10] 2 </args>
      <args> x[13] 4 x[7] 17 </args>
      <args> x[13] 5 x[17] 18 </args>
      <args> x[13] 6 x[2] 10 </args>
      <args> x[13] 7 x[8] 14 </args>
      <args> x[13] 8 x[12] 6 </args>
      <args> x[13] 9 x[5] 11 </args>
      <args> x[13] 10 x[4] 0 </args>
      <args> x[13] 11 x[18] 17 </args>
      <args> x[13] 12 x[6] 14 </args>
      <args> x[13] 13 x[14] 17 </args>
      <args> x[13] 14 x[19] 3 </args>
      <args> x[13] 15 x[15] 14 </args>
      <args> x[13] 16 x[1] 6 </args>
      <args> x[13] 17 x[16] 7 </args>
      <args> x[13] 18 x[3] 4 </args>
      <args> x[14] 0 x[17] 17 </args>
      <args> x[14] 1 x[1] 7 </args>
      <args> x[14] 2 x[15] 1 </args>
      <args> x[14] 3 x[4] 15 </args>
      <args> x[14] 4 x[5] 10 </args>
      <args> x[14] 5 x[19] 1 </args>
      <args> x[14] 6 x[8] 13 </args>
      <args> x[14] 7 x[6] 15 </args>
      <args> x[14] 8 x[0] 8 </args>
      <args> x[14] 9 x[2] 2 </args>
      <args> x[14] 10 x[7] 8 </args>
      <args> x[14] 11 x[12] 14 </args>
      <args> x[14] 12 x[10] 1 </args>
      <args> x[14] 13 x[3] 18 </args>
      <args> x[14] 14 x[9] 18 </args>
      <args> x[14] 15 x[16] 9 </args>
      <args> x[14] 16 x[11] 2 </args>
      <args> x[14] 17 x[13] 13 </args>
      <args> x[14] 18 x[18] 12 </args>
      <args> x[15] 0 x[19] 17 </args>
      <args> x[15] 1 x[14] 2 </args>
      <args> x[15] 2 x[12] 11 </args>
      <args> x[15] 3 x[1] 9 </args>
      <args> x[15] 4 x[9] 2 </args>
      <args> x[15] 5 x[2] 16 </args>
      <args> x[15] 6 x[0] 4 </args>
      <args> x[15] 7 x[16] 17 </args>
      <args> x[15] 8 x[11] 18 </args>
      <args> x[15] 9 x[3] 2 </args>
      <args> x[15] 10 x[4] 1 </args>
      <args> x[15] 11 x[17] 4 </args>
      <args> x[15] 12 x[5] 7 </args>
      <args> x[15] 13 x[8] 2 </args>
      <args> x[15] 14 x[13] 15 </args>
      <args> x[15] 15 x[6] 10 </args>
      <args> x[15] 16 x[18] 11 </args>
      <args> x[15] 17 x[10] 12 </args>
      <args> x[15] 18 x[7] 9 </args>
      <args> x[16] 0 x[2] 13 </args>
      <args> x[16] 1 x[8] 15 </args>
      <args> x[16] 2 x[6] 9 </args>
      <args> x[16] 3 x[3] 15 </args>
      <args> x[16] 4 x[5] 2 </args>
      <args> x[16] 5 x[11] 1 </args>
      <args> x[16] 6 x[1] 13 </args>
      <args> x[16] 7 x[13] 17 </args>
      <args> x[16] 8 x[4] 11 </args>
      <args> x[16] 9 x[14] 15 </args>
      <args> x[16] 10 x[9] 4 </args>
      <args> x[16] 11 x[0] 1 </args>
      <args> x[16] 12 x[12] 13 </args>
      <args> x[16] 13 x[18] 4 </args>
      <args> x[16] 14 x[7] 1 </args>
      <args> x[16] 15 x[17] 10 </args>
      <args> x[16] 16 x[19] 0 </args>
      <args> x[16] 17 x[15] 7 </args>
      <args> x[16] 18 x[10] 14 </args>
      <args> x[17] 0 x[9] 8 </args>
      <args> x[17] 1 x[4] 9 </args>
      <args> x[17] 2 x[0] 13 </args>
      <args> x[17] 3 x[7] 5 </args>
      <args> x[17] 4 x[15] 11 </args>
      <args> x[17] 5 x[19] 4 </args>
      <args> x[17] 6 x[2] 11 </args>
      <args> x[17] 7 x[5] 14 </args>
      <args> x[17] 8 x[3] 16 </args>
      <args> x[17] 9 x[11] 0 </args>
      <args> x[17] 10 x[16] 15 </args>
      <args> x[17] 11 x[8] 8 </args>
      <args> x[17] 12 x[12] 4 </args>
      <args> x[17] 13 x[18] 18 </args>
      <args> x[17] 14 x[1] 0 </args>
      <args> x[17] 15 x[10] 10 </args>
      <args> x[17] 16 x[6] 16 </args>
      <args> x[17] 17 x[14] 0 </args>
      <args> x[17] 18 x[13] 5 </args>
      <args> x[18] 0 x[5] 3 </args>
      <args> x[18] 1 x[9] 16 </args>
      <args> x[18] 2 x[10] 11 </args>
      <args> x[18] 3 x[0] 11 </args>
      <args> x[18] 4 x[16] 13 </args>
      <args> x[18] 5 x[1] 12 </args>
      <args> x[18] 6 x[19] 9 </args>
      <args> x[18] 7 x[8] 17 </args>
      <args> x[18] 8 x[3] 0 </args>
      <args> x[18] 9 x[2] 8 </args>
      <args> x[18] 10 x[6] 1 </args>
      <args> x[18] 11 x[15] 16 </args>
      <args> x[18] 12 x[14] 18 </args>
      <args> x[18] 13 x[11] 13 </args>
      <args> x[18] 14 x[7] 15 </args>
      <args> x[18] 15 x[12] 12 </args>
      <args> x[18] 16 x[4] 14 </args>
      <args> x[18] 17 x[13] 11 </args>
      <args> x[18] 18 x[17] 13 </args>
      <args> x[19] 0 x[16] 16 </args>
      <args> x[19] 1 x[14] 5 </args>
      <args> x[19] 2 x[3] 17 </args>
      <args> x[19] 3 x[13] 14 </args>
      <args> x[19] 4 x[17] 5 </args>
      <args> x[19] 5 x[4] 4 </args>
      <args> x[19] 6 x[8] 16 </args>
      <args> x[19] 7 x[10] 18 </args>
      <args> x[19] 8 x[7] 12 </args>
      <args> x[19] 9 x[18] 6 </args>
      <args> x[19] 10 x[1] 1 </args>
      <args> x[19] 11 x[6] 11 </args>
      <args> x[19] 12 x[11] 16 </args>
      <args> x[19] 13 x[12] 18 </args>
      <args> x[19] 14 x[2] 6 </args>
      <args> x[19] 15 x[5] 15 </args>
      <args> x[19] 16 x[0] 17 </args>
      <args> x[19] 17 x[15] 0 </args>
      <args> x[19] 18 x[9] 14 </args>
    </group>
  </constraints>
</instance>
