<instance format="XCSP3" type="CSP">
  <variables>
    <array id="x" note="x[i] is the value of k, meaning that j = pref[i][k] is the paired agent" size="[20]">
      <domain for="x[0] x[12] x[16] x[19]"> 0..3 </domain>
      <domain for="x[1] x[5]"> 0..5 </domain>
      <domain for="x[2] x[6] x[8] x[15]"> 0..2 </domain>
      <domain for="x[3] x[10]"> 0..8 </domain>
      <domain for="x[4] x[7] x[9] x[11] x[13] x[17]"> 0..4 </domain>
      <domain for="x[14] x[18]"> 0 1 </domain>
    </array>
  </variables>
  <constraints>
    <group>
      <intension> imp(gt(%0,%1),lt(%2,%3)) </intension>
      <args> x[0] 0 x[17] 2 </args>
      <args> x[0] 1 x[12] 1 </args>
      <args> x[0] 2 x[15] 1 </args>
      <args> x[0] 3 x[11] 0 </args>
      <args> x[1] 0 x[11] 1 </args>
      <args> x[1] 1 x[19] 0 </args>
      <args> x[1] 2 x[7] 4 </args>
      <args> x[1] 3 x[5] 1 </args>
      <args> x[1] 4 x[16] 0 </args>
      <args> x[1] 5 x[10] 3 </args>
      <args> x[2] 0 x[11] 3 </args>
      <args> x[2] 1 x[13] 3 </args>
      <args> x[2] 2 x[3] 0 </args>
      <args> x[3] 0 x[2] 2 </args>
      <args> x[3] 1 x[10] 5 </args>
      <args> x[3] 2 x[16] 3 </args>
      <args> x[3] 3 x[19] 2 </args>
      <args> x[3] 4 x[13] 4 </args>
      <args> x[3] 5 x[6] 1 </args>
      <args> x[3] 6 x[4] 4 </args>
      <args> x[3] 7 x[11] 2 </args>
      <args> x[3] 8 x[5] 4 </args>
      <args> x[4] 0 x[6] 2 </args>
      <args> x[4] 1 x[7] 3 </args>
      <args> x[4] 2 x[12] 3 </args>
      <args> x[4] 3 x[5] 2 </args>
      <args> x[4] 4 x[3] 6 </args>
      <args> x[5] 0 x[10] 1 </args>
      <args> x[5] 1 x[1] 3 </args>
      <args> x[5] 2 x[4] 3 </args>
      <args> x[5] 3 x[15] 2 </args>
      <args> x[5] 4 x[3] 8 </args>
      <args> x[5] 5 x[19] 1 </args>
      <args> x[6] 0 x[16] 1 </args>
      <args> x[6] 1 x[3] 5 </args>
      <args> x[6] 2 x[4] 0 </args>
      <args> x[7] 0 x[10] 6 </args>
      <args> x[7] 1 x[14] 1 </args>
      <args> x[7] 2 x[9] 2 </args>
      <args> x[7] 3 x[4] 1 </args>
      <args> x[7] 4 x[1] 2 </args>
      <args> x[8] 0 x[11] 4 </args>
      <args> x[8] 1 x[17] 0 </args>
      <args> x[8] 2 x[10] 8 </args>
      <args> x[9] 0 x[12] 2 </args>
      <args> x[9] 1 x[18] 1 </args>
      <args> x[9] 2 x[7] 2 </args>
      <args> x[9] 3 x[10] 0 </args>
      <args> x[9] 4 x[13] 0 </args>
      <args> x[10] 0 x[9] 3 </args>
      <args> x[10] 1 x[5] 0 </args>
      <args> x[10] 2 x[17] 4 </args>
      <args> x[10] 3 x[1] 5 </args>
      <args> x[10] 4 x[15] 0 </args>
      <args> x[10] 5 x[3] 1 </args>
      <args> x[10] 6 x[7] 0 </args>
      <args> x[10] 7 x[14] 0 </args>
      <args> x[10] 8 x[8] 2 </args>
      <args> x[11] 0 x[0] 3 </args>
      <args> x[11] 1 x[1] 0 </args>
      <args> x[11] 2 x[3] 7 </args>
      <args> x[11] 3 x[2] 0 </args>
      <args> x[11] 4 x[8] 0 </args>
      <args> x[12] 0 x[17] 1 </args>
      <args> x[12] 1 x[0] 1 </args>
      <args> x[12] 2 x[9] 0 </args>
      <args> x[12] 3 x[4] 2 </args>
      <args> x[13] 0 x[9] 4 </args>
      <args> x[13] 1 x[17] 3 </args>
      <args> x[13] 2 x[18] 0 </args>
      <args> x[13] 3 x[2] 1 </args>
      <args> x[13] 4 x[3] 4 </args>
      <args> x[14] 0 x[10] 7 </args>
      <args> x[14] 1 x[7] 1 </args>
      <args> x[15] 0 x[10] 4 </args>
      <args> x[15] 1 x[0] 2 </args>
      <args> x[15] 2 x[5] 3 </args>
      <args> x[16] 0 x[1] 4 </args>
      <args> x[16] 1 x[6] 0 </args>
      <args> x[16] 2 x[19] 3 </args>
      <args> x[16] 3 x[3] 2 </args>
      <args> x[17] 0 x[8] 1 </args>
      <args> x[17] 1 x[12] 0 </args>
      <args> x[17] 2 x[0] 0 </args>
      <args> x[17] 3 x[13] 1 </args>
      <args> x[17] 4 x[10] 2 </args>
      <args> x[18] 0 x[13] 2 </args>
      <args> x[18] 1 x[9] 1 </args>
      <args> x[19] 0 x[1] 1 </args>
      <args> x[19] 1 x[5] 5 </args>
      <args> x[19] 2 x[3] 3 </args>
      <args> x[19] 3 x[16] 2 </args>
    </group>
    <group>
      <intension> imp(eq(%0,%1),eq(%2,%3)) </intension>
      <args> x[0] 0 x[17] 2 </args>
      <args> x[0] 1 x[12] 1 </args>
      <args> x[0] 2 x[15] 1 </args>
      <args> x[0] 3 x[11] 0 </args>
      <args> x[1] 0 x[11] 1 </args>
      <args> x[1] 1 x[19] 0 </args>
      <args> x[1] 2 x[7] 4 </args>
      <args> x[1] 3 x[5] 1 </args>
      <args> x[1] 4 x[16] 0 </args>
      <args> x[1] 5 x[10] 3 </args>
      <args> x[2] 0 x[11] 3 </args>
      <args> x[2] 1 x[13] 3 </args>
      <args> x[2] 2 x[3] 0 </args>
      <args> x[3] 0 x[2] 2 </args>
      <args> x[3] 1 x[10] 5 </args>
      <args> x[3] 2 x[16] 3 </args>
      <args> x[3] 3 x[19] 2 </args>
      <args> x[3] 4 x[13] 4 </args>
      <args> x[3] 5 x[6] 1 </args>
      <args> x[3] 6 x[4] 4 </args>
      <args> x[3] 7 x[11] 2 </args>
      <args> x[3] 8 x[5] 4 </args>
      <args> x[4] 0 x[6] 2 </args>
      <args> x[4] 1 x[7] 3 </args>
      <args> x[4] 2 x[12] 3 </args>
      <args> x[4] 3 x[5] 2 </args>
      <args> x[4] 4 x[3] 6 </args>
      <args> x[5] 0 x[10] 1 </args>
      <args> x[5] 1 x[1] 3 </args>
      <args> x[5] 2 x[4] 3 </args>
      <args> x[5] 3 x[15] 2 </args>
      <args> x[5] 4 x[3] 8 </args>
      <args> x[5] 5 x[19] 1 </args>
      <args> x[6] 0 x[16] 1 </args>
      <args> x[6] 1 x[3] 5 </args>
      <args> x[6] 2 x[4] 0 </args>
      <args> x[7] 0 x[10] 6 </args>
      <args> x[7] 1 x[14] 1 </args>
      <args> x[7] 2 x[9] 2 </args>
      <args> x[7] 3 x[4] 1 </args>
      <args> x[7] 4 x[1] 2 </args>
      <args> x[8] 0 x[11] 4 </args>
      <args> x[8] 1 x[17] 0 </args>
      <args> x[8] 2 x[10] 8 </args>
      <args> x[9] 0 x[12] 2 </args>
      <args> x[9] 1 x[18] 1 </args>
      <args> x[9] 2 x[7] 2 </args>
      <args> x[9] 3 x[10] 0 </args>
      <args> x[9] 4 x[13] 0 </args>
      <args> x[10] 0 x[9] 3 </args>
      <args> x[10] 1 x[5] 0 </args>
      <args> x[10] 2 x[17] 4 </args>
      <args> x[10] 3 x[1] 5 </args>
      <args> x[10] 4 x[15] 0 </args>
      <args> x[10] 5 x[3] 1 </args>
      <args> x[10] 6 x[7] 0 </args>
      <args> x[10] 7 x[14] 0 </args>
      <args> x[10] 8 x[8] 2 </args>
      <args> x[11] 0 x[0] 3 </args>
      <args> x[11] 1 x[1] 0 </args>
      <args> x[11] 2 x[3] 7 </args>
      <args> x[11] 3 x[2] 0 </args>
      <args> x[11] 4 x[8] 0 </args>
      <args> x[12] 0 x[17] 1 </args>
      <args> x[12] 1 x[0] 1 </args>
      <args> x[12] 2 x[9] 0 </args>
      <args> x[12] 3 x[4] 2 </args>
      <args> x[13] 0 x[9] 4 </args>
      <args> x[13] 1 x[17] 3 </args>
      <args> x[13] 2 x[18] 0 </args>
      <args> x[13] 3 x[2] 1 </args>
      <args> x[13] 4 x[3] 4 </args>
      <args> x[14] 0 x[10] 7 </args>
      <args> x[14] 1 x[7] 1 </args>
      <args> x[15] 0 x[10] 4 </args>
      <args> x[15] 1 x[0] 2 </args>
      <args> x[15] 2 x[5] 3 </args>
      <args> x[16] 0 x[1] 4 </args>
      <args> x[16] 1 x[6] 0 </args>
      <args> x[16] 2 x[19] 3 </args>
      <args> x[16] 3 x[3] 2 </args>
      <args> x[17] 0 x[8] 1 </args>
      <args> x[17] 1 x[12] 0 </args>
      <args> x[17] 2 x[0] 0 </args>
      <args> x[17] 3 x[13] 1 </args>
      <args> x[17] 4 x[10] 2 </args>
      <args> x[18] 0 x[13] 2 </args>
      <args> x[18] 1 x[9] 1 </args>
      <args> x[19] 0 x[1] 1 </args>
      <args> x[19] 1 x[5] 5 </args>
      <args> x[19] 2 x[3] 3 </args>
      <args> x[19] 3 x[16] 2 </args>
    </group>
  </constraints>
</instance>
