<instance format="XCSP3" type="CSP">
  <variables>
    <var id="x143"> 16 30 44 58 72 86 100 114 128 142 156 254 268 282 296 310 324 338 352 366 380 394 414 428 442 456 470 484 498 512 526 540 554 652 666 680 694 708 722 736 750 764 778 792 </var>
    <var as="x143" id="x144"/>
    <var as="x143" id="x145"/>
    <var as="x143" id="x146"/>
    <var as="x143" id="x273"/>
    <var as="x143" id="x274"/>
    <var as="x143" id="x275"/>
    <var as="x143" id="x276"/>
    <var as="x143" id="x277"/>
    <var as="x143" id="x278"/>
    <var as="x143" id="x281"/>
    <var as="x143" id="x282"/>
    <var as="x143" id="x283"/>
    <var as="x143" id="x284"/>
    <var as="x143" id="x341"/>
    <var as="x143" id="x342"/>
    <var as="x143" id="x343"/>
    <var as="x143" id="x344"/>
    <var as="x143" id="x713"/>
    <var as="x143" id="x714"/>
    <var as="x143" id="x717"/>
    <var as="x143" id="x718"/>
    <var as="x143" id="x719"/>
    <var as="x143" id="x720"/>
    <var as="x143" id="x721"/>
    <var as="x143" id="x722"/>
    <var as="x143" id="x723"/>
    <var as="x143" id="x724"/>
  </variables>
  <constraints>
    <group>
      <intension> eq(dist(%0,%1),%2) </intension>
      <args> x143 x144 238 </args>
      <args> x145 x146 238 </args>
      <args> x273 x274 238 </args>
      <args> x275 x276 238 </args>
      <args> x277 x278 238 </args>
      <args> x281 x282 238 </args>
      <args> x283 x284 238 </args>
      <args> x341 x342 238 </args>
      <args> x343 x344 238 </args>
      <args> x713 x714 238 </args>
      <args> x717 x718 238 </args>
      <args> x719 x720 238 </args>
      <args> x721 x722 238 </args>
      <args> x723 x724 238 </args>
    </group>
    <group>
      <intension> gt(dist(%0,%1),%2) </intension>
      <args> x143 x145 59 </args>
      <args> x143 x146 186 </args>
      <args> x143 x273 470 </args>
      <args> x143 x274 294 </args>
      <args> x143 x275 517 </args>
      <args> x143 x276 341 </args>
      <args> x143 x277 446 </args>
      <args> x143 x278 302 </args>
      <args> x143 x281 333 </args>
      <args> x143 x282 508 </args>
      <args> x143 x283 333 </args>
      <args> x143 x284 508 </args>
      <args> x143 x341 508 </args>
      <args> x143 x342 333 </args>
      <args> x143 x343 517 </args>
      <args> x143 x344 340 </args>
      <args> x143 x713 446 </args>
      <args> x143 x714 302 </args>
      <args> x143 x717 470 </args>
      <args> x143 x718 294 </args>
      <args> x143 x719 470 </args>
      <args> x143 x720 294 </args>
      <args> x143 x721 94 </args>
      <args> x143 x722 261 </args>
      <args> x143 x723 187 </args>
      <args> x143 x724 84 </args>
      <args> x144 x145 186 </args>
      <args> x144 x146 59 </args>
      <args> x144 x273 295 </args>
      <args> x144 x274 153 </args>
      <args> x144 x275 342 </args>
      <args> x144 x276 200 </args>
      <args> x144 x277 302 </args>
      <args> x144 x278 129 </args>
      <args> x144 x281 190 </args>
      <args> x144 x282 333 </args>
      <args> x144 x283 190 </args>
      <args> x144 x284 333 </args>
      <args> x144 x341 333 </args>
      <args> x144 x342 190 </args>
      <args> x144 x343 342 </args>
      <args> x144 x344 200 </args>
      <args> x144 x713 302 </args>
      <args> x144 x714 129 </args>
      <args> x144 x717 295 </args>
      <args> x144 x718 153 </args>
      <args> x144 x719 295 </args>
      <args> x144 x720 153 </args>
      <args> x144 x721 112 </args>
      <args> x144 x722 94 </args>
      <args> x144 x723 84 </args>
      <args> x144 x724 169 </args>
      <args> x145 x273 470 </args>
      <args> x145 x274 294 </args>
      <args> x145 x275 517 </args>
      <args> x145 x276 341 </args>
      <args> x145 x277 446 </args>
      <args> x145 x278 302 </args>
      <args> x145 x281 333 </args>
      <args> x145 x282 508 </args>
      <args> x145 x283 333 </args>
      <args> x145 x284 508 </args>
      <args> x145 x341 508 </args>
      <args> x145 x342 333 </args>
      <args> x145 x343 517 </args>
      <args> x145 x344 340 </args>
      <args> x145 x713 446 </args>
      <args> x145 x714 302 </args>
      <args> x145 x717 470 </args>
      <args> x145 x718 294 </args>
      <args> x145 x719 470 </args>
      <args> x145 x720 294 </args>
      <args> x145 x721 94 </args>
      <args> x145 x722 261 </args>
      <args> x145 x723 187 </args>
      <args> x145 x724 84 </args>
      <args> x146 x273 295 </args>
      <args> x146 x274 153 </args>
      <args> x146 x275 342 </args>
      <args> x146 x276 200 </args>
      <args> x146 x277 302 </args>
      <args> x146 x278 129 </args>
      <args> x146 x281 190 </args>
      <args> x146 x282 333 </args>
      <args> x146 x283 190 </args>
      <args> x146 x284 333 </args>
      <args> x146 x341 333 </args>
      <args> x146 x342 190 </args>
      <args> x146 x343 342 </args>
      <args> x146 x344 200 </args>
      <args> x146 x713 302 </args>
      <args> x146 x714 129 </args>
      <args> x146 x717 295 </args>
      <args> x146 x718 153 </args>
      <args> x146 x719 295 </args>
      <args> x146 x720 153 </args>
      <args> x146 x721 112 </args>
      <args> x146 x722 94 </args>
      <args> x146 x723 84 </args>
      <args> x146 x724 169 </args>
      <args> x273 x275 66 </args>
      <args> x273 x276 140 </args>
      <args> x273 x277 13 </args>
      <args> x273 x278 186 </args>
      <args> x273 x713 13 </args>
      <args> x273 x714 186 </args>
      <args> x273 x717 59 </args>
      <args> x273 x718 186 </args>
      <args> x273 x719 59 </args>
      <args> x273 x720 186 </args>
      <args> x273 x721 396 </args>
      <args> x273 x722 221 </args>
      <args> x273 x723 302 </args>
      <args> x273 x724 445 </args>
      <args> x274 x275 233 </args>
      <args> x274 x276 66 </args>
      <args> x274 x277 168 </args>
      <args> x274 x278 12 </args>
      <args> x274 x713 168 </args>
      <args> x274 x714 12 </args>
      <args> x274 x717 186 </args>
      <args> x274 x718 59 </args>
      <args> x274 x719 186 </args>
      <args> x274 x720 59 </args>
      <args> x274 x721 219 </args>
      <args> x274 x722 78 </args>
      <args> x274 x723 126 </args>
      <args> x274 x724 302 </args>
      <args> x275 x277 60 </args>
      <args> x275 x278 233 </args>
      <args> x275 x713 60 </args>
      <args> x275 x714 233 </args>
      <args> x275 x717 66 </args>
      <args> x275 x718 233 </args>
      <args> x275 x719 66 </args>
      <args> x275 x720 233 </args>
      <args> x275 x721 442 </args>
      <args> x275 x722 267 </args>
      <args> x275 x723 349 </args>
      <args> x275 x724 491 </args>
      <args> x276 x277 121 </args>
      <args> x276 x278 58 </args>
      <args> x276 x713 121 </args>
      <args> x276 x714 58 </args>
      <args> x276 x717 140 </args>
      <args> x276 x718 66 </args>
      <args> x276 x719 140 </args>
      <args> x276 x720 66 </args>
      <args> x276 x721 266 </args>
      <args> x276 x722 125 </args>
      <args> x276 x723 173 </args>
      <args> x276 x724 349 </args>
      <args> x277 x281 114 </args>
      <args> x277 x282 65 </args>
      <args> x277 x283 114 </args>
      <args> x277 x284 65 </args>
      <args> x277 x341 65 </args>
      <args> x277 x342 114 </args>
      <args> x277 x343 74 </args>
      <args> x277 x344 103 </args>
      <args> x277 x713 59 </args>
      <args> x277 x714 186 </args>
      <args> x277 x717 13 </args>
      <args> x277 x718 168 </args>
      <args> x277 x719 13 </args>
      <args> x277 x720 168 </args>
      <args> x277 x721 372 </args>
      <args> x277 x722 228 </args>
      <args> x277 x723 278 </args>
      <args> x277 x724 452 </args>
      <args> x278 x281 65 </args>
      <args> x278 x282 207 </args>
      <args> x278 x283 65 </args>
      <args> x278 x284 207 </args>
      <args> x278 x341 206 </args>
      <args> x278 x342 65 </args>
      <args> x278 x343 216 </args>
      <args> x278 x344 74 </args>
      <args> x278 x713 186 </args>
      <args> x278 x714 59 </args>
      <args> x278 x717 186 </args>
      <args> x278 x718 12 </args>
      <args> x278 x719 186 </args>
      <args> x278 x720 12 </args>
      <args> x278 x721 228 </args>
      <args> x278 x722 54 </args>
      <args> x278 x723 134 </args>
      <args> x278 x724 278 </args>
      <args> x281 x283 59 </args>
      <args> x281 x284 186 </args>
      <args> x281 x341 177 </args>
      <args> x281 x342 9 </args>
      <args> x281 x343 186 </args>
      <args> x281 x344 10 </args>
      <args> x281 x713 114 </args>
      <args> x281 x714 65 </args>
      <args> x281 x721 258 </args>
      <args> x281 x722 116 </args>
      <args> x281 x723 165 </args>
      <args> x281 x724 340 </args>
      <args> x282 x283 186 </args>
      <args> x282 x284 59 </args>
      <args> x282 x341 3 </args>
      <args> x282 x342 177 </args>
      <args> x282 x343 10 </args>
      <args> x282 x344 168 </args>
      <args> x282 x713 65 </args>
      <args> x282 x714 207 </args>
      <args> x282 x721 433 </args>
      <args> x282 x722 258 </args>
      <args> x282 x723 340 </args>
      <args> x282 x724 482 </args>
      <args> x283 x341 177 </args>
      <args> x283 x342 9 </args>
      <args> x283 x343 186 </args>
      <args> x283 x344 10 </args>
      <args> x283 x713 114 </args>
      <args> x283 x714 65 </args>
      <args> x283 x721 258 </args>
      <args> x283 x722 116 </args>
      <args> x283 x723 165 </args>
      <args> x283 x724 340 </args>
      <args> x284 x341 3 </args>
      <args> x284 x342 177 </args>
      <args> x284 x343 10 </args>
      <args> x284 x344 168 </args>
      <args> x284 x713 65 </args>
      <args> x284 x714 207 </args>
      <args> x284 x721 433 </args>
      <args> x284 x722 258 </args>
      <args> x284 x723 340 </args>
      <args> x284 x724 482 </args>
      <args> x341 x343 59 </args>
      <args> x341 x344 177 </args>
      <args> x341 x713 65 </args>
      <args> x341 x714 206 </args>
      <args> x341 x721 433 </args>
      <args> x341 x722 258 </args>
      <args> x341 x723 340 </args>
      <args> x341 x724 482 </args>
      <args> x342 x343 196 </args>
      <args> x342 x344 59 </args>
      <args> x342 x713 114 </args>
      <args> x342 x714 65 </args>
      <args> x342 x721 259 </args>
      <args> x342 x722 116 </args>
      <args> x342 x723 165 </args>
      <args> x342 x724 340 </args>
      <args> x343 x713 74 </args>
      <args> x343 x714 216 </args>
      <args> x343 x721 442 </args>
      <args> x343 x722 267 </args>
      <args> x343 x723 349 </args>
      <args> x343 x724 491 </args>
      <args> x344 x713 103 </args>
      <args> x344 x714 74 </args>
      <args> x344 x721 266 </args>
      <args> x344 x722 125 </args>
      <args> x344 x723 172 </args>
      <args> x344 x724 349 </args>
      <args> x713 x717 13 </args>
      <args> x713 x718 168 </args>
      <args> x713 x719 13 </args>
      <args> x713 x720 168 </args>
      <args> x713 x721 372 </args>
      <args> x713 x722 228 </args>
      <args> x713 x723 278 </args>
      <args> x713 x724 452 </args>
      <args> x714 x717 186 </args>
      <args> x714 x718 12 </args>
      <args> x714 x719 186 </args>
      <args> x714 x720 12 </args>
      <args> x714 x721 228 </args>
      <args> x714 x722 54 </args>
      <args> x714 x723 134 </args>
      <args> x714 x724 278 </args>
      <args> x717 x719 59 </args>
      <args> x717 x720 186 </args>
      <args> x717 x721 396 </args>
      <args> x717 x722 221 </args>
      <args> x717 x723 302 </args>
      <args> x717 x724 445 </args>
      <args> x718 x719 186 </args>
      <args> x718 x720 59 </args>
      <args> x718 x721 219 </args>
      <args> x718 x722 78 </args>
      <args> x718 x723 126 </args>
      <args> x718 x724 302 </args>
      <args> x719 x721 396 </args>
      <args> x719 x722 221 </args>
      <args> x719 x723 302 </args>
      <args> x719 x724 445 </args>
      <args> x720 x721 219 </args>
      <args> x720 x722 78 </args>
      <args> x720 x723 126 </args>
      <args> x720 x724 302 </args>
      <args> x721 x723 113 </args>
      <args> x721 x724 93 </args>
      <args> x722 x723 93 </args>
      <args> x722 x724 243 </args>
    </group>
  </constraints>
</instance>
