<instance format="XCSP3" type="CSP">
  <variables>
    <var id="x13"> 16 30 44 58 72 86 100 114 128 142 156 254 268 282 296 310 324 338 352 366 380 394 </var>
    <var as="x13" id="x14"/>
    <var as="x13" id="x15"/>
    <var as="x13" id="x16"/>
    <var as="x13" id="x53"/>
    <var as="x13" id="x54"/>
    <var as="x13" id="x79"/>
    <var as="x13" id="x80"/>
    <var as="x13" id="x81"/>
    <var as="x13" id="x82"/>
    <var as="x13" id="x83"/>
    <var as="x13" id="x84"/>
    <var as="x13" id="x85"/>
    <var as="x13" id="x86"/>
    <var as="x13" id="x127"/>
    <var as="x13" id="x128"/>
    <var as="x13" id="x129"/>
    <var as="x13" id="x130"/>
    <var as="x13" id="x143"/>
    <var as="x13" id="x144"/>
    <var as="x13" id="x145"/>
    <var as="x13" id="x146"/>
    <var as="x13" id="x205"/>
    <var as="x13" id="x206"/>
    <var id="x233"> 30 44 58 72 86 100 114 128 142 268 282 296 310 324 338 352 366 380 </var>
    <var as="x233" id="x234"/>
    <var as="x233" id="x235"/>
    <var as="x233" id="x236"/>
    <var as="x233" id="x237"/>
    <var as="x233" id="x238"/>
    <var as="x13" id="x261"/>
    <var as="x13" id="x262"/>
    <var as="x13" id="x263"/>
    <var as="x13" id="x264"/>
    <var as="x13" id="x265"/>
    <var as="x13" id="x266"/>
    <var as="x13" id="x267"/>
    <var as="x13" id="x268"/>
    <var as="x13" id="x269"/>
    <var as="x13" id="x270"/>
    <var as="x13" id="x271"/>
    <var as="x13" id="x272"/>
    <var as="x13" id="x273"/>
    <var as="x13" id="x274"/>
    <var as="x13" id="x275"/>
    <var as="x13" id="x276"/>
    <var as="x13" id="x277"/>
    <var as="x13" id="x278"/>
    <var as="x13" id="x281"/>
    <var as="x13" id="x282"/>
    <var as="x13" id="x283"/>
    <var as="x13" id="x284"/>
    <var as="x13" id="x289"/>
    <var as="x13" id="x290"/>
    <var as="x13" id="x291"/>
    <var as="x13" id="x292"/>
    <var as="x13" id="x303"/>
    <var as="x13" id="x304"/>
    <var as="x13" id="x305"/>
    <var as="x13" id="x306"/>
    <var as="x13" id="x321"/>
    <var as="x13" id="x322"/>
    <var as="x13" id="x323"/>
    <var as="x13" id="x324"/>
    <var as="x13" id="x325"/>
    <var as="x13" id="x326"/>
    <var as="x13" id="x327"/>
    <var as="x13" id="x328"/>
    <var as="x13" id="x329"/>
    <var as="x13" id="x330"/>
    <var as="x13" id="x341"/>
    <var as="x13" id="x342"/>
    <var as="x13" id="x343"/>
    <var as="x13" id="x344"/>
    <var as="x233" id="x349"/>
    <var as="x233" id="x350"/>
    <var as="x233" id="x351"/>
    <var as="x233" id="x352"/>
    <var as="x233" id="x435"/>
    <var as="x233" id="x436"/>
    <var as="x233" id="x475"/>
    <var as="x233" id="x476"/>
    <var as="x233" id="x481"/>
    <var as="x233" id="x482"/>
    <var as="x233" id="x517"/>
    <var as="x233" id="x518"/>
    <var as="x233" id="x519"/>
    <var as="x233" id="x520"/>
    <var as="x233" id="x555"/>
    <var as="x233" id="x556"/>
    <var as="x233" id="x557"/>
    <var as="x233" id="x558"/>
    <var as="x233" id="x559"/>
    <var as="x233" id="x560"/>
    <var as="x233" id="x561"/>
    <var as="x233" id="x562"/>
    <var as="x233" id="x565"/>
    <var as="x233" id="x566"/>
    <var as="x13" id="x577"/>
    <var as="x13" id="x578"/>
    <var as="x13" id="x579"/>
    <var as="x13" id="x580"/>
    <var as="x233" id="x583"/>
    <var as="x233" id="x584"/>
    <var as="x13" id="x585"/>
    <var as="x13" id="x586"/>
    <var as="x13" id="x587"/>
    <var as="x13" id="x588"/>
    <var as="x13" id="x589"/>
    <var as="x13" id="x590"/>
    <var as="x233" id="x591"/>
    <var as="x233" id="x592"/>
    <var as="x233" id="x593"/>
    <var as="x233" id="x594"/>
    <var as="x233" id="x595"/>
    <var as="x233" id="x596"/>
    <var as="x233" id="x597"/>
    <var as="x233" id="x598"/>
    <var as="x233" id="x599"/>
    <var as="x233" id="x600"/>
    <var as="x233" id="x601"/>
    <var as="x233" id="x602"/>
    <var as="x233" id="x603"/>
    <var as="x233" id="x604"/>
    <var as="x233" id="x605"/>
    <var as="x233" id="x606"/>
    <var as="x233" id="x607"/>
    <var as="x233" id="x608"/>
    <var as="x233" id="x613"/>
    <var as="x233" id="x614"/>
    <var as="x233" id="x615"/>
    <var as="x233" id="x616"/>
    <var as="x233" id="x617"/>
    <var as="x233" id="x618"/>
    <var as="x233" id="x621"/>
    <var as="x233" id="x622"/>
    <var as="x233" id="x625"/>
    <var as="x233" id="x626"/>
    <var as="x233" id="x629"/>
    <var as="x233" id="x630"/>
    <var as="x233" id="x631"/>
    <var as="x233" id="x632"/>
    <var as="x233" id="x633"/>
    <var as="x233" id="x634"/>
    <var as="x233" id="x635"/>
    <var as="x233" id="x636"/>
    <var as="x13" id="x645"/>
    <var as="x13" id="x646"/>
    <var as="x13" id="x651"/>
    <var as="x13" id="x652"/>
    <var as="x13" id="x661"/>
    <var as="x13" id="x662"/>
    <var as="x13" id="x663"/>
    <var as="x13" id="x664"/>
    <var as="x13" id="x665"/>
    <var as="x13" id="x666"/>
    <var as="x13" id="x667"/>
    <var as="x13" id="x668"/>
    <var as="x13" id="x713"/>
    <var as="x13" id="x714"/>
    <var as="x13" id="x717"/>
    <var as="x13" id="x718"/>
    <var as="x13" id="x719"/>
    <var as="x13" id="x720"/>
    <var as="x13" id="x721"/>
    <var as="x13" id="x722"/>
    <var as="x13" id="x723"/>
    <var as="x13" id="x724"/>
    <var as="x233" id="x743"/>
    <var as="x233" id="x744"/>
    <var as="x233" id="x745"/>
    <var as="x233" id="x746"/>
    <var as="x233" id="x747"/>
    <var as="x233" id="x748"/>
    <var as="x233" id="x763"/>
    <var as="x233" id="x764"/>
    <var as="x13" id="x765"/>
    <var as="x13" id="x766"/>
    <var as="x13" id="x767"/>
    <var as="x13" id="x768"/>
    <var as="x13" id="x785"/>
    <var as="x13" id="x786"/>
    <var as="x233" id="x787"/>
    <var as="x233" id="x788"/>
    <var as="x233" id="x789"/>
    <var as="x233" id="x790"/>
    <var as="x233" id="x791"/>
    <var as="x233" id="x792"/>
    <var as="x233" id="x793"/>
    <var as="x233" id="x794"/>
    <var as="x233" id="x795"/>
    <var as="x233" id="x796"/>
    <var as="x233" id="x797"/>
    <var as="x233" id="x798"/>
    <var as="x233" id="x799"/>
    <var as="x233" id="x800"/>
    <var as="x233" id="x801"/>
    <var as="x233" id="x802"/>
    <var as="x233" id="x879"/>
    <var as="x233" id="x880"/>
  </variables>
  <constraints>
    <group>
      <intension> eq(dist(%0,%1),%2) </intension>
      <args> x13 x14 238 </args>
      <args> x15 x16 238 </args>
      <args> x53 x54 238 </args>
      <args> x79 x80 238 </args>
      <args> x81 x82 238 </args>
      <args> x83 x84 238 </args>
      <args> x85 x86 238 </args>
      <args> x127 x128 238 </args>
      <args> x129 x130 238 </args>
      <args> x143 x144 238 </args>
      <args> x145 x146 238 </args>
      <args> x205 x206 238 </args>
      <args> x233 x234 238 </args>
      <args> x235 x236 238 </args>
      <args> x237 x238 238 </args>
      <args> x261 x262 238 </args>
      <args> x263 x264 238 </args>
      <args> x265 x266 238 </args>
      <args> x267 x268 238 </args>
      <args> x269 x270 238 </args>
      <args> x271 x272 238 </args>
      <args> x273 x274 238 </args>
      <args> x275 x276 238 </args>
      <args> x277 x278 238 </args>
      <args> x281 x282 238 </args>
      <args> x283 x284 238 </args>
      <args> x289 x290 238 </args>
      <args> x291 x292 238 </args>
      <args> x303 x304 238 </args>
      <args> x305 x306 238 </args>
      <args> x321 x322 238 </args>
      <args> x323 x324 238 </args>
      <args> x325 x326 238 </args>
      <args> x327 x328 238 </args>
      <args> x329 x330 238 </args>
      <args> x341 x342 238 </args>
      <args> x343 x344 238 </args>
      <args> x349 x350 238 </args>
      <args> x351 x352 238 </args>
      <args> x435 x436 238 </args>
      <args> x475 x476 238 </args>
      <args> x481 x482 238 </args>
      <args> x517 x518 238 </args>
      <args> x519 x520 238 </args>
      <args> x555 x556 238 </args>
      <args> x557 x558 238 </args>
      <args> x559 x560 238 </args>
      <args> x561 x562 238 </args>
      <args> x565 x566 238 </args>
      <args> x577 x578 238 </args>
      <args> x579 x580 238 </args>
      <args> x583 x584 238 </args>
      <args> x585 x586 238 </args>
      <args> x587 x588 238 </args>
      <args> x589 x590 238 </args>
      <args> x591 x592 238 </args>
      <args> x593 x594 238 </args>
      <args> x595 x596 238 </args>
      <args> x597 x598 238 </args>
      <args> x599 x600 238 </args>
      <args> x601 x602 238 </args>
      <args> x603 x604 238 </args>
      <args> x605 x606 238 </args>
      <args> x607 x608 238 </args>
      <args> x613 x614 238 </args>
      <args> x615 x616 238 </args>
      <args> x617 x618 238 </args>
      <args> x621 x622 238 </args>
      <args> x625 x626 238 </args>
      <args> x629 x630 238 </args>
      <args> x631 x632 238 </args>
      <args> x633 x634 238 </args>
      <args> x635 x636 238 </args>
      <args> x645 x646 238 </args>
      <args> x651 x652 238 </args>
      <args> x661 x662 238 </args>
      <args> x663 x664 238 </args>
      <args> x665 x666 238 </args>
      <args> x667 x668 238 </args>
      <args> x713 x714 238 </args>
      <args> x717 x718 238 </args>
      <args> x719 x720 238 </args>
      <args> x721 x722 238 </args>
      <args> x723 x724 238 </args>
      <args> x743 x744 238 </args>
      <args> x745 x746 238 </args>
      <args> x747 x748 238 </args>
      <args> x763 x764 238 </args>
      <args> x765 x766 238 </args>
      <args> x767 x768 238 </args>
      <args> x785 x786 238 </args>
      <args> x787 x788 238 </args>
      <args> x789 x790 238 </args>
      <args> x791 x792 238 </args>
      <args> x793 x794 238 </args>
      <args> x795 x796 238 </args>
      <args> x797 x798 238 </args>
      <args> x799 x800 238 </args>
      <args> x801 x802 238 </args>
      <args> x879 x880 238 </args>
    </group>
    <group>
      <intension> gt(dist(%0,%1),%2) </intension>
      <args> x13 x16 84 </args>
      <args> x13 x322 56 </args>
      <args> x13 x323 2 </args>
      <args> x13 x324 56 </args>
      <args> x13 x557 9 </args>
      <args> x13 x558 56 </args>
      <args> x13 x599 11 </args>
      <args> x13 x600 56 </args>
      <args> x13 x665 56 </args>
      <args> x13 x666 7 </args>
      <args> x13 x767 20 </args>
      <args> x13 x768 56 </args>
      <args> x14 x15 84 </args>
      <args> x14 x321 56 </args>
      <args> x14 x324 5 </args>
      <args> x14 x557 56 </args>
      <args> x14 x558 9 </args>
      <args> x14 x599 56 </args>
      <args> x14 x600 11 </args>
      <args> x14 x665 8 </args>
      <args> x14 x666 56 </args>
      <args> x14 x767 56 </args>
      <args> x14 x768 12 </args>
      <args> x15 x321 2 </args>
      <args> x15 x322 56 </args>
      <args> x15 x323 2 </args>
      <args> x15 x324 56 </args>
      <args> x15 x557 9 </args>
      <args> x15 x558 56 </args>
      <args> x15 x599 11 </args>
      <args> x15 x600 56 </args>
      <args> x15 x665 56 </args>
      <args> x15 x666 7 </args>
      <args> x15 x767 20 </args>
      <args> x15 x768 56 </args>
      <args> x16 x321 56 </args>
      <args> x16 x322 5 </args>
      <args> x16 x324 5 </args>
      <args> x16 x557 56 </args>
      <args> x16 x558 9 </args>
      <args> x16 x599 56 </args>
      <args> x16 x600 11 </args>
      <args> x16 x665 8 </args>
      <args> x16 x666 56 </args>
      <args> x16 x767 56 </args>
      <args> x16 x768 12 </args>
      <args> x53 x79 10 </args>
      <args> x53 x80 5 </args>
      <args> x79 x81 11 </args>
      <args> x79 x82 56 </args>
      <args> x80 x81 56 </args>
      <args> x80 x82 4 </args>
      <args> x80 x651 2 </args>
      <args> x80 x790 3 </args>
      <args> x80 x880 3 </args>
      <args> x81 x289 8 </args>
      <args> x82 x290 3 </args>
      <args> x83 x85 59 </args>
      <args> x83 x86 84 </args>
      <args> x83 x613 56 </args>
      <args> x83 x614 4 </args>
      <args> x83 x747 6 </args>
      <args> x83 x748 56 </args>
      <args> x83 x765 42 </args>
      <args> x83 x766 3 </args>
      <args> x84 x85 84 </args>
      <args> x84 x86 59 </args>
      <args> x84 x613 6 </args>
      <args> x84 x614 56 </args>
      <args> x84 x747 56 </args>
      <args> x84 x748 9 </args>
      <args> x84 x765 6 </args>
      <args> x84 x785 4 </args>
      <args> x85 x613 56 </args>
      <args> x85 x614 4 </args>
      <args> x85 x747 6 </args>
      <args> x85 x748 56 </args>
      <args> x85 x765 42 </args>
      <args> x85 x766 3 </args>
      <args> x86 x613 6 </args>
      <args> x86 x614 56 </args>
      <args> x86 x747 56 </args>
      <args> x86 x748 9 </args>
      <args> x86 x765 6 </args>
      <args> x86 x766 56 </args>
      <args> x86 x785 4 </args>
      <args> x127 x129 84 </args>
      <args> x127 x130 59 </args>
      <args> x127 x205 12 </args>
      <args> x127 x206 7 </args>
      <args> x127 x615 10 </args>
      <args> x127 x616 22 </args>
      <args> x127 x618 12 </args>
      <args> x128 x129 59 </args>
      <args> x128 x130 84 </args>
      <args> x128 x205 10 </args>
      <args> x128 x206 14 </args>
      <args> x128 x615 19 </args>
      <args> x128 x616 10 </args>
      <args> x129 x206 10 </args>
      <args> x129 x615 13 </args>
      <args> x130 x205 10 </args>
      <args> x130 x616 15 </args>
      <args> x130 x618 9 </args>
      <args> x130 x667 7 </args>
      <args> x143 x146 84 </args>
      <args> x143 x273 56 </args>
      <args> x143 x274 3 </args>
      <args> x143 x275 56 </args>
      <args> x143 x276 3 </args>
      <args> x143 x277 12 </args>
      <args> x143 x278 56 </args>
      <args> x143 x281 8 </args>
      <args> x143 x282 56 </args>
      <args> x143 x283 8 </args>
      <args> x143 x284 56 </args>
      <args> x143 x341 56 </args>
      <args> x143 x342 9 </args>
      <args> x143 x343 56 </args>
      <args> x143 x344 2 </args>
      <args> x143 x713 12 </args>
      <args> x143 x714 56 </args>
      <args> x143 x717 56 </args>
      <args> x143 x718 3 </args>
      <args> x143 x719 56 </args>
      <args> x143 x720 3 </args>
      <args> x143 x721 59 </args>
      <args> x143 x722 84 </args>
      <args> x143 x724 84 </args>
      <args> x143 x788 9 </args>
      <args> x144 x145 84 </args>
      <args> x144 x273 7 </args>
      <args> x144 x274 56 </args>
      <args> x144 x275 7 </args>
      <args> x144 x276 56 </args>
      <args> x144 x277 56 </args>
      <args> x144 x278 11 </args>
      <args> x144 x281 56 </args>
      <args> x144 x282 8 </args>
      <args> x144 x283 56 </args>
      <args> x144 x284 8 </args>
      <args> x144 x341 7 </args>
      <args> x144 x342 56 </args>
      <args> x144 x343 7 </args>
      <args> x144 x344 56 </args>
      <args> x144 x713 56 </args>
      <args> x144 x714 11 </args>
      <args> x144 x717 7 </args>
      <args> x144 x718 56 </args>
      <args> x144 x719 7 </args>
      <args> x144 x720 56 </args>
      <args> x144 x721 84 </args>
      <args> x144 x722 59 </args>
      <args> x144 x723 84 </args>
      <args> x145 x273 56 </args>
      <args> x145 x274 3 </args>
      <args> x145 x275 56 </args>
      <args> x145 x276 3 </args>
      <args> x145 x277 12 </args>
      <args> x145 x278 56 </args>
      <args> x145 x281 8 </args>
      <args> x145 x282 56 </args>
      <args> x145 x283 8 </args>
      <args> x145 x284 56 </args>
      <args> x145 x341 56 </args>
      <args> x145 x342 9 </args>
      <args> x145 x343 56 </args>
      <args> x145 x344 2 </args>
      <args> x145 x713 12 </args>
      <args> x145 x714 56 </args>
      <args> x145 x717 56 </args>
      <args> x145 x718 3 </args>
      <args> x145 x719 56 </args>
      <args> x145 x720 3 </args>
      <args> x145 x721 59 </args>
      <args> x145 x722 84 </args>
      <args> x145 x724 84 </args>
      <args> x145 x788 9 </args>
      <args> x146 x273 7 </args>
      <args> x146 x274 56 </args>
      <args> x146 x275 7 </args>
      <args> x146 x276 56 </args>
      <args> x146 x277 56 </args>
      <args> x146 x278 11 </args>
      <args> x146 x281 56 </args>
      <args> x146 x282 8 </args>
      <args> x146 x283 56 </args>
      <args> x146 x284 8 </args>
      <args> x146 x341 7 </args>
      <args> x146 x342 56 </args>
      <args> x146 x343 7 </args>
      <args> x146 x344 56 </args>
      <args> x146 x713 56 </args>
      <args> x146 x714 11 </args>
      <args> x146 x717 7 </args>
      <args> x146 x718 56 </args>
      <args> x146 x719 7 </args>
      <args> x146 x720 56 </args>
      <args> x146 x721 84 </args>
      <args> x146 x722 59 </args>
      <args> x146 x723 84 </args>
      <args> x205 x616 12 </args>
      <args> x205 x618 8 </args>
      <args> x206 x615 11 </args>
      <args> x206 x616 8 </args>
      <args> x206 x667 8 </args>
      <args> x233 x235 2 </args>
      <args> x233 x236 56 </args>
      <args> x233 x349 56 </args>
      <args> x233 x350 2 </args>
      <args> x233 x561 56 </args>
      <args> x233 x562 2 </args>
      <args> x233 x577 42 </args>
      <args> x233 x578 2 </args>
      <args> x233 x591 56 </args>
      <args> x233 x592 2 </args>
      <args> x233 x621 56 </args>
      <args> x233 x622 2 </args>
      <args> x233 x801 23 </args>
      <args> x233 x802 56 </args>
      <args> x234 x235 56 </args>
      <args> x234 x236 2 </args>
      <args> x234 x349 2 </args>
      <args> x234 x350 56 </args>
      <args> x234 x561 2 </args>
      <args> x234 x562 56 </args>
      <args> x234 x577 2 </args>
      <args> x234 x578 56 </args>
      <args> x234 x591 2 </args>
      <args> x234 x592 56 </args>
      <args> x234 x621 2 </args>
      <args> x234 x622 56 </args>
      <args> x234 x801 56 </args>
      <args> x234 x802 14 </args>
      <args> x235 x351 2 </args>
      <args> x235 x352 56 </args>
      <args> x236 x351 56 </args>
      <args> x236 x352 2 </args>
      <args> x237 x303 4 </args>
      <args> x237 x304 56 </args>
      <args> x237 x305 3 </args>
      <args> x237 x306 56 </args>
      <args> x237 x349 2 </args>
      <args> x237 x350 56 </args>
      <args> x237 x517 56 </args>
      <args> x237 x518 39 </args>
      <args> x238 x303 56 </args>
      <args> x238 x304 2 </args>
      <args> x238 x305 56 </args>
      <args> x238 x306 2 </args>
      <args> x238 x349 56 </args>
      <args> x238 x350 2 </args>
      <args> x238 x517 39 </args>
      <args> x238 x518 56 </args>
      <args> x261 x435 7 </args>
      <args> x261 x436 4 </args>
      <args> x262 x435 6 </args>
      <args> x262 x436 7 </args>
      <args> x262 x604 5 </args>
      <args> x263 x325 5 </args>
      <args> x263 x326 56 </args>
      <args> x263 x327 5 </args>
      <args> x263 x328 56 </args>
      <args> x263 x743 7 </args>
      <args> x263 x744 56 </args>
      <args> x263 x763 56 </args>
      <args> x263 x764 22 </args>
      <args> x264 x325 56 </args>
      <args> x264 x326 5 </args>
      <args> x264 x327 56 </args>
      <args> x264 x328 5 </args>
      <args> x264 x743 56 </args>
      <args> x264 x744 6 </args>
      <args> x264 x763 31 </args>
      <args> x264 x764 56 </args>
      <args> x265 x267 59 </args>
      <args> x265 x268 84 </args>
      <args> x265 x559 56 </args>
      <args> x265 x560 10 </args>
      <args> x265 x603 7 </args>
      <args> x265 x604 56 </args>
      <args> x265 x645 3 </args>
      <args> x265 x646 2 </args>
      <args> x266 x267 84 </args>
      <args> x266 x268 59 </args>
      <args> x266 x559 8 </args>
      <args> x266 x560 56 </args>
      <args> x266 x586 4 </args>
      <args> x266 x603 56 </args>
      <args> x266 x604 6 </args>
      <args> x266 x645 56 </args>
      <args> x266 x646 4 </args>
      <args> x267 x559 56 </args>
      <args> x267 x560 10 </args>
      <args> x267 x603 7 </args>
      <args> x267 x604 56 </args>
      <args> x267 x645 3 </args>
      <args> x267 x646 2 </args>
      <args> x268 x559 8 </args>
      <args> x268 x560 56 </args>
      <args> x268 x586 3 </args>
      <args> x268 x603 56 </args>
      <args> x268 x604 5 </args>
      <args> x268 x645 56 </args>
      <args> x268 x646 4 </args>
      <args> x269 x272 84 </args>
      <args> x269 x273 8 </args>
      <args> x269 x274 56 </args>
      <args> x269 x275 8 </args>
      <args> x269 x276 56 </args>
      <args> x269 x278 56 </args>
      <args> x269 x291 3 </args>
      <args> x269 x292 56 </args>
      <args> x269 x555 56 </args>
      <args> x269 x556 2 </args>
      <args> x269 x583 56 </args>
      <args> x269 x584 20 </args>
      <args> x269 x608 4 </args>
      <args> x269 x629 12 </args>
      <args> x269 x630 4 </args>
      <args> x269 x714 56 </args>
      <args> x269 x717 8 </args>
      <args> x269 x718 56 </args>
      <args> x269 x719 8 </args>
      <args> x269 x720 56 </args>
      <args> x269 x787 5 </args>
      <args> x270 x271 84 </args>
      <args> x270 x273 56 </args>
      <args> x270 x274 5 </args>
      <args> x270 x275 56 </args>
      <args> x270 x276 5 </args>
      <args> x270 x277 56 </args>
      <args> x270 x291 56 </args>
      <args> x270 x292 3 </args>
      <args> x270 x555 4 </args>
      <args> x270 x556 56 </args>
      <args> x270 x583 6 </args>
      <args> x270 x584 56 </args>
      <args> x270 x608 4 </args>
      <args> x270 x629 5 </args>
      <args> x270 x630 13 </args>
      <args> x270 x713 56 </args>
      <args> x270 x717 56 </args>
      <args> x270 x718 5 </args>
      <args> x270 x719 56 </args>
      <args> x270 x720 5 </args>
      <args> x271 x273 8 </args>
      <args> x271 x274 56 </args>
      <args> x271 x275 8 </args>
      <args> x271 x276 56 </args>
      <args> x271 x278 56 </args>
      <args> x271 x291 4 </args>
      <args> x271 x292 56 </args>
      <args> x271 x555 56 </args>
      <args> x271 x556 2 </args>
      <args> x271 x583 56 </args>
      <args> x271 x584 20 </args>
      <args> x271 x608 4 </args>
      <args> x271 x629 13 </args>
      <args> x271 x630 4 </args>
      <args> x271 x714 56 </args>
      <args> x271 x717 8 </args>
      <args> x271 x718 56 </args>
      <args> x271 x719 8 </args>
      <args> x271 x720 56 </args>
      <args> x271 x787 5 </args>
      <args> x272 x273 56 </args>
      <args> x272 x274 5 </args>
      <args> x272 x275 56 </args>
      <args> x272 x276 5 </args>
      <args> x272 x277 56 </args>
      <args> x272 x291 56 </args>
      <args> x272 x292 3 </args>
      <args> x272 x555 5 </args>
      <args> x272 x556 56 </args>
      <args> x272 x583 6 </args>
      <args> x272 x584 56 </args>
      <args> x272 x608 4 </args>
      <args> x272 x629 5 </args>
      <args> x272 x630 13 </args>
      <args> x272 x713 56 </args>
      <args> x272 x717 56 </args>
      <args> x272 x718 5 </args>
      <args> x272 x719 56 </args>
      <args> x272 x720 5 </args>
      <args> x273 x276 84 </args>
      <args> x273 x277 12 </args>
      <args> x273 x278 56 </args>
      <args> x273 x555 56 </args>
      <args> x273 x556 25 </args>
      <args> x273 x583 56 </args>
      <args> x273 x584 25 </args>
      <args> x273 x607 10 </args>
      <args> x273 x713 12 </args>
      <args> x273 x714 56 </args>
      <args> x273 x718 84 </args>
      <args> x273 x719 59 </args>
      <args> x273 x720 84 </args>
      <args> x273 x721 56 </args>
      <args> x273 x722 7 </args>
      <args> x273 x723 56 </args>
      <args> x273 x724 7 </args>
      <args> x274 x275 84 </args>
      <args> x274 x277 56 </args>
      <args> x274 x278 8 </args>
      <args> x274 x555 25 </args>
      <args> x274 x556 56 </args>
      <args> x274 x583 23 </args>
      <args> x274 x584 56 </args>
      <args> x274 x607 5 </args>
      <args> x274 x608 20 </args>
      <args> x274 x713 56 </args>
      <args> x274 x714 8 </args>
      <args> x274 x717 84 </args>
      <args> x274 x719 84 </args>
      <args> x274 x720 59 </args>
      <args> x274 x721 3 </args>
      <args> x274 x722 56 </args>
      <args> x274 x723 3 </args>
      <args> x274 x724 56 </args>
      <args> x274 x787 4 </args>
      <args> x275 x277 12 </args>
      <args> x275 x278 56 </args>
      <args> x275 x555 56 </args>
      <args> x275 x556 25 </args>
      <args> x275 x583 56 </args>
      <args> x275 x584 25 </args>
      <args> x275 x607 10 </args>
      <args> x275 x713 12 </args>
      <args> x275 x714 56 </args>
      <args> x275 x718 84 </args>
      <args> x275 x719 59 </args>
      <args> x275 x720 84 </args>
      <args> x275 x721 56 </args>
      <args> x275 x722 7 </args>
      <args> x275 x723 56 </args>
      <args> x275 x724 7 </args>
      <args> x276 x277 56 </args>
      <args> x276 x278 8 </args>
      <args> x276 x555 25 </args>
      <args> x276 x556 56 </args>
      <args> x276 x583 23 </args>
      <args> x276 x584 56 </args>
      <args> x276 x607 5 </args>
      <args> x276 x608 20 </args>
      <args> x276 x713 56 </args>
      <args> x276 x714 8 </args>
      <args> x276 x717 84 </args>
      <args> x276 x719 84 </args>
      <args> x276 x720 59 </args>
      <args> x276 x721 3 </args>
      <args> x276 x722 56 </args>
      <args> x276 x723 3 </args>
      <args> x276 x724 56 </args>
      <args> x276 x787 4 </args>
      <args> x277 x281 7 </args>
      <args> x277 x282 56 </args>
      <args> x277 x283 7 </args>
      <args> x277 x284 56 </args>
      <args> x277 x341 56 </args>
      <args> x277 x342 8 </args>
      <args> x277 x343 56 </args>
      <args> x277 x344 2 </args>
      <args> x277 x555 56 </args>
      <args> x277 x556 8 </args>
      <args> x277 x583 56 </args>
      <args> x277 x584 26 </args>
      <args> x277 x714 84 </args>
      <args> x277 x717 12 </args>
      <args> x277 x718 56 </args>
      <args> x277 x719 12 </args>
      <args> x277 x720 56 </args>
      <args> x277 x721 12 </args>
      <args> x277 x722 56 </args>
      <args> x277 x723 12 </args>
      <args> x277 x724 56 </args>
      <args> x278 x281 56 </args>
      <args> x278 x282 5 </args>
      <args> x278 x283 56 </args>
      <args> x278 x284 5 </args>
      <args> x278 x341 4 </args>
      <args> x278 x342 56 </args>
      <args> x278 x343 4 </args>
      <args> x278 x344 56 </args>
      <args> x278 x555 6 </args>
      <args> x278 x556 56 </args>
      <args> x278 x583 21 </args>
      <args> x278 x584 56 </args>
      <args> x278 x607 5 </args>
      <args> x278 x713 84 </args>
      <args> x278 x717 56 </args>
      <args> x278 x718 8 </args>
      <args> x278 x719 56 </args>
      <args> x278 x720 8 </args>
      <args> x278 x721 56 </args>
      <args> x278 x722 11 </args>
      <args> x278 x723 56 </args>
      <args> x278 x724 11 </args>
      <args> x281 x284 84 </args>
      <args> x281 x341 56 </args>
      <args> x281 x343 56 </args>
      <args> x281 x713 7 </args>
      <args> x281 x714 56 </args>
      <args> x281 x721 8 </args>
      <args> x281 x722 56 </args>
      <args> x281 x723 8 </args>
      <args> x281 x724 56 </args>
      <args> x282 x283 84 </args>
      <args> x282 x342 56 </args>
      <args> x282 x344 56 </args>
      <args> x282 x713 56 </args>
      <args> x282 x714 5 </args>
      <args> x282 x721 56 </args>
      <args> x282 x722 8 </args>
      <args> x282 x723 56 </args>
      <args> x282 x724 8 </args>
      <args> x283 x341 56 </args>
      <args> x283 x342 9 </args>
      <args> x283 x343 56 </args>
      <args> x283 x344 2 </args>
      <args> x283 x713 7 </args>
      <args> x283 x714 56 </args>
      <args> x283 x721 8 </args>
      <args> x283 x722 56 </args>
      <args> x283 x723 8 </args>
      <args> x283 x724 56 </args>
      <args> x284 x341 3 </args>
      <args> x284 x342 56 </args>
      <args> x284 x343 3 </args>
      <args> x284 x344 56 </args>
      <args> x284 x584 4 </args>
      <args> x284 x713 56 </args>
      <args> x284 x714 5 </args>
      <args> x284 x721 56 </args>
      <args> x284 x722 8 </args>
      <args> x284 x723 56 </args>
      <args> x284 x724 8 </args>
      <args> x289 x291 3 </args>
      <args> x289 x292 56 </args>
      <args> x289 x790 4 </args>
      <args> x290 x291 56 </args>
      <args> x290 x292 3 </args>
      <args> x290 x767 8 </args>
      <args> x290 x768 6 </args>
      <args> x291 x629 40 </args>
      <args> x291 x630 6 </args>
      <args> x292 x629 6 </args>
      <args> x292 x630 41 </args>
      <args> x303 x305 59 </args>
      <args> x303 x306 84 </args>
      <args> x303 x517 56 </args>
      <args> x303 x518 4 </args>
      <args> x303 x618 3 </args>
      <args> x304 x305 84 </args>
      <args> x304 x306 59 </args>
      <args> x304 x517 3 </args>
      <args> x304 x518 56 </args>
      <args> x305 x517 56 </args>
      <args> x305 x518 4 </args>
      <args> x305 x618 3 </args>
      <args> x306 x517 2 </args>
      <args> x306 x518 56 </args>
      <args> x321 x323 59 </args>
      <args> x321 x324 84 </args>
      <args> x321 x557 5 </args>
      <args> x321 x558 56 </args>
      <args> x321 x594 5 </args>
      <args> x321 x599 5 </args>
      <args> x321 x600 56 </args>
      <args> x321 x631 5 </args>
      <args> x321 x665 56 </args>
      <args> x321 x666 9 </args>
      <args> x321 x767 31 </args>
      <args> x321 x768 56 </args>
      <args> x322 x324 59 </args>
      <args> x322 x557 56 </args>
      <args> x322 x558 6 </args>
      <args> x322 x599 56 </args>
      <args> x322 x600 7 </args>
      <args> x322 x665 8 </args>
      <args> x322 x666 56 </args>
      <args> x322 x767 56 </args>
      <args> x322 x768 20 </args>
      <args> x323 x557 5 </args>
      <args> x323 x558 56 </args>
      <args> x323 x594 5 </args>
      <args> x323 x599 5 </args>
      <args> x323 x600 56 </args>
      <args> x323 x631 5 </args>
      <args> x323 x665 56 </args>
      <args> x323 x666 9 </args>
      <args> x323 x767 31 </args>
      <args> x323 x768 56 </args>
      <args> x324 x557 56 </args>
      <args> x324 x558 6 </args>
      <args> x324 x599 56 </args>
      <args> x324 x600 7 </args>
      <args> x324 x665 8 </args>
      <args> x324 x666 56 </args>
      <args> x324 x767 56 </args>
      <args> x324 x768 19 </args>
      <args> x325 x327 59 </args>
      <args> x325 x328 84 </args>
      <args> x325 x743 6 </args>
      <args> x325 x744 56 </args>
      <args> x325 x763 56 </args>
      <args> x325 x764 7 </args>
      <args> x326 x327 84 </args>
      <args> x326 x328 59 </args>
      <args> x326 x743 56 </args>
      <args> x326 x744 5 </args>
      <args> x326 x763 5 </args>
      <args> x326 x764 56 </args>
      <args> x327 x743 6 </args>
      <args> x327 x744 54 </args>
      <args> x327 x763 56 </args>
      <args> x327 x764 7 </args>
      <args> x328 x743 54 </args>
      <args> x328 x744 5 </args>
      <args> x328 x763 5 </args>
      <args> x328 x764 56 </args>
      <args> x329 x351 56 </args>
      <args> x329 x352 2 </args>
      <args> x329 x591 6 </args>
      <args> x329 x592 56 </args>
      <args> x329 x633 7 </args>
      <args> x329 x634 56 </args>
      <args> x330 x351 2 </args>
      <args> x330 x352 56 </args>
      <args> x330 x566 4 </args>
      <args> x330 x591 56 </args>
      <args> x330 x592 5 </args>
      <args> x330 x601 3 </args>
      <args> x330 x633 56 </args>
      <args> x330 x634 7 </args>
      <args> x330 x635 7 </args>
      <args> x341 x344 84 </args>
      <args> x341 x713 56 </args>
      <args> x341 x714 4 </args>
      <args> x341 x721 56 </args>
      <args> x341 x722 7 </args>
      <args> x341 x723 56 </args>
      <args> x341 x724 7 </args>
      <args> x342 x343 84 </args>
      <args> x342 x713 8 </args>
      <args> x342 x714 56 </args>
      <args> x342 x721 9 </args>
      <args> x342 x722 56 </args>
      <args> x342 x723 9 </args>
      <args> x342 x724 56 </args>
      <args> x343 x713 56 </args>
      <args> x343 x714 4 </args>
      <args> x343 x721 56 </args>
      <args> x343 x722 7 </args>
      <args> x343 x723 56 </args>
      <args> x343 x724 7 </args>
      <args> x344 x713 2 </args>
      <args> x344 x714 56 </args>
      <args> x344 x721 2 </args>
      <args> x344 x722 56 </args>
      <args> x344 x723 2 </args>
      <args> x344 x724 56 </args>
      <args> x349 x517 56 </args>
      <args> x349 x518 2 </args>
      <args> x349 x561 20 </args>
      <args> x349 x562 56 </args>
      <args> x349 x577 2 </args>
      <args> x349 x591 2 </args>
      <args> x349 x592 56 </args>
      <args> x349 x622 56 </args>
      <args> x349 x801 56 </args>
      <args> x349 x802 2 </args>
      <args> x350 x517 2 </args>
      <args> x350 x518 56 </args>
      <args> x350 x561 56 </args>
      <args> x350 x562 7 </args>
      <args> x350 x578 2 </args>
      <args> x350 x591 56 </args>
      <args> x350 x592 2 </args>
      <args> x350 x621 56 </args>
      <args> x350 x801 2 </args>
      <args> x350 x802 56 </args>
      <args> x351 x591 56 </args>
      <args> x351 x592 2 </args>
      <args> x351 x633 56 </args>
      <args> x351 x634 2 </args>
      <args> x352 x591 2 </args>
      <args> x352 x592 56 </args>
      <args> x352 x633 2 </args>
      <args> x352 x634 56 </args>
      <args> x435 x475 2 </args>
      <args> x435 x476 56 </args>
      <args> x435 x481 2 </args>
      <args> x435 x482 56 </args>
      <args> x436 x475 56 </args>
      <args> x436 x476 2 </args>
      <args> x436 x481 56 </args>
      <args> x436 x482 2 </args>
      <args> x475 x481 2 </args>
      <args> x475 x482 56 </args>
      <args> x476 x481 56 </args>
      <args> x476 x482 2 </args>
      <args> x519 x597 56 </args>
      <args> x519 x598 2 </args>
      <args> x520 x597 2 </args>
      <args> x520 x598 56 </args>
      <args> x555 x583 2 </args>
      <args> x555 x584 56 </args>
      <args> x555 x607 56 </args>
      <args> x555 x608 2 </args>
      <args> x555 x713 56 </args>
      <args> x555 x714 6 </args>
      <args> x555 x717 56 </args>
      <args> x555 x718 25 </args>
      <args> x555 x719 56 </args>
      <args> x555 x720 25 </args>
      <args> x555 x787 20 </args>
      <args> x555 x788 56 </args>
      <args> x556 x583 56 </args>
      <args> x556 x584 2 </args>
      <args> x556 x607 2 </args>
      <args> x556 x608 56 </args>
      <args> x556 x713 8 </args>
      <args> x556 x714 56 </args>
      <args> x556 x717 25 </args>
      <args> x556 x718 56 </args>
      <args> x556 x719 25 </args>
      <args> x556 x720 56 </args>
      <args> x556 x787 56 </args>
      <args> x556 x788 2 </args>
      <args> x557 x593 2 </args>
      <args> x557 x594 56 </args>
      <args> x557 x597 2 </args>
      <args> x557 x598 56 </args>
      <args> x557 x599 2 </args>
      <args> x557 x600 56 </args>
      <args> x557 x613 2 </args>
      <args> x557 x614 56 </args>
      <args> x557 x665 84 </args>
      <args> x557 x666 54 </args>
      <args> x557 x767 23 </args>
      <args> x557 x768 56 </args>
      <args> x557 x785 2 </args>
      <args> x557 x786 42 </args>
      <args> x558 x593 56 </args>
      <args> x558 x594 2 </args>
      <args> x558 x597 56 </args>
      <args> x558 x598 2 </args>
      <args> x558 x599 56 </args>
      <args> x558 x600 2 </args>
      <args> x558 x613 56 </args>
      <args> x558 x614 2 </args>
      <args> x558 x665 54 </args>
      <args> x558 x666 84 </args>
      <args> x558 x767 56 </args>
      <args> x558 x768 14 </args>
      <args> x558 x786 2 </args>
      <args> x559 x565 2 </args>
      <args> x559 x566 56 </args>
      <args> x559 x601 56 </args>
      <args> x559 x602 2 </args>
      <args> x559 x603 56 </args>
      <args> x559 x604 2 </args>
      <args> x559 x635 56 </args>
      <args> x559 x636 2 </args>
      <args> x560 x565 56 </args>
      <args> x560 x566 2 </args>
      <args> x560 x601 2 </args>
      <args> x560 x602 56 </args>
      <args> x560 x603 2 </args>
      <args> x560 x604 56 </args>
      <args> x560 x635 2 </args>
      <args> x560 x636 56 </args>
      <args> x561 x577 2 </args>
      <args> x561 x578 56 </args>
      <args> x561 x591 2 </args>
      <args> x561 x592 56 </args>
      <args> x561 x605 2 </args>
      <args> x561 x606 56 </args>
      <args> x561 x621 2 </args>
      <args> x561 x622 56 </args>
      <args> x561 x801 56 </args>
      <args> x561 x802 2 </args>
      <args> x562 x577 42 </args>
      <args> x562 x578 2 </args>
      <args> x562 x591 56 </args>
      <args> x562 x592 2 </args>
      <args> x562 x605 56 </args>
      <args> x562 x606 2 </args>
      <args> x562 x621 56 </args>
      <args> x562 x622 2 </args>
      <args> x562 x801 2 </args>
      <args> x562 x802 56 </args>
      <args> x565 x585 42 </args>
      <args> x565 x586 2 </args>
      <args> x565 x587 6 </args>
      <args> x565 x588 42 </args>
      <args> x565 x601 56 </args>
      <args> x565 x602 2 </args>
      <args> x565 x635 56 </args>
      <args> x565 x636 40 </args>
      <args> x565 x745 2 </args>
      <args> x565 x746 56 </args>
      <args> x565 x767 8 </args>
      <args> x565 x768 10 </args>
      <args> x566 x585 2 </args>
      <args> x566 x586 56 </args>
      <args> x566 x587 56 </args>
      <args> x566 x588 2 </args>
      <args> x566 x601 2 </args>
      <args> x566 x602 56 </args>
      <args> x566 x635 23 </args>
      <args> x566 x636 56 </args>
      <args> x566 x645 1 </args>
      <args> x566 x745 56 </args>
      <args> x566 x746 2 </args>
      <args> x577 x591 2 </args>
      <args> x577 x592 42 </args>
      <args> x577 x621 2 </args>
      <args> x577 x801 42 </args>
      <args> x577 x802 9 </args>
      <args> x578 x591 56 </args>
      <args> x578 x592 2 </args>
      <args> x578 x622 2 </args>
      <args> x578 x801 11 </args>
      <args> x579 x621 2 </args>
      <args> x579 x622 56 </args>
      <args> x579 x625 56 </args>
      <args> x579 x626 2 </args>
      <args> x579 x800 7 </args>
      <args> x580 x621 42 </args>
      <args> x580 x622 2 </args>
      <args> x580 x625 2 </args>
      <args> x580 x626 42 </args>
      <args> x583 x607 2 </args>
      <args> x583 x608 56 </args>
      <args> x583 x713 56 </args>
      <args> x583 x714 21 </args>
      <args> x583 x717 56 </args>
      <args> x583 x718 23 </args>
      <args> x583 x719 56 </args>
      <args> x583 x720 23 </args>
      <args> x584 x607 56 </args>
      <args> x584 x608 2 </args>
      <args> x584 x713 26 </args>
      <args> x584 x714 56 </args>
      <args> x584 x717 25 </args>
      <args> x584 x718 56 </args>
      <args> x584 x719 25 </args>
      <args> x584 x720 56 </args>
      <args> x585 x587 42 </args>
      <args> x585 x588 2 </args>
      <args> x585 x745 42 </args>
      <args> x585 x746 2 </args>
      <args> x586 x587 2 </args>
      <args> x586 x588 42 </args>
      <args> x586 x745 2 </args>
      <args> x586 x767 7 </args>
      <args> x586 x768 8 </args>
      <args> x587 x745 10 </args>
      <args> x587 x746 56 </args>
      <args> x587 x767 10 </args>
      <args> x588 x745 42 </args>
      <args> x588 x746 9 </args>
      <args> x589 x595 42 </args>
      <args> x589 x596 8 </args>
      <args> x589 x617 42 </args>
      <args> x589 x618 6 </args>
      <args> x590 x595 7 </args>
      <args> x590 x596 56 </args>
      <args> x590 x617 7 </args>
      <args> x591 x621 2 </args>
      <args> x591 x622 56 </args>
      <args> x591 x633 2 </args>
      <args> x591 x634 56 </args>
      <args> x591 x767 7 </args>
      <args> x591 x801 56 </args>
      <args> x591 x802 2 </args>
      <args> x592 x621 56 </args>
      <args> x592 x622 2 </args>
      <args> x592 x633 56 </args>
      <args> x592 x634 2 </args>
      <args> x592 x801 2 </args>
      <args> x592 x802 56 </args>
      <args> x593 x597 2 </args>
      <args> x593 x598 56 </args>
      <args> x593 x613 2 </args>
      <args> x593 x614 56 </args>
      <args> x593 x631 56 </args>
      <args> x593 x632 2 </args>
      <args> x593 x665 56 </args>
      <args> x593 x666 9 </args>
      <args> x593 x767 10 </args>
      <args> x593 x785 2 </args>
      <args> x593 x786 42 </args>
      <args> x594 x597 56 </args>
      <args> x594 x598 2 </args>
      <args> x594 x613 56 </args>
      <args> x594 x614 2 </args>
      <args> x594 x631 2 </args>
      <args> x594 x632 56 </args>
      <args> x594 x665 9 </args>
      <args> x594 x666 56 </args>
      <args> x594 x767 13 </args>
      <args> x594 x768 12 </args>
      <args> x594 x785 56 </args>
      <args> x594 x786 2 </args>
      <args> x595 x601 2 </args>
      <args> x595 x602 56 </args>
      <args> x595 x617 2 </args>
      <args> x595 x618 56 </args>
      <args> x596 x601 56 </args>
      <args> x596 x602 2 </args>
      <args> x596 x617 56 </args>
      <args> x596 x618 2 </args>
      <args> x597 x613 2 </args>
      <args> x597 x614 56 </args>
      <args> x597 x665 56 </args>
      <args> x597 x666 9 </args>
      <args> x597 x767 10 </args>
      <args> x597 x768 11 </args>
      <args> x597 x785 2 </args>
      <args> x597 x786 42 </args>
      <args> x598 x613 56 </args>
      <args> x598 x614 2 </args>
      <args> x598 x665 9 </args>
      <args> x598 x666 56 </args>
      <args> x598 x768 10 </args>
      <args> x598 x785 56 </args>
      <args> x598 x786 2 </args>
      <args> x599 x665 56 </args>
      <args> x599 x666 11 </args>
      <args> x599 x745 56 </args>
      <args> x599 x746 2 </args>
      <args> x599 x767 27 </args>
      <args> x599 x768 56 </args>
      <args> x600 x665 10 </args>
      <args> x600 x666 56 </args>
      <args> x600 x745 2 </args>
      <args> x600 x746 56 </args>
      <args> x600 x767 56 </args>
      <args> x600 x768 17 </args>
      <args> x601 x635 2 </args>
      <args> x601 x636 56 </args>
      <args> x602 x635 56 </args>
      <args> x602 x636 2 </args>
      <args> x607 x714 5 </args>
      <args> x607 x717 10 </args>
      <args> x607 x718 5 </args>
      <args> x607 x719 10 </args>
      <args> x607 x720 5 </args>
      <args> x607 x787 56 </args>
      <args> x607 x788 2 </args>
      <args> x608 x718 20 </args>
      <args> x608 x720 20 </args>
      <args> x608 x787 2 </args>
      <args> x608 x788 56 </args>
      <args> x613 x665 56 </args>
      <args> x613 x666 2 </args>
      <args> x613 x747 56 </args>
      <args> x613 x748 2 </args>
      <args> x613 x765 2 </args>
      <args> x613 x766 56 </args>
      <args> x613 x768 8 </args>
      <args> x613 x785 28 </args>
      <args> x613 x786 42 </args>
      <args> x614 x665 2 </args>
      <args> x614 x666 56 </args>
      <args> x614 x747 2 </args>
      <args> x614 x748 56 </args>
      <args> x614 x765 42 </args>
      <args> x614 x766 2 </args>
      <args> x614 x767 8 </args>
      <args> x614 x768 10 </args>
      <args> x614 x785 56 </args>
      <args> x614 x786 25 </args>
      <args> x615 x617 2 </args>
      <args> x615 x618 56 </args>
      <args> x615 x667 8 </args>
      <args> x616 x617 56 </args>
      <args> x616 x618 2 </args>
      <args> x616 x667 12 </args>
      <args> x618 x667 7 </args>
      <args> x621 x625 56 </args>
      <args> x621 x626 2 </args>
      <args> x621 x801 56 </args>
      <args> x621 x802 2 </args>
      <args> x622 x625 2 </args>
      <args> x622 x626 56 </args>
      <args> x622 x801 23 </args>
      <args> x622 x802 56 </args>
      <args> x629 x631 2 </args>
      <args> x629 x632 56 </args>
      <args> x629 x768 10 </args>
      <args> x630 x631 56 </args>
      <args> x630 x632 2 </args>
      <args> x630 x768 9 </args>
      <args> x631 x767 13 </args>
      <args> x631 x768 12 </args>
      <args> x632 x767 14 </args>
      <args> x633 x635 2 </args>
      <args> x633 x636 56 </args>
      <args> x633 x767 8 </args>
      <args> x634 x635 56 </args>
      <args> x634 x636 2 </args>
      <args> x634 x767 7 </args>
      <args> x636 x767 7 </args>
      <args> x645 x661 2 </args>
      <args> x645 x662 3 </args>
      <args> x646 x661 2 </args>
      <args> x646 x662 28 </args>
      <args> x663 x743 2 </args>
      <args> x663 x747 56 </args>
      <args> x663 x748 5 </args>
      <args> x664 x743 28 </args>
      <args> x664 x744 2 </args>
      <args> x664 x747 10 </args>
      <args> x664 x748 28 </args>
      <args> x665 x767 56 </args>
      <args> x665 x768 12 </args>
      <args> x665 x786 7 </args>
      <args> x666 x767 20 </args>
      <args> x666 x768 56 </args>
      <args> x666 x785 8 </args>
      <args> x713 x717 12 </args>
      <args> x713 x718 56 </args>
      <args> x713 x719 12 </args>
      <args> x713 x720 56 </args>
      <args> x713 x721 12 </args>
      <args> x713 x722 56 </args>
      <args> x713 x723 12 </args>
      <args> x713 x724 56 </args>
      <args> x714 x717 56 </args>
      <args> x714 x718 8 </args>
      <args> x714 x719 56 </args>
      <args> x714 x720 8 </args>
      <args> x714 x721 56 </args>
      <args> x714 x722 11 </args>
      <args> x714 x723 56 </args>
      <args> x714 x724 11 </args>
      <args> x717 x719 59 </args>
      <args> x717 x720 84 </args>
      <args> x717 x721 56 </args>
      <args> x717 x722 7 </args>
      <args> x717 x723 56 </args>
      <args> x717 x724 7 </args>
      <args> x718 x719 84 </args>
      <args> x718 x720 59 </args>
      <args> x718 x721 3 </args>
      <args> x718 x722 56 </args>
      <args> x718 x723 3 </args>
      <args> x718 x724 56 </args>
      <args> x718 x787 4 </args>
      <args> x719 x721 56 </args>
      <args> x719 x722 7 </args>
      <args> x719 x723 56 </args>
      <args> x719 x724 7 </args>
      <args> x720 x721 3 </args>
      <args> x720 x722 56 </args>
      <args> x720 x723 3 </args>
      <args> x720 x724 56 </args>
      <args> x720 x787 4 </args>
      <args> x721 x723 59 </args>
      <args> x721 x724 84 </args>
      <args> x721 x788 9 </args>
      <args> x722 x723 84 </args>
      <args> x722 x724 59 </args>
      <args> x723 x788 9 </args>
      <args> x743 x747 56 </args>
      <args> x743 x748 2 </args>
      <args> x743 x763 56 </args>
      <args> x743 x764 2 </args>
      <args> x744 x747 2 </args>
      <args> x744 x748 56 </args>
      <args> x744 x763 2 </args>
      <args> x744 x764 56 </args>
      <args> x745 x767 10 </args>
      <args> x746 x767 10 </args>
      <args> x746 x768 10 </args>
      <args> x747 x765 42 </args>
      <args> x747 x766 13 </args>
      <args> x747 x767 8 </args>
      <args> x747 x768 9 </args>
      <args> x748 x765 13 </args>
      <args> x748 x766 56 </args>
      <args> x765 x767 7 </args>
      <args> x767 x785 9 </args>
      <args> x767 x786 9 </args>
      <args> x767 x790 10 </args>
      <args> x767 x791 10 </args>
      <args> x767 x792 8 </args>
      <args> x767 x793 8 </args>
      <args> x767 x794 7 </args>
      <args> x767 x795 7 </args>
      <args> x767 x799 8 </args>
      <args> x767 x800 8 </args>
      <args> x767 x802 8 </args>
      <args> x768 x785 10 </args>
      <args> x768 x788 7 </args>
      <args> x768 x789 9 </args>
      <args> x768 x790 8 </args>
      <args> x768 x792 7 </args>
      <args> x768 x793 7 </args>
      <args> x768 x798 8 </args>
      <args> x768 x799 7 </args>
      <args> x768 x800 9 </args>
      <args> x768 x802 9 </args>
      <args> x787 x789 56 </args>
      <args> x787 x790 2 </args>
      <args> x788 x789 2 </args>
      <args> x788 x790 56 </args>
      <args> x789 x791 56 </args>
      <args> x789 x792 2 </args>
      <args> x790 x791 2 </args>
      <args> x790 x792 56 </args>
      <args> x791 x793 56 </args>
      <args> x791 x794 2 </args>
      <args> x792 x793 2 </args>
      <args> x792 x794 56 </args>
      <args> x793 x795 56 </args>
      <args> x793 x796 2 </args>
      <args> x794 x795 2 </args>
      <args> x794 x796 56 </args>
      <args> x795 x797 56 </args>
      <args> x795 x798 2 </args>
      <args> x796 x797 2 </args>
      <args> x796 x798 56 </args>
      <args> x797 x799 56 </args>
      <args> x797 x800 2 </args>
      <args> x798 x799 2 </args>
      <args> x798 x800 56 </args>
      <args> x799 x801 2 </args>
      <args> x799 x802 56 </args>
      <args> x800 x801 56 </args>
      <args> x800 x802 2 </args>
    </group>
  </constraints>
</instance>
