<instance format="XCSP3" type="CSP">
  <variables>
    <var id="x1"> 30 44 58 72 86 100 114 128 142 156 268 282 296 310 324 338 352 366 380 394 414 428 442 456 470 484 498 512 526 540 554 652 666 680 694 708 722 736 750 764 778 792 </var>
    <var as="x1" id="x2"/>
    <var as="x1" id="x3"/>
    <var as="x1" id="x4"/>
    <var id="x5"> 16 30 58 86 114 142 254 268 296 324 352 380 414 442 470 498 526 554 652 680 708 736 764 792 </var>
    <var as="x5" id="x6"/>
    <var as="x1" id="x7"/>
    <var as="x1" id="x8"/>
    <var as="x1" id="x9"/>
    <var as="x1" id="x10"/>
    <var as="x1" id="x11"/>
    <var as="x1" id="x12"/>
    <var id="x13"> 16 30 44 58 72 86 100 114 128 142 156 254 268 282 296 310 324 338 352 366 380 394 414 428 442 456 470 484 498 512 526 540 554 652 666 680 694 708 722 736 750 764 778 792 </var>
    <var as="x13" id="x14"/>
    <var id="x15"> 16 30 44 58 72 86 100 114 128 142 156 254 268 282 296 310 324 338 352 366 380 394 </var>
    <var as="x15" id="x16"/>
    <var as="x5" id="x17"/>
    <var as="x5" id="x18"/>
    <var as="x13" id="x19"/>
    <var as="x13" id="x20"/>
    <var as="x5" id="x21"/>
    <var as="x5" id="x22"/>
    <var as="x15" id="x23"/>
    <var as="x15" id="x24"/>
    <var as="x1" id="x25"/>
    <var as="x1" id="x26"/>
    <var as="x1" id="x27"/>
    <var as="x1" id="x28"/>
    <var as="x13" id="x29"/>
    <var as="x13" id="x30"/>
    <var as="x15" id="x31"/>
    <var as="x15" id="x32"/>
    <var id="x33"> 30 44 58 72 86 100 114 128 142 268 282 296 310 324 338 352 366 380 428 442 456 470 484 498 512 526 540 666 680 694 708 722 736 750 764 778 </var>
    <var as="x33" id="x34"/>
    <var as="x1" id="x35"/>
    <var as="x1" id="x36"/>
    <var as="x1" id="x37"/>
    <var as="x1" id="x38"/>
    <var as="x5" id="x39"/>
    <var as="x5" id="x40"/>
    <var as="x13" id="x41"/>
    <var as="x13" id="x42"/>
    <var as="x33" id="x43"/>
    <var as="x33" id="x44"/>
    <var as="x13" id="x45"/>
    <var as="x13" id="x46"/>
    <var as="x33" id="x47"/>
    <var as="x33" id="x48"/>
    <var as="x33" id="x49"/>
    <var as="x33" id="x50"/>
    <var as="x33" id="x51"/>
    <var as="x33" id="x52"/>
    <var as="x1" id="x53"/>
    <var as="x1" id="x54"/>
    <var as="x33" id="x55"/>
    <var as="x33" id="x56"/>
    <var as="x33" id="x57"/>
    <var as="x33" id="x58"/>
    <var as="x13" id="x59"/>
    <var as="x13" id="x60"/>
    <var as="x33" id="x61"/>
    <var as="x33" id="x62"/>
    <var as="x13" id="x63"/>
    <var as="x13" id="x64"/>
    <var as="x13" id="x65"/>
    <var as="x13" id="x66"/>
    <var as="x1" id="x67"/>
    <var as="x1" id="x68"/>
    <var as="x33" id="x69"/>
    <var as="x33" id="x70"/>
    <var as="x1" id="x71"/>
    <var as="x1" id="x72"/>
    <var as="x1" id="x73"/>
    <var as="x1" id="x74"/>
    <var as="x13" id="x75"/>
    <var as="x13" id="x76"/>
    <var as="x33" id="x77"/>
    <var as="x33" id="x78"/>
    <var as="x13" id="x79"/>
    <var as="x13" id="x80"/>
    <var as="x33" id="x81"/>
    <var as="x33" id="x82"/>
    <var as="x33" id="x83"/>
    <var as="x33" id="x84"/>
    <var as="x13" id="x85"/>
    <var as="x13" id="x86"/>
    <var as="x13" id="x87"/>
    <var as="x13" id="x88"/>
    <var as="x1" id="x89"/>
    <var as="x1" id="x90"/>
    <var as="x13" id="x91"/>
    <var as="x13" id="x92"/>
    <var as="x33" id="x93"/>
    <var as="x33" id="x94"/>
    <var id="x95"> 142 170 240 380 408 478 </var>
    <var as="x95" id="x96"/>
    <var as="x33" id="x97"/>
    <var as="x33" id="x98"/>
    <var as="x33" id="x99"/>
    <var as="x33" id="x100"/>
    <var as="x13" id="x101"/>
    <var as="x13" id="x102"/>
    <var as="x1" id="x103"/>
    <var as="x1" id="x104"/>
    <var as="x33" id="x105"/>
    <var as="x33" id="x106"/>
    <var as="x1" id="x107"/>
    <var as="x1" id="x108"/>
    <var as="x1" id="x109"/>
    <var as="x1" id="x110"/>
    <var as="x13" id="x111"/>
    <var as="x13" id="x112"/>
    <var as="x13" id="x113"/>
    <var as="x13" id="x114"/>
    <var as="x13" id="x115"/>
    <var as="x13" id="x116"/>
    <var as="x1" id="x117"/>
    <var as="x1" id="x118"/>
    <var as="x33" id="x119"/>
    <var as="x33" id="x120"/>
    <var as="x13" id="x121"/>
    <var as="x13" id="x122"/>
    <var as="x13" id="x123"/>
    <var as="x13" id="x124"/>
    <var as="x1" id="x125"/>
    <var as="x1" id="x126"/>
    <var as="x1" id="x127"/>
    <var as="x1" id="x128"/>
    <var as="x13" id="x129"/>
    <var as="x13" id="x130"/>
    <var as="x1" id="x131"/>
    <var as="x1" id="x132"/>
    <var as="x1" id="x133"/>
    <var as="x1" id="x134"/>
    <var as="x1" id="x135"/>
    <var as="x1" id="x136"/>
    <var as="x13" id="x137"/>
    <var as="x13" id="x138"/>
    <var as="x33" id="x139"/>
    <var as="x33" id="x140"/>
    <var as="x1" id="x141"/>
    <var as="x1" id="x142"/>
    <var as="x13" id="x143"/>
    <var as="x13" id="x144"/>
    <var as="x33" id="x145"/>
    <var as="x33" id="x146"/>
    <var as="x1" id="x147"/>
    <var as="x1" id="x148"/>
    <var as="x33" id="x149"/>
    <var as="x33" id="x150"/>
    <var as="x33" id="x151"/>
    <var as="x33" id="x152"/>
    <var as="x13" id="x153"/>
    <var as="x13" id="x154"/>
    <var as="x33" id="x155"/>
    <var as="x33" id="x156"/>
    <var as="x13" id="x157"/>
    <var as="x13" id="x158"/>
    <var as="x13" id="x159"/>
    <var as="x13" id="x160"/>
    <var as="x1" id="x161"/>
    <var as="x1" id="x162"/>
    <var as="x13" id="x163"/>
    <var as="x13" id="x164"/>
    <var as="x33" id="x165"/>
    <var as="x33" id="x166"/>
    <var as="x13" id="x167"/>
    <var as="x13" id="x168"/>
    <var as="x13" id="x169"/>
    <var as="x13" id="x170"/>
    <var as="x33" id="x171"/>
    <var as="x33" id="x172"/>
    <var as="x33" id="x173"/>
    <var as="x33" id="x174"/>
    <var as="x1" id="x175"/>
    <var as="x1" id="x176"/>
    <var as="x33" id="x177"/>
    <var as="x33" id="x178"/>
    <var as="x1" id="x179"/>
    <var as="x1" id="x180"/>
    <var as="x13" id="x181"/>
    <var as="x13" id="x182"/>
    <var as="x33" id="x183"/>
    <var as="x33" id="x184"/>
    <var as="x1" id="x185"/>
    <var as="x1" id="x186"/>
    <var as="x13" id="x187"/>
    <var as="x13" id="x188"/>
    <var as="x33" id="x189"/>
    <var as="x33" id="x190"/>
    <var as="x13" id="x191"/>
    <var as="x13" id="x192"/>
    <var as="x13" id="x193"/>
    <var as="x13" id="x194"/>
    <var as="x33" id="x195"/>
    <var as="x33" id="x196"/>
    <var as="x33" id="x197"/>
    <var as="x33" id="x198"/>
    <var as="x33" id="x199"/>
    <var as="x33" id="x200"/>
  </variables>
  <constraints>
    <group>
      <intension> eq(dist(%0,%1),%2) </intension>
      <args> x1 x2 238 </args>
      <args> x3 x4 238 </args>
      <args> x5 x6 238 </args>
      <args> x7 x8 238 </args>
      <args> x9 x10 238 </args>
      <args> x11 x12 238 </args>
      <args> x13 x14 238 </args>
      <args> x15 x16 238 </args>
      <args> x17 x18 238 </args>
      <args> x19 x20 238 </args>
      <args> x21 x22 238 </args>
      <args> x23 x24 238 </args>
      <args> x25 x26 238 </args>
      <args> x27 x28 238 </args>
      <args> x29 x30 238 </args>
      <args> x31 x32 238 </args>
      <args> x33 x34 238 </args>
      <args> x35 x36 238 </args>
      <args> x37 x38 238 </args>
      <args> x39 x40 238 </args>
      <args> x41 x42 238 </args>
      <args> x43 x44 238 </args>
      <args> x45 x46 238 </args>
      <args> x47 x48 238 </args>
      <args> x49 x50 238 </args>
      <args> x51 x52 238 </args>
      <args> x53 x54 238 </args>
      <args> x55 x56 238 </args>
      <args> x57 x58 238 </args>
      <args> x59 x60 238 </args>
      <args> x61 x62 238 </args>
      <args> x63 x64 238 </args>
      <args> x65 x66 238 </args>
      <args> x67 x68 238 </args>
      <args> x69 x70 238 </args>
      <args> x71 x72 238 </args>
      <args> x73 x74 238 </args>
      <args> x75 x76 238 </args>
      <args> x77 x78 238 </args>
      <args> x79 x80 238 </args>
      <args> x81 x82 238 </args>
      <args> x83 x84 238 </args>
      <args> x85 x86 238 </args>
      <args> x87 x88 238 </args>
      <args> x89 x90 238 </args>
      <args> x91 x92 238 </args>
      <args> x93 x94 238 </args>
      <args> x95 x96 238 </args>
      <args> x97 x98 238 </args>
      <args> x99 x100 238 </args>
      <args> x101 x102 238 </args>
      <args> x103 x104 238 </args>
      <args> x105 x106 238 </args>
      <args> x107 x108 238 </args>
      <args> x109 x110 238 </args>
      <args> x111 x112 238 </args>
      <args> x113 x114 238 </args>
      <args> x115 x116 238 </args>
      <args> x117 x118 238 </args>
      <args> x119 x120 238 </args>
      <args> x121 x122 238 </args>
      <args> x123 x124 238 </args>
      <args> x125 x126 238 </args>
      <args> x127 x128 238 </args>
      <args> x129 x130 238 </args>
      <args> x131 x132 238 </args>
      <args> x133 x134 238 </args>
      <args> x135 x136 238 </args>
      <args> x137 x138 238 </args>
      <args> x139 x140 238 </args>
      <args> x141 x142 238 </args>
      <args> x143 x144 238 </args>
      <args> x145 x146 238 </args>
      <args> x147 x148 238 </args>
      <args> x149 x150 238 </args>
      <args> x151 x152 238 </args>
      <args> x153 x154 238 </args>
      <args> x155 x156 238 </args>
      <args> x157 x158 238 </args>
      <args> x159 x160 238 </args>
      <args> x161 x162 238 </args>
      <args> x163 x164 238 </args>
      <args> x165 x166 238 </args>
      <args> x167 x168 238 </args>
      <args> x169 x170 238 </args>
      <args> x171 x172 238 </args>
      <args> x173 x174 238 </args>
      <args> x175 x176 238 </args>
      <args> x177 x178 238 </args>
      <args> x179 x180 238 </args>
      <args> x181 x182 238 </args>
      <args> x183 x184 238 </args>
      <args> x185 x186 238 </args>
      <args> x187 x188 238 </args>
      <args> x189 x190 238 </args>
      <args> x191 x192 238 </args>
      <args> x193 x194 238 </args>
      <args> x195 x196 238 </args>
      <args> x197 x198 238 </args>
      <args> x199 x200 238 </args>
    </group>
    <group>
      <intension> gt(dist(%0,%1),%2) </intension>
      <args> x1 x5 41 </args>
      <args> x1 x6 274 </args>
      <args> x1 x19 39 </args>
      <args> x1 x20 193 </args>
      <args> x1 x199 67 </args>
      <args> x1 x200 165 </args>
      <args> x2 x5 192 </args>
      <args> x2 x6 36 </args>
      <args> x2 x19 274 </args>
      <args> x2 x20 41 </args>
      <args> x2 x199 303 </args>
      <args> x2 x200 66 </args>
      <args> x3 x45 78 </args>
      <args> x3 x47 52 </args>
      <args> x3 x48 180 </args>
      <args> x3 x51 10 </args>
      <args> x3 x52 222 </args>
      <args> x3 x63 124 </args>
      <args> x3 x64 106 </args>
      <args> x3 x184 179 </args>
      <args> x4 x45 301 </args>
      <args> x4 x46 80 </args>
      <args> x4 x47 290 </args>
      <args> x4 x48 52 </args>
      <args> x4 x51 248 </args>
      <args> x4 x52 13 </args>
      <args> x4 x63 321 </args>
      <args> x4 x64 121 </args>
      <args> x4 x84 108 </args>
      <args> x4 x183 293 </args>
      <args> x4 x184 51 </args>
      <args> x5 x19 79 </args>
      <args> x5 x20 150 </args>
      <args> x5 x199 108 </args>
      <args> x5 x200 121 </args>
      <args> x6 x19 300 </args>
      <args> x6 x20 83 </args>
      <args> x6 x199 344 </args>
      <args> x6 x200 108 </args>
      <args> x7 x33 94 </args>
      <args> x7 x34 134 </args>
      <args> x7 x37 69 </args>
      <args> x7 x38 166 </args>
      <args> x7 x41 121 </args>
      <args> x7 x42 107 </args>
      <args> x7 x97 111 </args>
      <args> x7 x98 122 </args>
      <args> x7 x105 51 </args>
      <args> x7 x106 177 </args>
      <args> x7 x197 12 </args>
      <args> x7 x198 223 </args>
      <args> x8 x33 321 </args>
      <args> x8 x42 124 </args>
      <args> x8 x97 325 </args>
      <args> x8 x98 107 </args>
      <args> x8 x105 292 </args>
      <args> x8 x106 53 </args>
      <args> x8 x197 247 </args>
      <args> x8 x198 10 </args>
      <args> x9 x13 81 </args>
      <args> x9 x14 151 </args>
      <args> x9 x57 53 </args>
      <args> x9 x58 178 </args>
      <args> x9 x89 66 </args>
      <args> x9 x90 164 </args>
      <args> x9 x191 124 </args>
      <args> x9 x192 109 </args>
      <args> x9 x195 96 </args>
      <args> x9 x196 136 </args>
      <args> x10 x13 310 </args>
      <args> x10 x14 80 </args>
      <args> x10 x57 293 </args>
      <args> x10 x58 52 </args>
      <args> x10 x89 306 </args>
      <args> x10 x90 66 </args>
      <args> x10 x111 322 </args>
      <args> x10 x112 122 </args>
      <args> x10 x192 124 </args>
      <args> x10 x195 324 </args>
      <args> x11 x13 79 </args>
      <args> x11 x14 148 </args>
      <args> x11 x23 53 </args>
      <args> x11 x24 177 </args>
      <args> x11 x27 40 </args>
      <args> x11 x28 195 </args>
      <args> x11 x29 24 </args>
      <args> x11 x30 205 </args>
      <args> x11 x79 125 </args>
      <args> x11 x80 109 </args>
      <args> x11 x127 65 </args>
      <args> x11 x128 165 </args>
      <args> x12 x23 293 </args>
      <args> x12 x24 52 </args>
      <args> x12 x27 279 </args>
      <args> x12 x28 39 </args>
      <args> x12 x29 265 </args>
      <args> x12 x30 25 </args>
      <args> x12 x31 250 </args>
      <args> x12 x32 10 </args>
      <args> x12 x79 308 </args>
      <args> x12 x80 120 </args>
      <args> x12 x127 303 </args>
      <args> x12 x128 64 </args>
      <args> x13 x57 25 </args>
      <args> x13 x58 264 </args>
      <args> x13 x69 22 </args>
      <args> x13 x70 207 </args>
      <args> x13 x89 10 </args>
      <args> x13 x191 37 </args>
      <args> x13 x192 193 </args>
      <args> x13 x195 9 </args>
      <args> x14 x57 207 </args>
      <args> x14 x79 279 </args>
      <args> x14 x80 38 </args>
      <args> x14 x89 219 </args>
      <args> x14 x90 10 </args>
      <args> x14 x192 40 </args>
      <args> x14 x195 247 </args>
      <args> x14 x196 8 </args>
      <args> x15 x70 149 </args>
      <args> x15 x73 23 </args>
      <args> x15 x77 69 </args>
      <args> x15 x85 94 </args>
      <args> x15 x86 139 </args>
      <args> x15 x117 22 </args>
      <args> x15 x118 260 </args>
      <args> x15 x133 36 </args>
      <args> x15 x134 195 </args>
      <args> x16 x69 318 </args>
      <args> x16 x70 81 </args>
      <args> x16 x73 206 </args>
      <args> x16 x77 300 </args>
      <args> x16 x78 64 </args>
      <args> x16 x85 306 </args>
      <args> x16 x86 97 </args>
      <args> x16 x127 275 </args>
      <args> x16 x128 39 </args>
      <args> x16 x133 275 </args>
      <args> x17 x35 25 </args>
      <args> x17 x36 265 </args>
      <args> x17 x39 94 </args>
      <args> x17 x40 137 </args>
      <args> x17 x47 27 </args>
      <args> x17 x48 207 </args>
      <args> x17 x91 97 </args>
      <args> x17 x187 50 </args>
      <args> x17 x188 176 </args>
      <args> x18 x47 265 </args>
      <args> x18 x48 27 </args>
      <args> x18 x91 326 </args>
      <args> x18 x92 93 </args>
      <args> x18 x152 65 </args>
      <args> x18 x157 300 </args>
      <args> x18 x158 93 </args>
      <args> x18 x187 291 </args>
      <args> x18 x188 54 </args>
      <args> x19 x199 24 </args>
      <args> x19 x200 206 </args>
      <args> x20 x199 260 </args>
      <args> x20 x200 27 </args>
      <args> x21 x29 92 </args>
      <args> x21 x30 304 </args>
      <args> x21 x31 110 </args>
      <args> x21 x32 326 </args>
      <args> x21 x141 81 </args>
      <args> x21 x142 321 </args>
      <args> x21 x193 41 </args>
      <args> x21 x194 278 </args>
      <args> x22 x31 120 </args>
      <args> x22 x32 108 </args>
      <args> x22 x81 162 </args>
      <args> x22 x117 108 </args>
      <args> x22 x118 124 </args>
      <args> x22 x141 151 </args>
      <args> x22 x142 82 </args>
      <args> x22 x193 195 </args>
      <args> x22 x194 36 </args>
      <args> x23 x27 9 </args>
      <args> x23 x28 246 </args>
      <args> x23 x29 25 </args>
      <args> x23 x30 260 </args>
      <args> x23 x79 67 </args>
      <args> x23 x80 165 </args>
      <args> x23 x119 41 </args>
      <args> x23 x120 192 </args>
      <args> x23 x127 12 </args>
      <args> x23 x128 223 </args>
      <args> x24 x27 219 </args>
      <args> x24 x28 8 </args>
      <args> x24 x29 204 </args>
      <args> x24 x30 22 </args>
      <args> x24 x49 293 </args>
      <args> x24 x50 53 </args>
      <args> x24 x79 303 </args>
      <args> x24 x80 69 </args>
      <args> x24 x127 250 </args>
      <args> x24 x128 13 </args>
      <args> x25 x53 39 </args>
      <args> x25 x54 274 </args>
      <args> x25 x61 13 </args>
      <args> x25 x62 223 </args>
      <args> x25 x65 39 </args>
      <args> x25 x66 194 </args>
      <args> x25 x93 64 </args>
      <args> x25 x94 164 </args>
      <args> x25 x119 53 </args>
      <args> x25 x120 178 </args>
      <args> x25 x153 81 </args>
      <args> x25 x154 148 </args>
      <args> x26 x53 191 </args>
      <args> x26 x54 36 </args>
      <args> x26 x65 274 </args>
      <args> x26 x66 40 </args>
      <args> x26 x93 303 </args>
      <args> x26 x94 67 </args>
      <args> x26 x119 288 </args>
      <args> x26 x120 53 </args>
      <args> x26 x153 310 </args>
      <args> x26 x154 80 </args>
      <args> x26 x163 218 </args>
      <args> x26 x164 11 </args>
      <args> x27 x29 11 </args>
      <args> x27 x30 249 </args>
      <args> x27 x69 68 </args>
      <args> x27 x70 164 </args>
      <args> x27 x79 81 </args>
      <args> x27 x80 151 </args>
      <args> x27 x127 26 </args>
      <args> x27 x128 204 </args>
      <args> x28 x29 222 </args>
      <args> x28 x30 12 </args>
      <args> x28 x79 301 </args>
      <args> x28 x80 79 </args>
      <args> x28 x127 264 </args>
      <args> x28 x128 22 </args>
      <args> x28 x197 207 </args>
      <args> x28 x198 22 </args>
      <args> x29 x33 68 </args>
      <args> x29 x34 162 </args>
      <args> x29 x79 93 </args>
      <args> x29 x80 137 </args>
      <args> x29 x127 36 </args>
      <args> x29 x128 194 </args>
      <args> x30 x79 320 </args>
      <args> x30 x80 97 </args>
      <args> x30 x85 304 </args>
      <args> x30 x86 94 </args>
      <args> x30 x127 276 </args>
      <args> x30 x128 37 </args>
      <args> x31 x81 36 </args>
      <args> x31 x82 195 </args>
      <args> x31 x141 25 </args>
      <args> x31 x193 68 </args>
      <args> x31 x194 164 </args>
      <args> x32 x81 278 </args>
      <args> x32 x82 41 </args>
      <args> x32 x117 220 </args>
      <args> x32 x127 290 </args>
      <args> x32 x128 52 </args>
      <args> x32 x141 263 </args>
      <args> x32 x142 26 </args>
      <args> x33 x35 92 </args>
      <args> x33 x36 329 </args>
      <args> x33 x41 22 </args>
      <args> x33 x42 207 </args>
      <args> x33 x98 222 </args>
      <args> x33 x106 277 </args>
      <args> x33 x197 79 </args>
      <args> x34 x42 26 </args>
      <args> x34 x71 134 </args>
      <args> x34 x72 95 </args>
      <args> x34 x97 251 </args>
      <args> x34 x98 11 </args>
      <args> x34 x197 149 </args>
      <args> x34 x198 81 </args>
      <args> x35 x39 121 </args>
      <args> x35 x40 108 </args>
      <args> x35 x47 52 </args>
      <args> x35 x48 179 </args>
      <args> x35 x92 107 </args>
      <args> x35 x151 92 </args>
      <args> x35 x152 139 </args>
      <args> x35 x187 79 </args>
      <args> x35 x188 153 </args>
      <args> x36 x47 292 </args>
      <args> x36 x48 50 </args>
      <args> x36 x92 121 </args>
      <args> x36 x151 305 </args>
      <args> x36 x152 96 </args>
      <args> x36 x187 315 </args>
      <args> x36 x188 78 </args>
      <args> x37 x67 25 </args>
      <args> x37 x121 37 </args>
      <args> x37 x122 274 </args>
      <args> x37 x135 68 </args>
      <args> x37 x167 51 </args>
      <args> x37 x168 176 </args>
      <args> x37 x187 12 </args>
      <args> x37 x188 222 </args>
      <args> x37 x189 38 </args>
      <args> x38 x68 26 </args>
      <args> x38 x121 192 </args>
      <args> x38 x122 41 </args>
      <args> x38 x167 292 </args>
      <args> x38 x190 39 </args>
      <args> x38 x195 262 </args>
      <args> x38 x196 26 </args>
      <args> x39 x95 124 </args>
      <args> x39 x96 321 </args>
      <args> x39 x99 23 </args>
      <args> x39 x100 264 </args>
      <args> x39 x115 38 </args>
      <args> x39 x116 274 </args>
      <args> x39 x117 123 </args>
      <args> x39 x118 344 </args>
      <args> x39 x139 68 </args>
      <args> x39 x140 301 </args>
      <args> x39 x145 13 </args>
      <args> x40 x95 110 </args>
      <args> x40 x100 27 </args>
      <args> x40 x115 192 </args>
      <args> x40 x116 40 </args>
      <args> x40 x139 166 </args>
      <args> x40 x140 69 </args>
      <args> x40 x145 221 </args>
      <args> x41 x47 69 </args>
      <args> x41 x48 301 </args>
      <args> x41 x97 13 </args>
      <args> x41 x98 248 </args>
      <args> x41 x105 68 </args>
      <args> x41 x197 106 </args>
      <args> x41 x198 321 </args>
      <args> x42 x97 222 </args>
      <args> x42 x98 11 </args>
      <args> x42 x197 121 </args>
      <args> x42 x198 107 </args>
      <args> x43 x108 251 </args>
      <args> x43 x123 65 </args>
      <args> x43 x124 165 </args>
      <args> x43 x129 22 </args>
      <args> x43 x130 260 </args>
      <args> x43 x161 8 </args>
      <args> x43 x162 218 </args>
      <args> x43 x167 68 </args>
      <args> x43 x168 166 </args>
      <args> x43 x185 50 </args>
      <args> x43 x186 288 </args>
      <args> x44 x107 222 </args>
      <args> x44 x123 302 </args>
      <args> x44 x124 64 </args>
      <args> x44 x127 249 </args>
      <args> x44 x128 10 </args>
      <args> x44 x130 23 </args>
      <args> x44 x161 251 </args>
      <args> x44 x162 10 </args>
      <args> x44 x185 177 </args>
      <args> x45 x51 65 </args>
      <args> x45 x52 300 </args>
      <args> x45 x64 193 </args>
      <args> x45 x83 24 </args>
      <args> x45 x167 37 </args>
      <args> x45 x168 193 </args>
      <args> x45 x183 23 </args>
      <args> x45 x184 260 </args>
      <args> x46 x51 167 </args>
      <args> x46 x52 68 </args>
      <args> x46 x61 204 </args>
      <args> x46 x62 26 </args>
      <args> x46 x64 37 </args>
      <args> x46 x83 265 </args>
      <args> x46 x84 24 </args>
      <args> x46 x184 22 </args>
      <args> x47 x51 38 </args>
      <args> x47 x52 278 </args>
      <args> x47 x91 65 </args>
      <args> x47 x92 162 </args>
      <args> x47 x151 38 </args>
      <args> x47 x152 195 </args>
      <args> x47 x187 27 </args>
      <args> x47 x188 205 </args>
      <args> x48 x91 302 </args>
      <args> x48 x137 208 </args>
      <args> x48 x138 24 </args>
      <args> x48 x152 38 </args>
      <args> x48 x188 24 </args>
      <args> x49 x55 9 </args>
      <args> x49 x59 83 </args>
      <args> x49 x60 308 </args>
      <args> x49 x102 218 </args>
      <args> x49 x115 26 </args>
      <args> x49 x116 264 </args>
      <args> x49 x131 108 </args>
      <args> x49 x132 326 </args>
      <args> x49 x155 55 </args>
      <args> x49 x156 293 </args>
      <args> x50 x55 223 </args>
      <args> x50 x56 9 </args>
      <args> x50 x59 150 </args>
      <args> x50 x101 246 </args>
      <args> x50 x102 10 </args>
      <args> x50 x131 124 </args>
      <args> x50 x132 106 </args>
      <args> x50 x155 178 </args>
      <args> x50 x156 51 </args>
      <args> x51 x59 9 </args>
      <args> x51 x60 219 </args>
      <args> x51 x64 123 </args>
      <args> x51 x83 95 </args>
      <args> x51 x183 39 </args>
      <args> x52 x63 337 </args>
      <args> x52 x64 109 </args>
      <args> x52 x83 305 </args>
      <args> x52 x84 94 </args>
      <args> x52 x127 293 </args>
      <args> x52 x128 52 </args>
      <args> x52 x183 274 </args>
      <args> x53 x65 78 </args>
      <args> x53 x66 150 </args>
      <args> x53 x93 110 </args>
      <args> x53 x94 121 </args>
      <args> x53 x119 94 </args>
      <args> x53 x120 135 </args>
      <args> x53 x153 122 </args>
      <args> x53 x154 110 </args>
      <args> x54 x65 319 </args>
      <args> x54 x66 78 </args>
      <args> x54 x85 354 </args>
      <args> x54 x86 124 </args>
      <args> x54 x93 345 </args>
      <args> x54 x94 109 </args>
      <args> x54 x119 322 </args>
      <args> x54 x120 93 </args>
      <args> x54 x153 329 </args>
      <args> x54 x154 120 </args>
      <args> x55 x59 65 </args>
      <args> x55 x102 206 </args>
      <args> x55 x131 92 </args>
      <args> x55 x132 313 </args>
      <args> x55 x155 41 </args>
      <args> x55 x171 78 </args>
      <args> x55 x172 312 </args>
      <args> x56 x59 163 </args>
      <args> x56 x101 260 </args>
      <args> x56 x102 23 </args>
      <args> x56 x131 139 </args>
      <args> x56 x145 248 </args>
      <args> x56 x146 8 </args>
      <args> x56 x155 191 </args>
      <args> x56 x156 40 </args>
      <args> x57 x89 9 </args>
      <args> x57 x90 223 </args>
      <args> x57 x145 53 </args>
      <args> x57 x146 179 </args>
      <args> x57 x191 65 </args>
      <args> x57 x195 39 </args>
      <args> x58 x90 11 </args>
      <args> x58 x135 176 </args>
      <args> x58 x136 50 </args>
      <args> x58 x192 66 </args>
      <args> x58 x195 277 </args>
      <args> x58 x196 38 </args>
      <args> x59 x101 97 </args>
      <args> x59 x102 135 </args>
      <args> x59 x156 206 </args>
      <args> x59 x173 68 </args>
      <args> x59 x174 162 </args>
      <args> x60 x101 328 </args>
      <args> x60 x131 205 </args>
      <args> x60 x132 23 </args>
      <args> x60 x139 260 </args>
      <args> x60 x140 24 </args>
      <args> x60 x155 260 </args>
      <args> x61 x125 52 </args>
      <args> x61 x126 288 </args>
      <args> x61 x141 12 </args>
      <args> x61 x142 250 </args>
      <args> x61 x149 38 </args>
      <args> x61 x150 275 </args>
      <args> x61 x157 68 </args>
      <args> x61 x158 166 </args>
      <args> x61 x173 36 </args>
      <args> x61 x174 192 </args>
      <args> x61 x175 12 </args>
      <args> x61 x176 246 </args>
      <args> x62 x125 181 </args>
      <args> x62 x126 53 </args>
      <args> x62 x149 195 </args>
      <args> x62 x150 38 </args>
      <args> x62 x157 305 </args>
      <args> x62 x158 66 </args>
      <args> x62 x173 277 </args>
      <args> x62 x174 40 </args>
      <args> x62 x175 222 </args>
      <args> x62 x176 12 </args>
      <args> x63 x83 11 </args>
      <args> x63 x84 250 </args>
      <args> x63 x183 67 </args>
      <args> x63 x185 124 </args>
      <args> x63 x186 349 </args>
      <args> x64 x84 11 </args>
      <args> x65 x73 78 </args>
      <args> x65 x74 315 </args>
      <args> x65 x93 25 </args>
      <args> x65 x94 204 </args>
      <args> x65 x119 10 </args>
      <args> x65 x120 220 </args>
      <args> x65 x153 40 </args>
      <args> x65 x154 193 </args>
      <args> x66 x93 261 </args>
      <args> x66 x94 25 </args>
      <args> x66 x119 249 </args>
      <args> x66 x120 9 </args>
      <args> x66 x153 277 </args>
      <args> x66 x154 39 </args>
      <args> x67 x121 13 </args>
      <args> x67 x122 250 </args>
      <args> x67 x135 41 </args>
      <args> x67 x136 277 </args>
      <args> x67 x167 83 </args>
      <args> x67 x168 150 </args>
      <args> x67 x190 166 </args>
      <args> x68 x121 223 </args>
      <args> x68 x122 10 </args>
      <args> x68 x131 194 </args>
      <args> x68 x132 39 </args>
      <args> x68 x135 194 </args>
      <args> x68 x136 39 </args>
      <args> x68 x167 305 </args>
      <args> x68 x168 82 </args>
      <args> x68 x190 69 </args>
      <args> x69 x73 108 </args>
      <args> x69 x74 302 </args>
      <args> x69 x75 25 </args>
      <args> x69 x76 261 </args>
      <args> x69 x78 247 </args>
      <args> x69 x134 278 </args>
      <args> x70 x73 123 </args>
      <args> x70 x74 111 </args>
      <args> x70 x77 218 </args>
      <args> x70 x78 9 </args>
      <args> x70 x86 13 </args>
      <args> x70 x134 41 </args>
      <args> x71 x113 122 </args>
      <args> x71 x114 109 </args>
      <args> x71 x137 27 </args>
      <args> x71 x138 204 </args>
      <args> x71 x159 82 </args>
      <args> x71 x165 54 </args>
      <args> x71 x166 178 </args>
      <args> x71 x169 9 </args>
      <args> x71 x170 222 </args>
      <args> x71 x172 221 </args>
      <args> x72 x113 325 </args>
      <args> x72 x114 124 </args>
      <args> x72 x137 264 </args>
      <args> x72 x138 26 </args>
      <args> x72 x159 302 </args>
      <args> x72 x165 290 </args>
      <args> x72 x171 251 </args>
      <args> x72 x172 8 </args>
      <args> x73 x77 92 </args>
      <args> x73 x78 135 </args>
      <args> x73 x83 109 </args>
      <args> x73 x84 121 </args>
      <args> x73 x86 109 </args>
      <args> x73 x133 67 </args>
      <args> x73 x134 165 </args>
      <args> x74 x77 319 </args>
      <args> x74 x78 97 </args>
      <args> x74 x85 336 </args>
      <args> x74 x86 124 </args>
      <args> x74 x133 301 </args>
      <args> x75 x83 22 </args>
      <args> x75 x84 205 </args>
      <args> x75 x103 83 </args>
      <args> x75 x104 302 </args>
      <args> x75 x111 37 </args>
      <args> x75 x112 193 </args>
      <args> x75 x147 9 </args>
      <args> x75 x148 248 </args>
      <args> x75 x169 69 </args>
      <args> x75 x170 301 </args>
      <args> x75 x181 52 </args>
      <args> x75 x182 293 </args>
      <args> x76 x103 148 </args>
      <args> x76 x104 78 </args>
      <args> x76 x107 192 </args>
      <args> x76 x108 38 </args>
      <args> x76 x111 275 </args>
      <args> x76 x112 39 </args>
      <args> x76 x147 222 </args>
      <args> x76 x148 10 </args>
      <args> x76 x169 163 </args>
      <args> x76 x170 65 </args>
      <args> x76 x181 180 </args>
      <args> x76 x182 53 </args>
      <args> x77 x79 26 </args>
      <args> x77 x80 208 </args>
      <args> x77 x85 26 </args>
      <args> x77 x134 260 </args>
      <args> x78 x85 262 </args>
      <args> x78 x133 206 </args>
      <args> x78 x134 27 </args>
      <args> x79 x127 50 </args>
      <args> x79 x128 289 </args>
      <args> x80 x127 176 </args>
      <args> x80 x128 53 </args>
      <args> x80 x143 193 </args>
      <args> x80 x144 36 </args>
      <args> x81 x117 52 </args>
      <args> x81 x118 292 </args>
      <args> x81 x141 9 </args>
      <args> x81 x142 247 </args>
      <args> x81 x193 24 </args>
      <args> x81 x194 207 </args>
      <args> x81 x195 37 </args>
      <args> x81 x196 190 </args>
      <args> x82 x193 264 </args>
      <args> x82 x194 24 </args>
      <args> x82 x195 275 </args>
      <args> x82 x196 39 </args>
      <args> x83 x185 111 </args>
      <args> x83 x186 308 </args>
      <args> x84 x184 51 </args>
      <args> x85 x93 9 </args>
      <args> x85 x94 248 </args>
      <args> x85 x133 51 </args>
      <args> x85 x134 292 </args>
      <args> x86 x133 179 </args>
      <args> x86 x134 51 </args>
      <args> x87 x109 123 </args>
      <args> x87 x110 321 </args>
      <args> x87 x143 39 </args>
      <args> x87 x144 276 </args>
      <args> x87 x163 92 </args>
      <args> x87 x164 306 </args>
      <args> x87 x177 22 </args>
      <args> x87 x178 260 </args>
      <args> x87 x179 51 </args>
      <args> x87 x180 293 </args>
      <args> x88 x109 111 </args>
      <args> x88 x110 124 </args>
      <args> x88 x143 191 </args>
      <args> x88 x144 37 </args>
      <args> x88 x163 135 </args>
      <args> x88 x164 93 </args>
      <args> x88 x177 204 </args>
      <args> x88 x178 23 </args>
      <args> x88 x179 179 </args>
      <args> x88 x180 55 </args>
      <args> x89 x191 51 </args>
      <args> x89 x192 177 </args>
      <args> x89 x196 207 </args>
      <args> x90 x191 289 </args>
      <args> x90 x192 55 </args>
      <args> x90 x195 264 </args>
      <args> x90 x196 26 </args>
      <args> x91 x127 53 </args>
      <args> x91 x128 291 </args>
      <args> x91 x151 22 </args>
      <args> x91 x152 262 </args>
      <args> x91 x187 37 </args>
      <args> x91 x188 278 </args>
      <args> x92 x152 23 </args>
      <args> x92 x185 110 </args>
      <args> x92 x186 120 </args>
      <args> x92 x187 194 </args>
      <args> x92 x188 40 </args>
      <args> x93 x119 11 </args>
      <args> x93 x120 251 </args>
      <args> x93 x121 81 </args>
      <args> x93 x122 303 </args>
      <args> x93 x153 13 </args>
      <args> x93 x154 219 </args>
      <args> x94 x119 222 </args>
      <args> x94 x120 11 </args>
      <args> x94 x121 153 </args>
      <args> x94 x122 83 </args>
      <args> x94 x153 251 </args>
      <args> x94 x154 9 </args>
      <args> x95 x100 139 </args>
      <args> x95 x105 51 </args>
      <args> x95 x106 181 </args>
      <args> x95 x139 51 </args>
      <args> x95 x140 181 </args>
      <args> x95 x145 107 </args>
      <args> x96 x99 315 </args>
      <args> x96 x100 97 </args>
      <args> x96 x115 309 </args>
      <args> x96 x139 288 </args>
      <args> x96 x140 50 </args>
      <args> x96 x145 343 </args>
      <args> x96 x146 108 </args>
      <args> x97 x105 51 </args>
      <args> x97 x106 289 </args>
      <args> x97 x129 81 </args>
      <args> x97 x130 320 </args>
      <args> x98 x105 176 </args>
      <args> x98 x106 55 </args>
      <args> x98 x197 139 </args>
      <args> x99 x115 12 </args>
      <args> x99 x116 249 </args>
      <args> x99 x139 38 </args>
      <args> x99 x140 277 </args>
      <args> x99 x145 10 </args>
      <args> x99 x146 221 </args>
      <args> x100 x115 222 </args>
      <args> x100 x139 195 </args>
      <args> x100 x140 36 </args>
      <args> x100 x145 249 </args>
      <args> x100 x197 152 </args>
      <args> x100 x198 83 </args>
      <args> x101 x131 122 </args>
      <args> x101 x155 69 </args>
      <args> x102 x131 109 </args>
      <args> x102 x155 163 </args>
      <args> x102 x156 67 </args>
      <args> x103 x111 125 </args>
      <args> x103 x112 109 </args>
      <args> x103 x119 92 </args>
      <args> x103 x120 134 </args>
      <args> x103 x147 67 </args>
      <args> x103 x148 164 </args>
      <args> x103 x169 13 </args>
      <args> x103 x170 222 </args>
      <args> x103 x181 26 </args>
      <args> x103 x182 204 </args>
      <args> x104 x111 352 </args>
      <args> x104 x112 125 </args>
      <args> x104 x147 307 </args>
      <args> x104 x148 67 </args>
      <args> x104 x169 248 </args>
      <args> x104 x170 8 </args>
      <args> x104 x181 260 </args>
      <args> x104 x182 22 </args>
      <args> x105 x171 40 </args>
      <args> x105 x172 277 </args>
      <args> x105 x197 37 </args>
      <args> x105 x198 278 </args>
      <args> x106 x197 192 </args>
      <args> x106 x198 39 </args>
      <args> x107 x117 36 </args>
      <args> x107 x118 278 </args>
      <args> x107 x123 82 </args>
      <args> x107 x129 10 </args>
      <args> x107 x130 246 </args>
      <args> x107 x161 23 </args>
      <args> x107 x162 205 </args>
      <args> x107 x185 37 </args>
      <args> x107 x186 278 </args>
      <args> x108 x129 221 </args>
      <args> x108 x155 251 </args>
      <args> x108 x156 11 </args>
      <args> x108 x161 261 </args>
      <args> x108 x162 24 </args>
      <args> x108 x185 195 </args>
      <args> x109 x143 83 </args>
      <args> x109 x144 151 </args>
      <args> x109 x163 24 </args>
      <args> x109 x164 205 </args>
      <args> x109 x177 94 </args>
      <args> x109 x178 137 </args>
      <args> x109 x179 65 </args>
      <args> x109 x180 167 </args>
      <args> x110 x143 315 </args>
      <args> x110 x144 81 </args>
      <args> x110 x163 261 </args>
      <args> x110 x164 27 </args>
      <args> x110 x177 327 </args>
      <args> x110 x178 94 </args>
      <args> x110 x179 304 </args>
      <args> x110 x180 69 </args>
      <args> x111 x147 53 </args>
      <args> x111 x148 290 </args>
      <args> x111 x155 66 </args>
      <args> x111 x156 300 </args>
      <args> x111 x169 106 </args>
      <args> x111 x170 329 </args>
      <args> x111 x181 92 </args>
      <args> x111 x182 301 </args>
      <args> x112 x147 177 </args>
      <args> x112 x148 50 </args>
      <args> x112 x163 134 </args>
      <args> x112 x164 93 </args>
      <args> x112 x169 125 </args>
      <args> x112 x170 107 </args>
      <args> x112 x181 139 </args>
      <args> x112 x182 96 </args>
      <args> x113 x125 125 </args>
      <args> x113 x126 341 </args>
      <args> x113 x138 314 </args>
      <args> x113 x159 39 </args>
      <args> x113 x160 278 </args>
      <args> x113 x165 65 </args>
      <args> x113 x172 335 </args>
      <args> x114 x137 135 </args>
      <args> x114 x138 97 </args>
      <args> x114 x139 166 </args>
      <args> x114 x140 68 </args>
      <args> x114 x159 195 </args>
      <args> x114 x160 37 </args>
      <args> x114 x166 64 </args>
      <args> x114 x172 109 </args>
      <args> x115 x139 24 </args>
      <args> x115 x140 261 </args>
      <args> x115 x145 23 </args>
      <args> x115 x146 205 </args>
      <args> x116 x139 207 </args>
      <args> x116 x140 27 </args>
      <args> x116 x145 262 </args>
      <args> x116 x146 25 </args>
      <args> x117 x141 41 </args>
      <args> x117 x142 192 </args>
      <args> x117 x194 150 </args>
      <args> x118 x141 277 </args>
      <args> x118 x193 317 </args>
      <args> x119 x153 22 </args>
      <args> x119 x154 208 </args>
      <args> x120 x153 263 </args>
      <args> x120 x154 26 </args>
      <args> x121 x135 22 </args>
      <args> x121 x136 261 </args>
      <args> x121 x167 94 </args>
      <args> x121 x168 134 </args>
      <args> x121 x177 65 </args>
      <args> x121 x178 163 </args>
      <args> x121 x189 83 </args>
      <args> x121 x190 149 </args>
      <args> x122 x135 209 </args>
      <args> x122 x136 23 </args>
      <args> x122 x168 94 </args>
      <args> x122 x189 300 </args>
      <args> x123 x129 96 </args>
      <args> x123 x161 50 </args>
      <args> x123 x185 120 </args>
      <args> x123 x186 308 </args>
      <args> x124 x129 134 </args>
      <args> x124 x130 95 </args>
      <args> x124 x149 124 </args>
      <args> x124 x150 110 </args>
      <args> x124 x161 177 </args>
      <args> x124 x185 110 </args>
      <args> x125 x149 10 </args>
      <args> x125 x150 221 </args>
      <args> x125 x157 122 </args>
      <args> x125 x158 108 </args>
      <args> x125 x173 92 </args>
      <args> x125 x174 134 </args>
      <args> x125 x175 37 </args>
      <args> x125 x176 190 </args>
      <args> x126 x149 247 </args>
      <args> x126 x150 11 </args>
      <args> x126 x157 339 </args>
      <args> x126 x158 122 </args>
      <args> x126 x163 264 </args>
      <args> x126 x164 25 </args>
      <args> x126 x173 308 </args>
      <args> x126 x174 96 </args>
      <args> x126 x175 276 </args>
      <args> x126 x176 36 </args>
      <args> x128 x197 180 </args>
      <args> x128 x198 51 </args>
      <args> x129 x149 10 </args>
      <args> x129 x150 250 </args>
      <args> x129 x161 38 </args>
      <args> x129 x162 191 </args>
      <args> x129 x185 24 </args>
      <args> x129 x186 263 </args>
      <args> x130 x161 277 </args>
      <args> x130 x162 41 </args>
      <args> x130 x186 24 </args>
      <args> x131 x137 23 </args>
      <args> x131 x138 207 </args>
      <args> x131 x156 178 </args>
      <args> x132 x155 290 </args>
      <args> x132 x156 53 </args>
      <args> x134 x145 275 </args>
      <args> x134 x146 39 </args>
      <args> x135 x167 123 </args>
      <args> x135 x168 111 </args>
      <args> x135 x190 121 </args>
      <args> x136 x167 319 </args>
      <args> x136 x168 125 </args>
      <args> x136 x189 338 </args>
      <args> x136 x195 325 </args>
      <args> x136 x196 92 </args>
      <args> x137 x159 52 </args>
      <args> x137 x165 23 </args>
      <args> x137 x166 207 </args>
      <args> x137 x171 9 </args>
      <args> x137 x172 247 </args>
      <args> x137 x183 25 </args>
      <args> x137 x184 209 </args>
      <args> x138 x159 293 </args>
      <args> x138 x160 55 </args>
      <args> x138 x165 265 </args>
      <args> x138 x166 23 </args>
      <args> x138 x172 11 </args>
      <args> x139 x146 179 </args>
      <args> x140 x145 293 </args>
      <args> x141 x193 38 </args>
      <args> x141 x194 190 </args>
      <args> x142 x193 279 </args>
      <args> x142 x194 36 </args>
      <args> x143 x163 50 </args>
      <args> x143 x164 291 </args>
      <args> x143 x177 13 </args>
      <args> x143 x178 219 </args>
      <args> x143 x179 11 </args>
      <args> x143 x180 248 </args>
      <args> x144 x163 180 </args>
      <args> x144 x164 50 </args>
      <args> x144 x177 247 </args>
      <args> x144 x178 9 </args>
      <args> x144 x179 223 </args>
      <args> x144 x180 11 </args>
      <args> x146 x183 177 </args>
      <args> x146 x184 50 </args>
      <args> x147 x169 51 </args>
      <args> x147 x170 292 </args>
      <args> x147 x181 41 </args>
      <args> x147 x182 278 </args>
      <args> x148 x169 177 </args>
      <args> x148 x170 52 </args>
      <args> x148 x181 193 </args>
      <args> x148 x182 39 </args>
      <args> x149 x157 107 </args>
      <args> x149 x158 124 </args>
      <args> x149 x173 80 </args>
      <args> x149 x174 150 </args>
      <args> x149 x175 27 </args>
      <args> x149 x176 206 </args>
      <args> x150 x157 327 </args>
      <args> x150 x158 110 </args>
      <args> x150 x173 315 </args>
      <args> x150 x174 81 </args>
      <args> x150 x175 263 </args>
      <args> x150 x176 26 </args>
      <args> x151 x169 79 </args>
      <args> x151 x170 301 </args>
      <args> x151 x187 11 </args>
      <args> x151 x188 251 </args>
      <args> x152 x187 223 </args>
      <args> x152 x188 11 </args>
      <args> x153 x173 26 </args>
      <args> x153 x174 260 </args>
      <args> x154 x177 207 </args>
      <args> x154 x178 27 </args>
      <args> x156 x177 277 </args>
      <args> x156 x178 38 </args>
      <args> x157 x173 23 </args>
      <args> x157 x174 261 </args>
      <args> x157 x175 81 </args>
      <args> x157 x176 300 </args>
      <args> x158 x173 206 </args>
      <args> x158 x174 22 </args>
      <args> x158 x175 153 </args>
      <args> x158 x176 79 </args>
      <args> x159 x165 26 </args>
      <args> x159 x166 262 </args>
      <args> x159 x171 67 </args>
      <args> x159 x172 303 </args>
      <args> x160 x166 26 </args>
      <args> x160 x171 162 </args>
      <args> x161 x169 53 </args>
      <args> x161 x170 290 </args>
      <args> x161 x185 67 </args>
      <args> x161 x186 303 </args>
      <args> x162 x185 163 </args>
      <args> x162 x186 67 </args>
      <args> x163 x177 64 </args>
      <args> x163 x178 165 </args>
      <args> x163 x179 38 </args>
      <args> x163 x180 195 </args>
      <args> x163 x197 12 </args>
      <args> x163 x198 246 </args>
      <args> x164 x177 302 </args>
      <args> x164 x178 65 </args>
      <args> x164 x179 275 </args>
      <args> x164 x180 39 </args>
      <args> x165 x169 36 </args>
      <args> x165 x170 274 </args>
      <args> x165 x171 38 </args>
      <args> x165 x172 277 </args>
      <args> x167 x169 106 </args>
      <args> x167 x170 317 </args>
      <args> x167 x189 12 </args>
      <args> x167 x190 250 </args>
      <args> x168 x189 220 </args>
      <args> x168 x197 122 </args>
      <args> x168 x198 111 </args>
      <args> x169 x173 78 </args>
      <args> x169 x174 150 </args>
      <args> x169 x181 8 </args>
      <args> x169 x182 221 </args>
      <args> x170 x181 248 </args>
      <args> x170 x182 11 </args>
      <args> x172 x185 222 </args>
      <args> x172 x186 12 </args>
      <args> x173 x175 54 </args>
      <args> x173 x176 293 </args>
      <args> x174 x175 180 </args>
      <args> x174 x176 52 </args>
      <args> x176 x197 209 </args>
      <args> x176 x198 27 </args>
      <args> x177 x179 23 </args>
      <args> x177 x180 261 </args>
      <args> x178 x179 206 </args>
      <args> x178 x180 25 </args>
      <args> x180 x195 262 </args>
      <args> x180 x196 24 </args>
      <args> x182 x183 264 </args>
      <args> x182 x184 23 </args>
      <args> x184 x193 265 </args>
      <args> x184 x194 25 </args>
      <args> x186 x193 319 </args>
      <args> x186 x194 78 </args>
      <args> x188 x189 264 </args>
      <args> x188 x190 27 </args>
      <args> x189 x197 97 </args>
      <args> x189 x198 321 </args>
      <args> x190 x191 251 </args>
      <args> x190 x192 13 </args>
      <args> x191 x193 40 </args>
      <args> x191 x194 278 </args>
      <args> x191 x196 261 </args>
      <args> x192 x195 205 </args>
      <args> x192 x196 25 </args>
      <args> x194 x195 248 </args>
      <args> x194 x196 10 </args>
      <args> x196 x197 151 </args>
      <args> x196 x198 80 </args>
      <args> x198 x199 301 </args>
      <args> x198 x200 97 </args>
    </group>
  </constraints>
</instance>
