<instance format="XCSP3" type="CSP">
  <variables>
    <var id="x13"> 16 30 44 58 72 86 100 114 128 142 156 254 268 282 296 310 324 338 352 366 380 394 414 428 442 456 470 484 498 512 526 540 554 652 666 680 694 708 722 736 750 764 </var>
    <var as="x13" id="x14"/>
    <var as="x13" id="x15"/>
    <var as="x13" id="x16"/>
    <var as="x13" id="x53"/>
    <var as="x13" id="x54"/>
    <var as="x13" id="x79"/>
    <var as="x13" id="x80"/>
    <var as="x13" id="x81"/>
    <var as="x13" id="x82"/>
    <var as="x13" id="x83"/>
    <var as="x13" id="x84"/>
    <var as="x13" id="x85"/>
    <var as="x13" id="x86"/>
    <var as="x13" id="x143"/>
    <var as="x13" id="x144"/>
    <var as="x13" id="x145"/>
    <var as="x13" id="x146"/>
    <var as="x13" id="x215"/>
    <var as="x13" id="x216"/>
    <var id="x233"> 30 44 58 72 86 100 114 128 142 268 282 296 310 324 338 352 366 380 428 442 456 470 484 498 512 526 540 666 680 694 708 722 736 750 764 </var>
    <var as="x233" id="x234"/>
    <var as="x233" id="x235"/>
    <var as="x233" id="x236"/>
    <var as="x233" id="x237"/>
    <var as="x233" id="x238"/>
    <var as="x13" id="x261"/>
    <var as="x13" id="x262"/>
    <var as="x13" id="x263"/>
    <var as="x13" id="x264"/>
    <var as="x13" id="x265"/>
    <var as="x13" id="x266"/>
    <var as="x13" id="x267"/>
    <var as="x13" id="x268"/>
    <var as="x13" id="x269"/>
    <var as="x13" id="x270"/>
    <var as="x13" id="x271"/>
    <var as="x13" id="x272"/>
    <var as="x13" id="x273"/>
    <var as="x13" id="x274"/>
    <var as="x13" id="x275"/>
    <var as="x13" id="x276"/>
    <var as="x13" id="x277"/>
    <var as="x13" id="x278"/>
    <var as="x13" id="x281"/>
    <var as="x13" id="x282"/>
    <var as="x13" id="x283"/>
    <var as="x13" id="x284"/>
    <var as="x13" id="x285"/>
    <var as="x13" id="x286"/>
    <var as="x13" id="x287"/>
    <var as="x13" id="x288"/>
    <var as="x13" id="x289"/>
    <var as="x13" id="x290"/>
    <var as="x13" id="x291"/>
    <var as="x13" id="x292"/>
    <var as="x13" id="x303"/>
    <var as="x13" id="x304"/>
    <var as="x13" id="x305"/>
    <var as="x13" id="x306"/>
    <var as="x13" id="x309"/>
    <var as="x13" id="x310"/>
    <var as="x13" id="x321"/>
    <var as="x13" id="x322"/>
    <var as="x13" id="x323"/>
    <var as="x13" id="x324"/>
    <var as="x13" id="x325"/>
    <var as="x13" id="x326"/>
    <var as="x13" id="x327"/>
    <var as="x13" id="x328"/>
    <var as="x13" id="x329"/>
    <var as="x13" id="x330"/>
    <var as="x13" id="x341"/>
    <var as="x13" id="x342"/>
    <var as="x13" id="x343"/>
    <var as="x13" id="x344"/>
    <var as="x233" id="x349"/>
    <var as="x233" id="x350"/>
    <var as="x233" id="x351"/>
    <var as="x233" id="x352"/>
    <var as="x233" id="x359"/>
    <var as="x233" id="x360"/>
    <var as="x233" id="x365"/>
    <var as="x233" id="x366"/>
    <var as="x13" id="x471"/>
    <var as="x13" id="x472"/>
    <var as="x233" id="x517"/>
    <var as="x233" id="x518"/>
    <var as="x233" id="x519"/>
    <var as="x233" id="x520"/>
    <var as="x233" id="x555"/>
    <var as="x233" id="x556"/>
    <var as="x233" id="x557"/>
    <var as="x233" id="x558"/>
    <var as="x233" id="x559"/>
    <var as="x233" id="x560"/>
    <var as="x233" id="x561"/>
    <var as="x233" id="x562"/>
    <var as="x233" id="x565"/>
    <var as="x233" id="x566"/>
    <var as="x13" id="x577"/>
    <var as="x13" id="x578"/>
    <var as="x13" id="x579"/>
    <var as="x13" id="x580"/>
    <var as="x233" id="x583"/>
    <var as="x233" id="x584"/>
    <var as="x13" id="x585"/>
    <var as="x13" id="x586"/>
    <var as="x13" id="x587"/>
    <var as="x13" id="x588"/>
    <var as="x13" id="x589"/>
    <var as="x13" id="x590"/>
    <var as="x233" id="x591"/>
    <var as="x233" id="x592"/>
    <var as="x233" id="x593"/>
    <var as="x233" id="x594"/>
    <var as="x233" id="x595"/>
    <var as="x233" id="x596"/>
    <var as="x233" id="x597"/>
    <var as="x233" id="x598"/>
    <var as="x233" id="x599"/>
    <var as="x233" id="x600"/>
    <var as="x233" id="x601"/>
    <var as="x233" id="x602"/>
    <var as="x233" id="x603"/>
    <var as="x233" id="x604"/>
    <var as="x233" id="x605"/>
    <var as="x233" id="x606"/>
    <var as="x233" id="x607"/>
    <var as="x233" id="x608"/>
    <var as="x233" id="x613"/>
    <var as="x233" id="x614"/>
    <var as="x233" id="x617"/>
    <var as="x233" id="x618"/>
    <var as="x233" id="x621"/>
    <var as="x233" id="x622"/>
    <var as="x233" id="x623"/>
    <var as="x233" id="x624"/>
    <var as="x233" id="x625"/>
    <var as="x233" id="x626"/>
    <var as="x233" id="x629"/>
    <var as="x233" id="x630"/>
    <var as="x233" id="x631"/>
    <var as="x233" id="x632"/>
    <var as="x233" id="x633"/>
    <var as="x233" id="x634"/>
    <var as="x233" id="x635"/>
    <var as="x233" id="x636"/>
    <var id="x645"> 16 30 44 58 72 86 100 114 128 142 156 254 268 282 296 310 324 338 352 366 380 394 </var>
    <var as="x645" id="x646"/>
    <var as="x13" id="x651"/>
    <var as="x13" id="x652"/>
    <var as="x13" id="x661"/>
    <var as="x13" id="x662"/>
    <var as="x13" id="x663"/>
    <var as="x13" id="x664"/>
    <var as="x13" id="x665"/>
    <var as="x13" id="x666"/>
    <var as="x13" id="x713"/>
    <var as="x13" id="x714"/>
    <var as="x13" id="x717"/>
    <var as="x13" id="x718"/>
    <var as="x13" id="x719"/>
    <var as="x13" id="x720"/>
    <var as="x13" id="x721"/>
    <var as="x13" id="x722"/>
    <var as="x13" id="x723"/>
    <var as="x13" id="x724"/>
    <var as="x233" id="x743"/>
    <var as="x233" id="x744"/>
    <var as="x233" id="x745"/>
    <var as="x233" id="x746"/>
    <var as="x233" id="x747"/>
    <var as="x233" id="x748"/>
    <var as="x233" id="x763"/>
    <var as="x233" id="x764"/>
    <var as="x13" id="x765"/>
    <var as="x13" id="x766"/>
    <var as="x13" id="x767"/>
    <var as="x13" id="x768"/>
    <var as="x13" id="x785"/>
    <var as="x13" id="x786"/>
    <var as="x233" id="x787"/>
    <var as="x233" id="x788"/>
    <var as="x233" id="x789"/>
    <var as="x233" id="x790"/>
    <var as="x233" id="x791"/>
    <var as="x233" id="x792"/>
    <var as="x233" id="x793"/>
    <var as="x233" id="x794"/>
    <var as="x233" id="x795"/>
    <var as="x233" id="x796"/>
    <var as="x233" id="x797"/>
    <var as="x233" id="x798"/>
    <var as="x233" id="x799"/>
    <var as="x233" id="x800"/>
    <var as="x233" id="x801"/>
    <var as="x233" id="x802"/>
    <var as="x233" id="x879"/>
    <var as="x233" id="x880"/>
  </variables>
  <constraints>
    <group>
      <intension> eq(dist(%0,%1),%2) </intension>
      <args> x13 x14 238 </args>
      <args> x15 x16 238 </args>
      <args> x53 x54 238 </args>
      <args> x79 x80 238 </args>
      <args> x81 x82 238 </args>
      <args> x83 x84 238 </args>
      <args> x85 x86 238 </args>
      <args> x143 x144 238 </args>
      <args> x145 x146 238 </args>
      <args> x215 x216 238 </args>
      <args> x233 x234 238 </args>
      <args> x235 x236 238 </args>
      <args> x237 x238 238 </args>
      <args> x261 x262 238 </args>
      <args> x263 x264 238 </args>
      <args> x265 x266 238 </args>
      <args> x267 x268 238 </args>
      <args> x269 x270 238 </args>
      <args> x271 x272 238 </args>
      <args> x273 x274 238 </args>
      <args> x275 x276 238 </args>
      <args> x277 x278 238 </args>
      <args> x281 x282 238 </args>
      <args> x283 x284 238 </args>
      <args> x285 x286 238 </args>
      <args> x287 x288 238 </args>
      <args> x289 x290 238 </args>
      <args> x291 x292 238 </args>
      <args> x303 x304 238 </args>
      <args> x305 x306 238 </args>
      <args> x309 x310 238 </args>
      <args> x321 x322 238 </args>
      <args> x323 x324 238 </args>
      <args> x325 x326 238 </args>
      <args> x327 x328 238 </args>
      <args> x329 x330 238 </args>
      <args> x341 x342 238 </args>
      <args> x343 x344 238 </args>
      <args> x349 x350 238 </args>
      <args> x351 x352 238 </args>
      <args> x359 x360 238 </args>
      <args> x365 x366 238 </args>
      <args> x471 x472 238 </args>
      <args> x517 x518 238 </args>
      <args> x519 x520 238 </args>
      <args> x555 x556 238 </args>
      <args> x557 x558 238 </args>
      <args> x559 x560 238 </args>
      <args> x561 x562 238 </args>
      <args> x565 x566 238 </args>
      <args> x577 x578 238 </args>
      <args> x579 x580 238 </args>
      <args> x583 x584 238 </args>
      <args> x585 x586 238 </args>
      <args> x587 x588 238 </args>
      <args> x589 x590 238 </args>
      <args> x591 x592 238 </args>
      <args> x593 x594 238 </args>
      <args> x595 x596 238 </args>
      <args> x597 x598 238 </args>
      <args> x599 x600 238 </args>
      <args> x601 x602 238 </args>
      <args> x603 x604 238 </args>
      <args> x605 x606 238 </args>
      <args> x607 x608 238 </args>
      <args> x613 x614 238 </args>
      <args> x617 x618 238 </args>
      <args> x621 x622 238 </args>
      <args> x623 x624 238 </args>
      <args> x625 x626 238 </args>
      <args> x629 x630 238 </args>
      <args> x631 x632 238 </args>
      <args> x633 x634 238 </args>
      <args> x635 x636 238 </args>
      <args> x645 x646 238 </args>
      <args> x651 x652 238 </args>
      <args> x661 x662 238 </args>
      <args> x663 x664 238 </args>
      <args> x665 x666 238 </args>
      <args> x713 x714 238 </args>
      <args> x717 x718 238 </args>
      <args> x719 x720 238 </args>
      <args> x721 x722 238 </args>
      <args> x723 x724 238 </args>
      <args> x743 x744 238 </args>
      <args> x745 x746 238 </args>
      <args> x747 x748 238 </args>
      <args> x763 x764 238 </args>
      <args> x765 x766 238 </args>
      <args> x767 x768 238 </args>
      <args> x785 x786 238 </args>
      <args> x787 x788 238 </args>
      <args> x789 x790 238 </args>
      <args> x791 x792 238 </args>
      <args> x793 x794 238 </args>
      <args> x795 x796 238 </args>
      <args> x797 x798 238 </args>
      <args> x799 x800 238 </args>
      <args> x801 x802 238 </args>
      <args> x879 x880 238 </args>
    </group>
    <group>
      <intension> gt(dist(%0,%1),%2) </intension>
      <args> x13 x15 59 </args>
      <args> x13 x321 10 </args>
      <args> x13 x323 168 </args>
      <args> x14 x16 59 </args>
      <args> x15 x321 10 </args>
      <args> x15 x323 168 </args>
      <args> x83 x85 350 </args>
      <args> x84 x86 350 </args>
      <args> x143 x145 59 </args>
      <args> x143 x344 75 </args>
      <args> x143 x721 453 </args>
      <args> x143 x723 59 </args>
      <args> x144 x146 59 </args>
      <args> x144 x722 135 </args>
      <args> x144 x724 59 </args>
      <args> x145 x344 75 </args>
      <args> x145 x721 453 </args>
      <args> x145 x723 59 </args>
      <args> x146 x722 135 </args>
      <args> x146 x724 59 </args>
      <args> x233 x235 424 </args>
      <args> x233 x350 322 </args>
      <args> x233 x562 266 </args>
      <args> x233 x578 28 </args>
      <args> x233 x592 66 </args>
      <args> x233 x622 19 </args>
      <args> x234 x236 107 </args>
      <args> x234 x349 322 </args>
      <args> x234 x561 266 </args>
      <args> x234 x577 28 </args>
      <args> x234 x591 66 </args>
      <args> x234 x621 19 </args>
      <args> x235 x351 256 </args>
      <args> x236 x352 256 </args>
      <args> x237 x349 480 </args>
      <args> x237 x518 218 </args>
      <args> x238 x304 322 </args>
      <args> x238 x306 256 </args>
      <args> x238 x310 275 </args>
      <args> x238 x350 163 </args>
      <args> x238 x517 125 </args>
      <args> x265 x267 443 </args>
      <args> x266 x268 126 </args>
      <args> x269 x271 59 </args>
      <args> x269 x556 490 </args>
      <args> x270 x272 59 </args>
      <args> x271 x556 490 </args>
      <args> x273 x275 471 </args>
      <args> x273 x717 471 </args>
      <args> x273 x719 471 </args>
      <args> x274 x276 154 </args>
      <args> x274 x718 154 </args>
      <args> x274 x720 154 </args>
      <args> x275 x717 59 </args>
      <args> x275 x719 59 </args>
      <args> x276 x718 59 </args>
      <args> x276 x720 59 </args>
      <args> x277 x344 415 </args>
      <args> x277 x713 59 </args>
      <args> x278 x714 59 </args>
      <args> x281 x283 187 </args>
      <args> x281 x344 159 </args>
      <args> x282 x284 169 </args>
      <args> x283 x344 10 </args>
      <args> x303 x305 85 </args>
      <args> x304 x306 85 </args>
      <args> x306 x517 368 </args>
      <args> x321 x323 178 </args>
      <args> x322 x324 178 </args>
      <args> x325 x327 94 </args>
      <args> x326 x328 262 </args>
      <args> x329 x352 499 </args>
      <args> x330 x351 182 </args>
      <args> x341 x343 59 </args>
      <args> x342 x344 59 </args>
      <args> x344 x713 415 </args>
      <args> x344 x721 359 </args>
      <args> x344 x723 75 </args>
      <args> x349 x518 275 </args>
      <args> x349 x577 294 </args>
      <args> x349 x591 256 </args>
      <args> x349 x621 303 </args>
      <args> x349 x802 303 </args>
      <args> x350 x517 275 </args>
      <args> x350 x578 294 </args>
      <args> x350 x592 256 </args>
      <args> x350 x622 303 </args>
      <args> x350 x801 303 </args>
      <args> x351 x592 103 </args>
      <args> x352 x591 215 </args>
      <args> x352 x633 294 </args>
      <args> x359 x366 312 </args>
      <args> x360 x365 312 </args>
      <args> x471 x605 206 </args>
      <args> x472 x606 112 </args>
      <args> x519 x598 434 </args>
      <args> x520 x597 116 </args>
      <args> x555 x583 126 </args>
      <args> x555 x608 340 </args>
      <args> x556 x584 443 </args>
      <args> x556 x607 340 </args>
      <args> x556 x788 434 </args>
      <args> x557 x593 154 </args>
      <args> x557 x597 47 </args>
      <args> x557 x599 66 </args>
      <args> x557 x613 47 </args>
      <args> x557 x666 106 </args>
      <args> x557 x785 47 </args>
      <args> x558 x594 471 </args>
      <args> x558 x598 47 </args>
      <args> x558 x600 66 </args>
      <args> x558 x614 47 </args>
      <args> x558 x665 423 </args>
      <args> x558 x786 47 </args>
      <args> x559 x565 215 </args>
      <args> x559 x602 210 </args>
      <args> x559 x604 256 </args>
      <args> x559 x636 107 </args>
      <args> x560 x566 103 </args>
      <args> x560 x601 210 </args>
      <args> x560 x603 256 </args>
      <args> x560 x635 424 </args>
      <args> x561 x577 238 </args>
      <args> x561 x591 200 </args>
      <args> x561 x605 210 </args>
      <args> x561 x621 247 </args>
      <args> x561 x802 247 </args>
      <args> x562 x578 238 </args>
      <args> x562 x592 200 </args>
      <args> x562 x606 210 </args>
      <args> x562 x622 247 </args>
      <args> x562 x801 247 </args>
      <args> x565 x586 206 </args>
      <args> x565 x602 424 </args>
      <args> x565 x745 471 </args>
      <args> x566 x585 112 </args>
      <args> x566 x588 98 </args>
      <args> x566 x601 107 </args>
      <args> x566 x746 154 </args>
      <args> x577 x591 38 </args>
      <args> x577 x621 10 </args>
      <args> x578 x592 38 </args>
      <args> x578 x622 10 </args>
      <args> x579 x621 66 </args>
      <args> x579 x626 256 </args>
      <args> x580 x622 66 </args>
      <args> x580 x625 256 </args>
      <args> x583 x607 56 </args>
      <args> x584 x608 56 </args>
      <args> x585 x588 210 </args>
      <args> x585 x746 266 </args>
      <args> x586 x587 210 </args>
      <args> x586 x745 266 </args>
      <args> x591 x621 47 </args>
      <args> x591 x633 79 </args>
      <args> x591 x802 47 </args>
      <args> x592 x622 47 </args>
      <args> x592 x634 396 </args>
      <args> x592 x801 47 </args>
      <args> x593 x597 107 </args>
      <args> x593 x613 107 </args>
      <args> x593 x632 88 </args>
      <args> x593 x785 107 </args>
      <args> x594 x598 424 </args>
      <args> x594 x614 424 </args>
      <args> x594 x631 406 </args>
      <args> x594 x786 424 </args>
      <args> x595 x601 107 </args>
      <args> x595 x617 154 </args>
      <args> x596 x602 424 </args>
      <args> x596 x618 471 </args>
      <args> x597 x613 2 </args>
      <args> x597 x785 2 </args>
      <args> x598 x614 2 </args>
      <args> x598 x786 2 </args>
      <args> x599 x746 47 </args>
      <args> x600 x745 47 </args>
      <args> x601 x635 215 </args>
      <args> x602 x636 103 </args>
      <args> x607 x788 94 </args>
      <args> x608 x787 224 </args>
      <args> x613 x666 42 </args>
      <args> x613 x748 51 </args>
      <args> x613 x765 47 </args>
      <args> x614 x665 359 </args>
      <args> x614 x747 368 </args>
      <args> x614 x766 47 </args>
      <args> x621 x626 322 </args>
      <args> x621 x802 2 </args>
      <args> x622 x625 322 </args>
      <args> x623 x625 331 </args>
      <args> x624 x626 331 </args>
      <args> x629 x631 266 </args>
      <args> x630 x632 266 </args>
      <args> x633 x635 284 </args>
      <args> x634 x636 284 </args>
      <args> x646 x661 266 </args>
      <args> x717 x719 59 </args>
      <args> x718 x720 59 </args>
      <args> x721 x723 453 </args>
      <args> x722 x724 135 </args>
      <args> x743 x748 219 </args>
      <args> x743 x764 284 </args>
      <args> x744 x747 219 </args>
      <args> x744 x763 284 </args>
      <args> x787 x790 66 </args>
      <args> x788 x789 66 </args>
      <args> x789 x792 275 </args>
      <args> x790 x791 275 </args>
      <args> x791 x794 200 </args>
      <args> x792 x793 200 </args>
      <args> x793 x796 112 </args>
      <args> x794 x795 206 </args>
      <args> x795 x798 284 </args>
      <args> x796 x797 284 </args>
      <args> x797 x800 434 </args>
      <args> x798 x799 116 </args>
      <args> x799 x801 284 </args>
      <args> x800 x802 284 </args>
    </group>
  </constraints>
</instance>
