<instance format="XCSP3" type="CSP">
  <variables>
    <var id="x1"> 30 58 86 114 142 268 296 324 352 380 414 442 470 498 526 554 652 680 708 736 764 792 </var>
    <var as="x1" id="x2"/>
    <var id="x3"> 16 30 58 86 114 142 254 268 296 324 352 380 414 442 470 498 526 554 652 680 708 736 764 792 </var>
    <var as="x3" id="x4"/>
    <var id="x5"> 16 30 44 58 72 86 100 114 128 142 156 254 268 282 296 310 324 338 352 366 380 394 414 428 442 456 470 484 498 512 526 540 554 652 666 680 694 708 722 736 750 764 778 792 </var>
    <var as="x5" id="x6"/>
    <var id="x7"> 142 170 240 380 408 478 </var>
    <var as="x7" id="x8"/>
    <var as="x7" id="x9"/>
    <var as="x7" id="x10"/>
    <var as="x5" id="x11"/>
    <var as="x5" id="x12"/>
    <var as="x5" id="x13"/>
    <var as="x5" id="x14"/>
    <var as="x1" id="x15"/>
    <var as="x1" id="x16"/>
    <var as="x3" id="x17"/>
    <var as="x3" id="x18"/>
    <var id="x19"> 16 30 44 58 72 86 100 114 128 142 156 254 268 282 296 310 324 338 352 366 380 394 </var>
    <var as="x19" id="x20"/>
    <var as="x5" id="x21"/>
    <var as="x5" id="x22"/>
    <var as="x7" id="x23"/>
    <var as="x7" id="x24"/>
    <var as="x5" id="x25"/>
    <var as="x5" id="x26"/>
    <var as="x5" id="x27"/>
    <var as="x5" id="x28"/>
    <var as="x5" id="x29"/>
    <var as="x5" id="x30"/>
    <var as="x5" id="x31"/>
    <var as="x5" id="x32"/>
    <var as="x1" id="x33"/>
    <var as="x1" id="x34"/>
    <var as="x5" id="x35"/>
    <var as="x5" id="x36"/>
    <var as="x5" id="x37"/>
    <var as="x5" id="x38"/>
    <var as="x19" id="x39"/>
    <var as="x19" id="x40"/>
    <var id="x41"> 30 44 58 72 86 100 114 128 142 156 268 282 296 310 324 338 352 366 380 394 414 428 442 456 470 484 498 512 526 540 554 652 666 680 694 708 722 736 750 764 778 792 </var>
    <var as="x41" id="x42"/>
    <var id="x43"> 30 44 58 72 86 100 114 128 142 268 282 296 310 324 338 352 366 380 428 442 456 470 484 498 512 526 540 666 680 694 708 722 736 750 764 778 </var>
    <var as="x43" id="x44"/>
    <var as="x19" id="x45"/>
    <var as="x19" id="x46"/>
    <var as="x5" id="x47"/>
    <var as="x5" id="x48"/>
    <var as="x43" id="x49"/>
    <var as="x43" id="x50"/>
    <var as="x19" id="x51"/>
    <var as="x19" id="x52"/>
    <var as="x41" id="x53"/>
    <var as="x41" id="x54"/>
    <var as="x1" id="x55"/>
    <var as="x1" id="x56"/>
    <var as="x3" id="x57"/>
    <var as="x3" id="x58"/>
    <var as="x5" id="x59"/>
    <var as="x5" id="x60"/>
    <var as="x5" id="x61"/>
    <var as="x5" id="x62"/>
    <var as="x3" id="x63"/>
    <var as="x3" id="x64"/>
    <var as="x5" id="x65"/>
    <var as="x5" id="x66"/>
    <var as="x43" id="x67"/>
    <var as="x43" id="x68"/>
    <var as="x5" id="x69"/>
    <var as="x5" id="x70"/>
    <var as="x1" id="x71"/>
    <var as="x1" id="x72"/>
    <var as="x7" id="x73"/>
    <var as="x7" id="x74"/>
    <var as="x43" id="x75"/>
    <var as="x43" id="x76"/>
    <var as="x41" id="x77"/>
    <var as="x41" id="x78"/>
    <var as="x5" id="x79"/>
    <var as="x5" id="x80"/>
    <var as="x19" id="x81"/>
    <var as="x19" id="x82"/>
    <var as="x41" id="x83"/>
    <var as="x41" id="x84"/>
    <var as="x41" id="x85"/>
    <var as="x41" id="x86"/>
    <var as="x3" id="x87"/>
    <var as="x3" id="x88"/>
    <var as="x5" id="x89"/>
    <var as="x5" id="x90"/>
    <var as="x5" id="x91"/>
    <var as="x5" id="x92"/>
    <var as="x5" id="x93"/>
    <var as="x5" id="x94"/>
    <var as="x5" id="x95"/>
    <var as="x5" id="x96"/>
    <var as="x7" id="x97"/>
    <var as="x7" id="x98"/>
    <var as="x1" id="x99"/>
    <var as="x1" id="x100"/>
    <var as="x5" id="x101"/>
    <var as="x5" id="x102"/>
    <var as="x5" id="x103"/>
    <var as="x5" id="x104"/>
    <var as="x43" id="x105"/>
    <var as="x43" id="x106"/>
    <var as="x41" id="x107"/>
    <var as="x41" id="x108"/>
    <var as="x5" id="x109"/>
    <var as="x5" id="x110"/>
    <var as="x5" id="x111"/>
    <var as="x5" id="x112"/>
    <var as="x41" id="x113"/>
    <var as="x41" id="x114"/>
    <var as="x5" id="x115"/>
    <var as="x5" id="x116"/>
    <var as="x19" id="x117"/>
    <var as="x19" id="x118"/>
    <var as="x5" id="x119"/>
    <var as="x5" id="x120"/>
    <var as="x7" id="x121"/>
    <var as="x7" id="x122"/>
    <var as="x7" id="x123"/>
    <var as="x7" id="x124"/>
    <var as="x3" id="x125"/>
    <var as="x3" id="x126"/>
    <var as="x43" id="x127"/>
    <var as="x43" id="x128"/>
    <var as="x43" id="x129"/>
    <var as="x43" id="x130"/>
    <var as="x43" id="x131"/>
    <var as="x43" id="x132"/>
    <var as="x43" id="x133"/>
    <var as="x43" id="x134"/>
    <var as="x7" id="x135"/>
    <var as="x7" id="x136"/>
    <var as="x41" id="x137"/>
    <var as="x41" id="x138"/>
    <var as="x5" id="x139"/>
    <var as="x5" id="x140"/>
    <var as="x1" id="x141"/>
    <var as="x1" id="x142"/>
    <var as="x5" id="x143"/>
    <var as="x5" id="x144"/>
    <var as="x41" id="x145"/>
    <var as="x41" id="x146"/>
    <var as="x5" id="x147"/>
    <var as="x5" id="x148"/>
    <var as="x5" id="x149"/>
    <var as="x5" id="x150"/>
    <var as="x41" id="x151"/>
    <var as="x41" id="x152"/>
    <var as="x5" id="x153"/>
    <var as="x5" id="x154"/>
    <var as="x41" id="x155"/>
    <var as="x41" id="x156"/>
    <var as="x41" id="x157"/>
    <var as="x41" id="x158"/>
    <var as="x5" id="x159"/>
    <var as="x5" id="x160"/>
    <var as="x41" id="x161"/>
    <var as="x41" id="x162"/>
    <var as="x41" id="x163"/>
    <var as="x41" id="x164"/>
    <var as="x41" id="x165"/>
    <var as="x41" id="x166"/>
    <var as="x43" id="x167"/>
    <var as="x43" id="x168"/>
    <var as="x19" id="x169"/>
    <var as="x19" id="x170"/>
    <var as="x41" id="x171"/>
    <var as="x41" id="x172"/>
    <var as="x5" id="x173"/>
    <var as="x5" id="x174"/>
    <var as="x3" id="x175"/>
    <var as="x3" id="x176"/>
    <var as="x5" id="x177"/>
    <var as="x5" id="x178"/>
    <var as="x41" id="x179"/>
    <var as="x41" id="x180"/>
    <var as="x5" id="x181"/>
    <var as="x5" id="x182"/>
    <var as="x43" id="x183"/>
    <var as="x43" id="x184"/>
    <var as="x3" id="x185"/>
    <var as="x3" id="x186"/>
    <var as="x43" id="x187"/>
    <var as="x43" id="x188"/>
    <var as="x5" id="x189"/>
    <var as="x5" id="x190"/>
    <var as="x5" id="x191"/>
    <var as="x5" id="x192"/>
    <var as="x7" id="x193"/>
    <var as="x7" id="x194"/>
    <var as="x5" id="x195"/>
    <var as="x5" id="x196"/>
    <var as="x5" id="x197"/>
    <var as="x5" id="x198"/>
    <var as="x5" id="x199"/>
    <var as="x5" id="x200"/>
  </variables>
  <constraints>
    <group>
      <intension> eq(dist(%0,%1),%2) </intension>
      <args> x1 x2 238 </args>
      <args> x3 x4 238 </args>
      <args> x5 x6 238 </args>
      <args> x7 x8 238 </args>
      <args> x9 x10 238 </args>
      <args> x11 x12 238 </args>
      <args> x13 x14 238 </args>
      <args> x15 x16 238 </args>
      <args> x17 x18 238 </args>
      <args> x19 x20 238 </args>
      <args> x21 x22 238 </args>
      <args> x23 x24 238 </args>
      <args> x25 x26 238 </args>
      <args> x27 x28 238 </args>
      <args> x29 x30 238 </args>
      <args> x31 x32 238 </args>
      <args> x33 x34 238 </args>
      <args> x35 x36 238 </args>
      <args> x37 x38 238 </args>
      <args> x39 x40 238 </args>
      <args> x41 x42 238 </args>
      <args> x43 x44 238 </args>
      <args> x45 x46 238 </args>
      <args> x47 x48 238 </args>
      <args> x49 x50 238 </args>
      <args> x51 x52 238 </args>
      <args> x53 x54 238 </args>
      <args> x55 x56 238 </args>
      <args> x57 x58 238 </args>
      <args> x59 x60 238 </args>
      <args> x61 x62 238 </args>
      <args> x63 x64 238 </args>
      <args> x65 x66 238 </args>
      <args> x67 x68 238 </args>
      <args> x69 x70 238 </args>
      <args> x71 x72 238 </args>
      <args> x73 x74 238 </args>
      <args> x75 x76 238 </args>
      <args> x77 x78 238 </args>
      <args> x79 x80 238 </args>
      <args> x81 x82 238 </args>
      <args> x83 x84 238 </args>
      <args> x85 x86 238 </args>
      <args> x87 x88 238 </args>
      <args> x89 x90 238 </args>
      <args> x91 x92 238 </args>
      <args> x93 x94 238 </args>
      <args> x95 x96 238 </args>
      <args> x97 x98 238 </args>
      <args> x99 x100 238 </args>
      <args> x101 x102 238 </args>
      <args> x103 x104 238 </args>
      <args> x105 x106 238 </args>
      <args> x107 x108 238 </args>
      <args> x109 x110 238 </args>
      <args> x111 x112 238 </args>
      <args> x113 x114 238 </args>
      <args> x115 x116 238 </args>
      <args> x117 x118 238 </args>
      <args> x119 x120 238 </args>
      <args> x121 x122 238 </args>
      <args> x123 x124 238 </args>
      <args> x125 x126 238 </args>
      <args> x127 x128 238 </args>
      <args> x129 x130 238 </args>
      <args> x131 x132 238 </args>
      <args> x133 x134 238 </args>
      <args> x135 x136 238 </args>
      <args> x137 x138 238 </args>
      <args> x139 x140 238 </args>
      <args> x141 x142 238 </args>
      <args> x143 x144 238 </args>
      <args> x145 x146 238 </args>
      <args> x147 x148 238 </args>
      <args> x149 x150 238 </args>
      <args> x151 x152 238 </args>
      <args> x153 x154 238 </args>
      <args> x155 x156 238 </args>
      <args> x157 x158 238 </args>
      <args> x159 x160 238 </args>
      <args> x161 x162 238 </args>
      <args> x163 x164 238 </args>
      <args> x165 x166 238 </args>
      <args> x167 x168 238 </args>
      <args> x169 x170 238 </args>
      <args> x171 x172 238 </args>
      <args> x173 x174 238 </args>
      <args> x175 x176 238 </args>
      <args> x177 x178 238 </args>
      <args> x179 x180 238 </args>
      <args> x181 x182 238 </args>
      <args> x183 x184 238 </args>
      <args> x185 x186 238 </args>
      <args> x187 x188 238 </args>
      <args> x189 x190 238 </args>
      <args> x191 x192 238 </args>
      <args> x193 x194 238 </args>
      <args> x195 x196 238 </args>
      <args> x197 x198 238 </args>
      <args> x199 x200 238 </args>
    </group>
    <group>
      <intension> gt(dist(%0,%1),%2) </intension>
      <args> x1 x38 7 </args>
      <args> x1 x41 5 </args>
      <args> x1 x46 7 </args>
      <args> x1 x113 9 </args>
      <args> x1 x198 46 </args>
      <args> x1 x199 19 </args>
      <args> x1 x200 21 </args>
      <args> x2 x37 3 </args>
      <args> x2 x41 32 </args>
      <args> x2 x43 14 </args>
      <args> x2 x44 47 </args>
      <args> x2 x46 25 </args>
      <args> x2 x73 46 </args>
      <args> x2 x74 18 </args>
      <args> x3 x6 20 </args>
      <args> x3 x7 55 </args>
      <args> x3 x9 33 </args>
      <args> x3 x10 34 </args>
      <args> x3 x31 17 </args>
      <args> x3 x36 10 </args>
      <args> x3 x69 18 </args>
      <args> x4 x8 10 </args>
      <args> x4 x13 11 </args>
      <args> x4 x14 8 </args>
      <args> x4 x31 5 </args>
      <args> x4 x35 15 </args>
      <args> x4 x36 49 </args>
      <args> x4 x61 14 </args>
      <args> x4 x69 32 </args>
      <args> x4 x70 6 </args>
      <args> x5 x8 31 </args>
      <args> x5 x25 52 </args>
      <args> x5 x26 48 </args>
      <args> x6 x7 32 </args>
      <args> x6 x8 45 </args>
      <args> x6 x32 46 </args>
      <args> x6 x62 18 </args>
      <args> x6 x119 12 </args>
      <args> x6 x120 43 </args>
      <args> x7 x25 34 </args>
      <args> x7 x26 9 </args>
      <args> x7 x35 52 </args>
      <args> x7 x69 6 </args>
      <args> x7 x70 32 </args>
      <args> x8 x36 5 </args>
      <args> x8 x69 1 </args>
      <args> x8 x70 46 </args>
      <args> x9 x22 39 </args>
      <args> x9 x27 45 </args>
      <args> x9 x28 9 </args>
      <args> x9 x86 21 </args>
      <args> x9 x178 22 </args>
      <args> x10 x63 37 </args>
      <args> x10 x86 34 </args>
      <args> x10 x113 15 </args>
      <args> x10 x114 32 </args>
      <args> x10 x177 46 </args>
      <args> x10 x187 8 </args>
      <args> x11 x23 32 </args>
      <args> x11 x24 11 </args>
      <args> x11 x25 2 </args>
      <args> x11 x26 12 </args>
      <args> x11 x27 38 </args>
      <args> x11 x28 25 </args>
      <args> x11 x75 51 </args>
      <args> x11 x76 26 </args>
      <args> x11 x121 49 </args>
      <args> x11 x122 36 </args>
      <args> x11 x127 3 </args>
      <args> x11 x128 1 </args>
      <args> x11 x147 11 </args>
      <args> x11 x148 16 </args>
      <args> x11 x175 8 </args>
      <args> x11 x176 42 </args>
      <args> x12 x23 52 </args>
      <args> x12 x24 36 </args>
      <args> x12 x25 10 </args>
      <args> x12 x26 2 </args>
      <args> x12 x27 12 </args>
      <args> x12 x28 46 </args>
      <args> x12 x75 23 </args>
      <args> x12 x76 16 </args>
      <args> x12 x121 18 </args>
      <args> x12 x122 38 </args>
      <args> x12 x123 54 </args>
      <args> x12 x124 3 </args>
      <args> x12 x127 27 </args>
      <args> x12 x128 1 </args>
      <args> x12 x147 5 </args>
      <args> x12 x148 6 </args>
      <args> x12 x175 28 </args>
      <args> x12 x176 8 </args>
      <args> x13 x15 18 </args>
      <args> x13 x16 3 </args>
      <args> x13 x31 29 </args>
      <args> x13 x62 14 </args>
      <args> x14 x55 9 </args>
      <args> x14 x56 8 </args>
      <args> x14 x69 40 </args>
      <args> x14 x70 5 </args>
      <args> x14 x84 23 </args>
      <args> x15 x33 47 </args>
      <args> x15 x34 22 </args>
      <args> x15 x38 1 </args>
      <args> x15 x46 59 </args>
      <args> x15 x74 2 </args>
      <args> x15 x80 10 </args>
      <args> x15 x113 4 </args>
      <args> x16 x38 18 </args>
      <args> x16 x41 16 </args>
      <args> x16 x42 13 </args>
      <args> x16 x79 13 </args>
      <args> x16 x199 48 </args>
      <args> x16 x200 7 </args>
      <args> x17 x21 17 </args>
      <args> x17 x22 6 </args>
      <args> x17 x49 45 </args>
      <args> x17 x81 43 </args>
      <args> x17 x94 45 </args>
      <args> x17 x123 22 </args>
      <args> x17 x125 34 </args>
      <args> x17 x195 52 </args>
      <args> x17 x196 21 </args>
      <args> x18 x33 47 </args>
      <args> x18 x34 79 </args>
      <args> x18 x82 2 </args>
      <args> x18 x126 13 </args>
      <args> x18 x137 18 </args>
      <args> x19 x43 45 </args>
      <args> x19 x44 5 </args>
      <args> x19 x67 26 </args>
      <args> x19 x68 1 </args>
      <args> x19 x91 6 </args>
      <args> x19 x92 3 </args>
      <args> x19 x97 7 </args>
      <args> x19 x98 38 </args>
      <args> x19 x101 1 </args>
      <args> x19 x102 6 </args>
      <args> x19 x105 39 </args>
      <args> x19 x106 44 </args>
      <args> x19 x149 5 </args>
      <args> x19 x150 36 </args>
      <args> x19 x159 31 </args>
      <args> x19 x160 44 </args>
      <args> x19 x189 10 </args>
      <args> x19 x190 46 </args>
      <args> x20 x43 2 </args>
      <args> x20 x44 23 </args>
      <args> x20 x49 1 </args>
      <args> x20 x50 11 </args>
      <args> x20 x67 6 </args>
      <args> x20 x68 29 </args>
      <args> x20 x91 4 </args>
      <args> x20 x92 1 </args>
      <args> x20 x97 10 </args>
      <args> x20 x98 14 </args>
      <args> x20 x101 23 </args>
      <args> x20 x102 6 </args>
      <args> x20 x105 46 </args>
      <args> x20 x106 40 </args>
      <args> x20 x149 2 </args>
      <args> x20 x150 6 </args>
      <args> x20 x159 33 </args>
      <args> x20 x160 49 </args>
      <args> x21 x55 12 </args>
      <args> x21 x56 8 </args>
      <args> x21 x63 39 </args>
      <args> x21 x85 20 </args>
      <args> x21 x120 33 </args>
      <args> x21 x146 10 </args>
      <args> x21 x190 21 </args>
      <args> x22 x121 55 </args>
      <args> x22 x122 16 </args>
      <args> x22 x145 32 </args>
      <args> x22 x146 4 </args>
      <args> x22 x187 34 </args>
      <args> x22 x188 20 </args>
      <args> x23 x25 42 </args>
      <args> x23 x26 58 </args>
      <args> x23 x27 39 </args>
      <args> x23 x28 5 </args>
      <args> x23 x75 22 </args>
      <args> x23 x76 20 </args>
      <args> x23 x121 4 </args>
      <args> x23 x122 1 </args>
      <args> x23 x127 25 </args>
      <args> x23 x128 53 </args>
      <args> x23 x145 10 </args>
      <args> x23 x146 28 </args>
      <args> x23 x147 12 </args>
      <args> x23 x148 1 </args>
      <args> x23 x175 12 </args>
      <args> x23 x176 16 </args>
      <args> x24 x25 44 </args>
      <args> x24 x26 45 </args>
      <args> x24 x27 3 </args>
      <args> x24 x28 4 </args>
      <args> x24 x75 8 </args>
      <args> x24 x76 2 </args>
      <args> x24 x121 15 </args>
      <args> x24 x122 35 </args>
      <args> x24 x127 25 </args>
      <args> x24 x128 7 </args>
      <args> x24 x147 1 </args>
      <args> x24 x148 40 </args>
      <args> x24 x175 1 </args>
      <args> x24 x176 19 </args>
      <args> x25 x27 26 </args>
      <args> x25 x28 4 </args>
      <args> x25 x75 13 </args>
      <args> x25 x76 16 </args>
      <args> x25 x121 25 </args>
      <args> x25 x122 14 </args>
      <args> x25 x127 4 </args>
      <args> x25 x128 60 </args>
      <args> x25 x145 3 </args>
      <args> x25 x146 40 </args>
      <args> x25 x147 2 </args>
      <args> x25 x148 39 </args>
      <args> x25 x175 11 </args>
      <args> x25 x176 14 </args>
      <args> x26 x27 28 </args>
      <args> x26 x28 24 </args>
      <args> x26 x57 2 </args>
      <args> x26 x58 1 </args>
      <args> x26 x75 2 </args>
      <args> x26 x76 13 </args>
      <args> x26 x121 31 </args>
      <args> x26 x122 4 </args>
      <args> x26 x127 12 </args>
      <args> x26 x128 9 </args>
      <args> x26 x147 45 </args>
      <args> x26 x148 34 </args>
      <args> x26 x175 22 </args>
      <args> x26 x176 1 </args>
      <args> x27 x75 10 </args>
      <args> x27 x76 7 </args>
      <args> x27 x121 28 </args>
      <args> x27 x122 7 </args>
      <args> x27 x127 22 </args>
      <args> x27 x128 46 </args>
      <args> x27 x147 7 </args>
      <args> x27 x148 21 </args>
      <args> x27 x175 30 </args>
      <args> x27 x176 9 </args>
      <args> x28 x75 23 </args>
      <args> x28 x76 13 </args>
      <args> x28 x121 11 </args>
      <args> x28 x122 8 </args>
      <args> x28 x127 7 </args>
      <args> x28 x128 17 </args>
      <args> x28 x147 2 </args>
      <args> x28 x148 8 </args>
      <args> x28 x175 10 </args>
      <args> x28 x176 18 </args>
      <args> x29 x81 40 </args>
      <args> x29 x83 24 </args>
      <args> x29 x84 27 </args>
      <args> x29 x125 4 </args>
      <args> x29 x137 2 </args>
      <args> x30 x91 1 </args>
      <args> x30 x92 21 </args>
      <args> x30 x138 7 </args>
      <args> x30 x196 23 </args>
      <args> x31 x61 3 </args>
      <args> x32 x61 6 </args>
      <args> x32 x77 47 </args>
      <args> x32 x78 2 </args>
      <args> x33 x72 19 </args>
      <args> x33 x91 41 </args>
      <args> x33 x92 17 </args>
      <args> x33 x141 23 </args>
      <args> x33 x142 10 </args>
      <args> x33 x154 27 </args>
      <args> x33 x172 30 </args>
      <args> x34 x51 12 </args>
      <args> x34 x52 14 </args>
      <args> x34 x103 17 </args>
      <args> x34 x108 32 </args>
      <args> x34 x141 13 </args>
      <args> x34 x154 25 </args>
      <args> x35 x195 18 </args>
      <args> x35 x196 37 </args>
      <args> x36 x62 49 </args>
      <args> x36 x83 10 </args>
      <args> x37 x41 43 </args>
      <args> x37 x57 19 </args>
      <args> x37 x58 5 </args>
      <args> x37 x80 36 </args>
      <args> x37 x114 49 </args>
      <args> x38 x41 1 </args>
      <args> x38 x42 19 </args>
      <args> x38 x114 23 </args>
      <args> x38 x197 19 </args>
      <args> x39 x61 17 </args>
      <args> x39 x62 17 </args>
      <args> x39 x104 9 </args>
      <args> x39 x107 21 </args>
      <args> x39 x108 44 </args>
      <args> x39 x172 23 </args>
      <args> x40 x103 12 </args>
      <args> x40 x107 5 </args>
      <args> x40 x112 30 </args>
      <args> x40 x171 4 </args>
      <args> x41 x113 6 </args>
      <args> x42 x45 3 </args>
      <args> x42 x74 5 </args>
      <args> x42 x79 7 </args>
      <args> x43 x67 2 </args>
      <args> x43 x68 5 </args>
      <args> x43 x91 7 </args>
      <args> x43 x92 43 </args>
      <args> x43 x97 27 </args>
      <args> x43 x98 30 </args>
      <args> x43 x101 1 </args>
      <args> x43 x102 5 </args>
      <args> x43 x103 25 </args>
      <args> x43 x104 37 </args>
      <args> x43 x105 55 </args>
      <args> x43 x106 51 </args>
      <args> x43 x149 26 </args>
      <args> x43 x150 19 </args>
      <args> x43 x159 9 </args>
      <args> x43 x160 22 </args>
      <args> x44 x67 14 </args>
      <args> x44 x68 12 </args>
      <args> x44 x91 51 </args>
      <args> x44 x92 46 </args>
      <args> x44 x93 9 </args>
      <args> x44 x94 1 </args>
      <args> x44 x97 56 </args>
      <args> x44 x98 14 </args>
      <args> x44 x101 10 </args>
      <args> x44 x102 46 </args>
      <args> x44 x105 15 </args>
      <args> x44 x106 24 </args>
      <args> x44 x149 30 </args>
      <args> x44 x150 37 </args>
      <args> x44 x159 20 </args>
      <args> x44 x160 21 </args>
      <args> x45 x79 8 </args>
      <args> x45 x85 1 </args>
      <args> x45 x86 32 </args>
      <args> x46 x73 30 </args>
      <args> x46 x101 55 </args>
      <args> x46 x102 2 </args>
      <args> x47 x51 66 </args>
      <args> x47 x66 2 </args>
      <args> x47 x89 16 </args>
      <args> x47 x100 31 </args>
      <args> x47 x179 24 </args>
      <args> x48 x51 18 </args>
      <args> x48 x65 37 </args>
      <args> x48 x90 1 </args>
      <args> x48 x100 29 </args>
      <args> x48 x157 4 </args>
      <args> x48 x158 46 </args>
      <args> x49 x93 19 </args>
      <args> x49 x123 48 </args>
      <args> x49 x126 9 </args>
      <args> x49 x133 20 </args>
      <args> x49 x134 17 </args>
      <args> x49 x196 37 </args>
      <args> x50 x115 24 </args>
      <args> x50 x116 22 </args>
      <args> x50 x195 18 </args>
      <args> x50 x196 1 </args>
      <args> x51 x54 2 </args>
      <args> x51 x65 32 </args>
      <args> x51 x155 56 </args>
      <args> x51 x193 11 </args>
      <args> x51 x194 16 </args>
      <args> x52 x66 11 </args>
      <args> x52 x117 13 </args>
      <args> x52 x180 36 </args>
      <args> x53 x66 54 </args>
      <args> x53 x100 10 </args>
      <args> x53 x157 38 </args>
      <args> x53 x158 6 </args>
      <args> x53 x180 19 </args>
      <args> x54 x65 40 </args>
      <args> x54 x90 14 </args>
      <args> x54 x97 35 </args>
      <args> x54 x98 12 </args>
      <args> x54 x99 2 </args>
      <args> x54 x117 19 </args>
      <args> x54 x118 34 </args>
      <args> x54 x180 1 </args>
      <args> x55 x59 1 </args>
      <args> x55 x60 7 </args>
      <args> x55 x87 33 </args>
      <args> x55 x88 31 </args>
      <args> x55 x135 24 </args>
      <args> x55 x136 5 </args>
      <args> x55 x145 22 </args>
      <args> x55 x146 34 </args>
      <args> x55 x151 11 </args>
      <args> x55 x152 29 </args>
      <args> x55 x165 4 </args>
      <args> x55 x166 22 </args>
      <args> x55 x167 3 </args>
      <args> x55 x168 34 </args>
      <args> x55 x183 29 </args>
      <args> x55 x184 25 </args>
      <args> x55 x191 71 </args>
      <args> x55 x192 10 </args>
      <args> x56 x59 6 </args>
      <args> x56 x60 3 </args>
      <args> x56 x87 26 </args>
      <args> x56 x88 13 </args>
      <args> x56 x135 5 </args>
      <args> x56 x136 1 </args>
      <args> x56 x147 2 </args>
      <args> x56 x148 10 </args>
      <args> x56 x151 31 </args>
      <args> x56 x152 13 </args>
      <args> x56 x165 6 </args>
      <args> x56 x166 12 </args>
      <args> x56 x167 5 </args>
      <args> x56 x168 7 </args>
      <args> x56 x183 6 </args>
      <args> x56 x184 36 </args>
      <args> x56 x191 11 </args>
      <args> x56 x192 2 </args>
      <args> x57 x110 21 </args>
      <args> x57 x129 2 </args>
      <args> x57 x143 11 </args>
      <args> x57 x157 12 </args>
      <args> x57 x167 13 </args>
      <args> x57 x168 9 </args>
      <args> x57 x173 24 </args>
      <args> x58 x129 3 </args>
      <args> x58 x130 52 </args>
      <args> x58 x139 8 </args>
      <args> x58 x143 19 </args>
      <args> x58 x151 6 </args>
      <args> x58 x152 2 </args>
      <args> x58 x163 5 </args>
      <args> x59 x87 40 </args>
      <args> x59 x88 8 </args>
      <args> x59 x135 6 </args>
      <args> x59 x136 29 </args>
      <args> x59 x151 22 </args>
      <args> x59 x152 6 </args>
      <args> x59 x161 2 </args>
      <args> x59 x162 1 </args>
      <args> x59 x165 2 </args>
      <args> x59 x166 3 </args>
      <args> x59 x167 15 </args>
      <args> x59 x168 53 </args>
      <args> x59 x183 12 </args>
      <args> x59 x184 9 </args>
      <args> x59 x191 11 </args>
      <args> x59 x192 17 </args>
      <args> x60 x87 76 </args>
      <args> x60 x88 44 </args>
      <args> x60 x135 50 </args>
      <args> x60 x136 5 </args>
      <args> x60 x145 47 </args>
      <args> x60 x146 22 </args>
      <args> x60 x151 20 </args>
      <args> x60 x152 28 </args>
      <args> x60 x165 7 </args>
      <args> x60 x166 12 </args>
      <args> x60 x167 2 </args>
      <args> x60 x168 12 </args>
      <args> x60 x183 33 </args>
      <args> x60 x184 2 </args>
      <args> x60 x191 10 </args>
      <args> x60 x192 37 </args>
      <args> x61 x75 8 </args>
      <args> x61 x76 33 </args>
      <args> x63 x65 41 </args>
      <args> x63 x66 9 </args>
      <args> x63 x85 6 </args>
      <args> x63 x86 35 </args>
      <args> x63 x119 7 </args>
      <args> x65 x67 38 </args>
      <args> x65 x68 27 </args>
      <args> x65 x89 6 </args>
      <args> x65 x180 12 </args>
      <args> x66 x183 4 </args>
      <args> x66 x184 7 </args>
      <args> x67 x91 2 </args>
      <args> x67 x92 6 </args>
      <args> x67 x97 5 </args>
      <args> x67 x98 34 </args>
      <args> x67 x99 10 </args>
      <args> x67 x100 14 </args>
      <args> x67 x101 10 </args>
      <args> x67 x102 6 </args>
      <args> x67 x105 23 </args>
      <args> x67 x106 42 </args>
      <args> x67 x149 27 </args>
      <args> x67 x150 24 </args>
      <args> x67 x159 6 </args>
      <args> x67 x160 1 </args>
      <args> x68 x91 26 </args>
      <args> x68 x92 48 </args>
      <args> x68 x97 56 </args>
      <args> x68 x98 18 </args>
      <args> x68 x101 1 </args>
      <args> x68 x102 3 </args>
      <args> x68 x105 33 </args>
      <args> x68 x106 18 </args>
      <args> x68 x149 5 </args>
      <args> x68 x150 14 </args>
      <args> x68 x159 1 </args>
      <args> x68 x160 4 </args>
      <args> x69 x83 9 </args>
      <args> x71 x107 2 </args>
      <args> x71 x111 21 </args>
      <args> x71 x142 15 </args>
      <args> x71 x153 41 </args>
      <args> x71 x157 31 </args>
      <args> x71 x158 56 </args>
      <args> x71 x171 4 </args>
      <args> x72 x111 21 </args>
      <args> x72 x141 2 </args>
      <args> x72 x171 26 </args>
      <args> x72 x187 46 </args>
      <args> x72 x188 1 </args>
      <args> x73 x79 25 </args>
      <args> x74 x95 13 </args>
      <args> x74 x96 4 </args>
      <args> x75 x121 9 </args>
      <args> x75 x122 20 </args>
      <args> x75 x127 14 </args>
      <args> x75 x128 2 </args>
      <args> x75 x147 2 </args>
      <args> x75 x148 12 </args>
      <args> x75 x163 15 </args>
      <args> x75 x164 3 </args>
      <args> x75 x175 5 </args>
      <args> x75 x176 9 </args>
      <args> x76 x121 17 </args>
      <args> x76 x122 25 </args>
      <args> x76 x127 20 </args>
      <args> x76 x128 20 </args>
      <args> x76 x147 1 </args>
      <args> x76 x148 11 </args>
      <args> x76 x175 5 </args>
      <args> x76 x176 16 </args>
      <args> x77 x95 12 </args>
      <args> x77 x96 28 </args>
      <args> x77 x115 10 </args>
      <args> x77 x116 12 </args>
      <args> x77 x119 9 </args>
      <args> x77 x120 9 </args>
      <args> x77 x133 12 </args>
      <args> x77 x134 51 </args>
      <args> x77 x161 28 </args>
      <args> x77 x162 6 </args>
      <args> x77 x169 10 </args>
      <args> x77 x170 12 </args>
      <args> x77 x181 13 </args>
      <args> x77 x182 9 </args>
      <args> x77 x185 37 </args>
      <args> x77 x186 31 </args>
      <args> x77 x193 36 </args>
      <args> x77 x194 2 </args>
      <args> x78 x95 14 </args>
      <args> x78 x96 34 </args>
      <args> x78 x115 37 </args>
      <args> x78 x116 38 </args>
      <args> x78 x133 9 </args>
      <args> x78 x134 43 </args>
      <args> x78 x161 14 </args>
      <args> x78 x162 44 </args>
      <args> x78 x169 9 </args>
      <args> x78 x170 2 </args>
      <args> x78 x181 7 </args>
      <args> x78 x182 9 </args>
      <args> x78 x183 33 </args>
      <args> x78 x184 13 </args>
      <args> x78 x185 6 </args>
      <args> x78 x186 37 </args>
      <args> x78 x193 5 </args>
      <args> x78 x194 19 </args>
      <args> x79 x197 1 </args>
      <args> x79 x199 52 </args>
      <args> x79 x200 1 </args>
      <args> x80 x197 2 </args>
      <args> x80 x198 7 </args>
      <args> x81 x135 26 </args>
      <args> x81 x136 10 </args>
      <args> x81 x196 1 </args>
      <args> x82 x93 1 </args>
      <args> x84 x185 51 </args>
      <args> x84 x186 6 </args>
      <args> x85 x119 16 </args>
      <args> x85 x120 47 </args>
      <args> x85 x157 23 </args>
      <args> x85 x158 20 </args>
      <args> x85 x187 5 </args>
      <args> x85 x190 5 </args>
      <args> x86 x145 18 </args>
      <args> x86 x151 30 </args>
      <args> x86 x152 8 </args>
      <args> x86 x188 11 </args>
      <args> x87 x135 42 </args>
      <args> x87 x136 51 </args>
      <args> x87 x151 3 </args>
      <args> x87 x152 49 </args>
      <args> x87 x165 56 </args>
      <args> x87 x166 26 </args>
      <args> x87 x167 40 </args>
      <args> x87 x168 8 </args>
      <args> x87 x183 13 </args>
      <args> x87 x184 26 </args>
      <args> x87 x191 6 </args>
      <args> x87 x192 54 </args>
      <args> x88 x135 22 </args>
      <args> x88 x136 5 </args>
      <args> x88 x151 51 </args>
      <args> x88 x152 2 </args>
      <args> x88 x159 2 </args>
      <args> x88 x160 10 </args>
      <args> x88 x165 20 </args>
      <args> x88 x166 33 </args>
      <args> x88 x167 52 </args>
      <args> x88 x168 21 </args>
      <args> x88 x183 4 </args>
      <args> x88 x184 5 </args>
      <args> x88 x191 29 </args>
      <args> x88 x192 20 </args>
      <args> x89 x100 56 </args>
      <args> x89 x180 12 </args>
      <args> x90 x117 2 </args>
      <args> x90 x118 50 </args>
      <args> x91 x97 79 </args>
      <args> x91 x98 6 </args>
      <args> x91 x101 19 </args>
      <args> x91 x102 52 </args>
      <args> x91 x105 10 </args>
      <args> x91 x106 21 </args>
      <args> x91 x149 8 </args>
      <args> x91 x150 17 </args>
      <args> x91 x159 27 </args>
      <args> x91 x160 7 </args>
      <args> x92 x97 4 </args>
      <args> x92 x98 42 </args>
      <args> x92 x101 16 </args>
      <args> x92 x102 4 </args>
      <args> x92 x105 8 </args>
      <args> x92 x106 8 </args>
      <args> x92 x149 9 </args>
      <args> x92 x150 32 </args>
      <args> x92 x159 35 </args>
      <args> x92 x160 7 </args>
      <args> x93 x137 12 </args>
      <args> x93 x196 35 </args>
      <args> x94 x123 2 </args>
      <args> x95 x109 17 </args>
      <args> x95 x110 11 </args>
      <args> x95 x115 39 </args>
      <args> x95 x116 21 </args>
      <args> x95 x133 9 </args>
      <args> x95 x134 36 </args>
      <args> x95 x161 40 </args>
      <args> x95 x162 5 </args>
      <args> x95 x169 7 </args>
      <args> x95 x170 27 </args>
      <args> x95 x181 3 </args>
      <args> x95 x182 71 </args>
      <args> x95 x185 21 </args>
      <args> x95 x186 27 </args>
      <args> x95 x193 48 </args>
      <args> x95 x194 16 </args>
      <args> x96 x115 10 </args>
      <args> x96 x116 12 </args>
      <args> x96 x133 25 </args>
      <args> x96 x134 7 </args>
      <args> x96 x161 12 </args>
      <args> x96 x162 9 </args>
      <args> x96 x169 8 </args>
      <args> x96 x170 4 </args>
      <args> x96 x181 2 </args>
      <args> x96 x182 9 </args>
      <args> x96 x185 8 </args>
      <args> x96 x186 24 </args>
      <args> x96 x187 6 </args>
      <args> x96 x188 8 </args>
      <args> x96 x193 51 </args>
      <args> x96 x194 24 </args>
      <args> x97 x101 12 </args>
      <args> x97 x102 19 </args>
      <args> x97 x105 14 </args>
      <args> x97 x106 12 </args>
      <args> x97 x149 16 </args>
      <args> x97 x150 4 </args>
      <args> x97 x159 1 </args>
      <args> x97 x160 33 </args>
      <args> x98 x101 25 </args>
      <args> x98 x102 15 </args>
      <args> x98 x105 12 </args>
      <args> x98 x106 2 </args>
      <args> x98 x149 8 </args>
      <args> x98 x150 26 </args>
      <args> x98 x159 24 </args>
      <args> x98 x160 2 </args>
      <args> x99 x118 8 </args>
      <args> x99 x155 9 </args>
      <args> x99 x156 7 </args>
      <args> x99 x179 19 </args>
      <args> x99 x180 12 </args>
      <args> x100 x155 25 </args>
      <args> x100 x193 14 </args>
      <args> x100 x194 47 </args>
      <args> x101 x105 17 </args>
      <args> x101 x106 7 </args>
      <args> x101 x149 20 </args>
      <args> x101 x150 1 </args>
      <args> x101 x159 8 </args>
      <args> x101 x160 3 </args>
      <args> x102 x105 2 </args>
      <args> x102 x106 1 </args>
      <args> x102 x149 51 </args>
      <args> x102 x150 28 </args>
      <args> x102 x159 16 </args>
      <args> x102 x160 21 </args>
      <args> x102 x169 36 </args>
      <args> x102 x170 24 </args>
      <args> x103 x145 6 </args>
      <args> x103 x146 18 </args>
      <args> x103 x153 27 </args>
      <args> x103 x172 9 </args>
      <args> x104 x107 4 </args>
      <args> x104 x111 7 </args>
      <args> x104 x143 56 </args>
      <args> x104 x144 20 </args>
      <args> x105 x149 9 </args>
      <args> x105 x150 2 </args>
      <args> x105 x159 50 </args>
      <args> x105 x160 39 </args>
      <args> x106 x149 42 </args>
      <args> x106 x150 24 </args>
      <args> x106 x159 7 </args>
      <args> x106 x160 41 </args>
      <args> x107 x112 6 </args>
      <args> x107 x145 17 </args>
      <args> x107 x146 1 </args>
      <args> x107 x172 36 </args>
      <args> x108 x111 16 </args>
      <args> x108 x112 33 </args>
      <args> x108 x142 3 </args>
      <args> x109 x144 8 </args>
      <args> x109 x183 27 </args>
      <args> x109 x184 11 </args>
      <args> x110 x132 2 </args>
      <args> x110 x143 6 </args>
      <args> x111 x141 48 </args>
      <args> x111 x153 4 </args>
      <args> x111 x171 6 </args>
      <args> x112 x142 50 </args>
      <args> x115 x133 33 </args>
      <args> x115 x134 3 </args>
      <args> x115 x161 31 </args>
      <args> x115 x162 8 </args>
      <args> x115 x163 39 </args>
      <args> x115 x164 46 </args>
      <args> x115 x169 12 </args>
      <args> x115 x170 23 </args>
      <args> x115 x181 45 </args>
      <args> x115 x182 8 </args>
      <args> x115 x185 6 </args>
      <args> x115 x186 6 </args>
      <args> x115 x193 8 </args>
      <args> x115 x194 15 </args>
      <args> x116 x133 4 </args>
      <args> x116 x134 54 </args>
      <args> x116 x145 2 </args>
      <args> x116 x146 4 </args>
      <args> x116 x161 13 </args>
      <args> x116 x162 56 </args>
      <args> x116 x169 16 </args>
      <args> x116 x170 3 </args>
      <args> x116 x181 10 </args>
      <args> x116 x182 11 </args>
      <args> x116 x185 8 </args>
      <args> x116 x186 35 </args>
      <args> x116 x193 4 </args>
      <args> x116 x194 28 </args>
      <args> x117 x156 19 </args>
      <args> x117 x180 23 </args>
      <args> x119 x177 8 </args>
      <args> x119 x187 17 </args>
      <args> x119 x190 16 </args>
      <args> x120 x145 6 </args>
      <args> x121 x125 10 </args>
      <args> x121 x126 48 </args>
      <args> x121 x127 5 </args>
      <args> x121 x128 25 </args>
      <args> x121 x147 28 </args>
      <args> x121 x148 24 </args>
      <args> x121 x175 14 </args>
      <args> x121 x176 3 </args>
      <args> x122 x127 4 </args>
      <args> x122 x128 16 </args>
      <args> x122 x147 33 </args>
      <args> x122 x148 41 </args>
      <args> x122 x175 24 </args>
      <args> x122 x176 1 </args>
      <args> x123 x137 11 </args>
      <args> x123 x138 50 </args>
      <args> x123 x196 2 </args>
      <args> x124 x133 12 </args>
      <args> x124 x134 48 </args>
      <args> x124 x137 31 </args>
      <args> x124 x195 3 </args>
      <args> x125 x195 4 </args>
      <args> x126 x137 18 </args>
      <args> x127 x133 22 </args>
      <args> x127 x134 5 </args>
      <args> x127 x147 32 </args>
      <args> x127 x148 19 </args>
      <args> x127 x175 25 </args>
      <args> x127 x176 9 </args>
      <args> x128 x147 6 </args>
      <args> x128 x148 10 </args>
      <args> x128 x175 9 </args>
      <args> x128 x176 10 </args>
      <args> x129 x131 13 </args>
      <args> x129 x132 31 </args>
      <args> x129 x144 48 </args>
      <args> x129 x157 48 </args>
      <args> x130 x132 1 </args>
      <args> x130 x140 11 </args>
      <args> x130 x143 1 </args>
      <args> x130 x144 10 </args>
      <args> x130 x145 35 </args>
      <args> x130 x146 3 </args>
      <args> x130 x164 23 </args>
      <args> x131 x140 33 </args>
      <args> x132 x165 33 </args>
      <args> x132 x166 32 </args>
      <args> x133 x161 27 </args>
      <args> x133 x162 44 </args>
      <args> x133 x163 33 </args>
      <args> x133 x164 31 </args>
      <args> x133 x169 19 </args>
      <args> x133 x170 2 </args>
      <args> x133 x181 7 </args>
      <args> x133 x182 25 </args>
      <args> x133 x185 4 </args>
      <args> x133 x186 40 </args>
      <args> x133 x193 10 </args>
      <args> x133 x194 13 </args>
      <args> x134 x161 7 </args>
      <args> x134 x162 16 </args>
      <args> x134 x169 16 </args>
      <args> x134 x170 4 </args>
      <args> x134 x181 39 </args>
      <args> x134 x182 28 </args>
      <args> x134 x185 16 </args>
      <args> x134 x186 39 </args>
      <args> x134 x193 9 </args>
      <args> x134 x194 26 </args>
      <args> x135 x151 6 </args>
      <args> x135 x152 21 </args>
      <args> x135 x157 30 </args>
      <args> x135 x158 1 </args>
      <args> x135 x165 20 </args>
      <args> x135 x166 8 </args>
      <args> x135 x167 36 </args>
      <args> x135 x168 24 </args>
      <args> x135 x183 22 </args>
      <args> x135 x184 32 </args>
      <args> x135 x191 1 </args>
      <args> x135 x192 9 </args>
      <args> x136 x151 16 </args>
      <args> x136 x152 11 </args>
      <args> x136 x165 36 </args>
      <args> x136 x166 11 </args>
      <args> x136 x167 8 </args>
      <args> x136 x168 15 </args>
      <args> x136 x183 1 </args>
      <args> x136 x184 5 </args>
      <args> x136 x191 4 </args>
      <args> x136 x192 3 </args>
      <args> x138 x197 18 </args>
      <args> x138 x198 21 </args>
      <args> x140 x143 35 </args>
      <args> x140 x158 23 </args>
      <args> x140 x174 32 </args>
      <args> x141 x153 50 </args>
      <args> x142 x171 33 </args>
      <args> x142 x172 41 </args>
      <args> x143 x159 23 </args>
      <args> x143 x160 56 </args>
      <args> x143 x163 18 </args>
      <args> x144 x173 69 </args>
      <args> x145 x188 2 </args>
      <args> x145 x189 4 </args>
      <args> x146 x187 50 </args>
      <args> x146 x190 3 </args>
      <args> x147 x161 5 </args>
      <args> x147 x162 22 </args>
      <args> x147 x175 10 </args>
      <args> x147 x176 3 </args>
      <args> x148 x175 1 </args>
      <args> x148 x176 45 </args>
      <args> x149 x159 33 </args>
      <args> x149 x160 5 </args>
      <args> x150 x159 22 </args>
      <args> x150 x160 50 </args>
      <args> x151 x165 14 </args>
      <args> x151 x166 7 </args>
      <args> x151 x167 1 </args>
      <args> x151 x168 53 </args>
      <args> x151 x183 13 </args>
      <args> x151 x184 18 </args>
      <args> x151 x191 41 </args>
      <args> x151 x192 2 </args>
      <args> x151 x197 8 </args>
      <args> x151 x198 6 </args>
      <args> x152 x165 16 </args>
      <args> x152 x166 46 </args>
      <args> x152 x167 11 </args>
      <args> x152 x168 39 </args>
      <args> x152 x173 18 </args>
      <args> x152 x174 5 </args>
      <args> x152 x183 1 </args>
      <args> x152 x184 55 </args>
      <args> x152 x191 27 </args>
      <args> x152 x192 46 </args>
      <args> x154 x175 40 </args>
      <args> x154 x176 9 </args>
      <args> x156 x180 37 </args>
      <args> x156 x181 16 </args>
      <args> x156 x182 7 </args>
      <args> x158 x173 2 </args>
      <args> x158 x191 3 </args>
      <args> x158 x192 11 </args>
      <args> x159 x169 12 </args>
      <args> x159 x170 43 </args>
      <args> x160 x163 2 </args>
      <args> x160 x164 18 </args>
      <args> x161 x167 19 </args>
      <args> x161 x168 1 </args>
      <args> x161 x169 14 </args>
      <args> x161 x170 10 </args>
      <args> x161 x181 37 </args>
      <args> x161 x182 17 </args>
      <args> x161 x185 4 </args>
      <args> x161 x186 50 </args>
      <args> x161 x193 8 </args>
      <args> x161 x194 18 </args>
      <args> x162 x169 35 </args>
      <args> x162 x170 6 </args>
      <args> x162 x173 27 </args>
      <args> x162 x174 39 </args>
      <args> x162 x181 27 </args>
      <args> x162 x182 20 </args>
      <args> x162 x185 33 </args>
      <args> x162 x186 36 </args>
      <args> x162 x193 10 </args>
      <args> x162 x194 7 </args>
      <args> x164 x174 34 </args>
      <args> x164 x183 1 </args>
      <args> x164 x184 22 </args>
      <args> x165 x167 2 </args>
      <args> x165 x168 25 </args>
      <args> x165 x183 29 </args>
      <args> x165 x184 27 </args>
      <args> x165 x191 34 </args>
      <args> x165 x192 4 </args>
      <args> x166 x167 4 </args>
      <args> x166 x168 5 </args>
      <args> x166 x183 6 </args>
      <args> x166 x184 23 </args>
      <args> x166 x191 14 </args>
      <args> x166 x192 19 </args>
      <args> x167 x183 22 </args>
      <args> x167 x184 27 </args>
      <args> x167 x191 3 </args>
      <args> x167 x192 8 </args>
      <args> x168 x183 18 </args>
      <args> x168 x184 1 </args>
      <args> x168 x191 19 </args>
      <args> x168 x192 43 </args>
      <args> x169 x181 7 </args>
      <args> x169 x182 20 </args>
      <args> x169 x185 19 </args>
      <args> x169 x186 23 </args>
      <args> x169 x193 45 </args>
      <args> x169 x194 38 </args>
      <args> x170 x181 2 </args>
      <args> x170 x182 20 </args>
      <args> x170 x185 3 </args>
      <args> x170 x186 46 </args>
      <args> x170 x191 20 </args>
      <args> x170 x192 1 </args>
      <args> x170 x193 41 </args>
      <args> x170 x194 55 </args>
      <args> x172 x175 19 </args>
      <args> x172 x176 38 </args>
      <args> x174 x179 17 </args>
      <args> x174 x180 17 </args>
      <args> x176 x195 17 </args>
      <args> x176 x196 50 </args>
      <args> x178 x189 7 </args>
      <args> x180 x187 54 </args>
      <args> x180 x188 13 </args>
      <args> x181 x183 8 </args>
      <args> x181 x184 21 </args>
      <args> x181 x185 35 </args>
      <args> x181 x186 13 </args>
      <args> x181 x193 36 </args>
      <args> x181 x194 6 </args>
      <args> x182 x185 32 </args>
      <args> x182 x186 19 </args>
      <args> x182 x187 34 </args>
      <args> x182 x188 18 </args>
      <args> x182 x193 20 </args>
      <args> x182 x194 49 </args>
      <args> x183 x191 1 </args>
      <args> x183 x192 5 </args>
      <args> x184 x191 5 </args>
      <args> x184 x192 25 </args>
      <args> x185 x193 16 </args>
      <args> x185 x194 1 </args>
      <args> x186 x193 10 </args>
      <args> x186 x194 7 </args>
      <args> x186 x195 21 </args>
      <args> x186 x196 35 </args>
      <args> x190 x195 6 </args>
      <args> x190 x196 4 </args>
      <args> x192 x195 2 </args>
      <args> x192 x196 34 </args>
      <args> x194 x197 3 </args>
      <args> x194 x198 3 </args>
      <args> x196 x197 16 </args>
      <args> x196 x198 8 </args>
    </group>
  </constraints>
</instance>
