<instance format="XCSP3" type="CSP">
  <variables>
    <var id="x143"> 16 30 44 58 72 86 100 114 128 142 156 254 268 282 296 310 324 338 352 366 380 394 414 428 442 456 470 484 498 512 526 540 554 652 666 680 694 708 722 736 750 764 778 792 </var>
    <var as="x143" id="x144"/>
    <var as="x143" id="x145"/>
    <var as="x143" id="x146"/>
    <var as="x143" id="x269"/>
    <var as="x143" id="x270"/>
    <var as="x143" id="x271"/>
    <var as="x143" id="x272"/>
    <var as="x143" id="x273"/>
    <var as="x143" id="x274"/>
    <var as="x143" id="x275"/>
    <var as="x143" id="x276"/>
    <var as="x143" id="x277"/>
    <var as="x143" id="x278"/>
    <var as="x143" id="x281"/>
    <var as="x143" id="x282"/>
    <var as="x143" id="x283"/>
    <var as="x143" id="x284"/>
    <var as="x143" id="x341"/>
    <var as="x143" id="x342"/>
    <var as="x143" id="x343"/>
    <var as="x143" id="x344"/>
    <var id="x555"> 30 44 58 72 86 100 114 128 142 268 282 296 310 324 338 352 366 380 428 442 456 470 484 498 512 526 540 666 680 694 708 722 736 750 764 778 </var>
    <var as="x555" id="x556"/>
    <var as="x555" id="x583"/>
    <var as="x555" id="x584"/>
    <var as="x143" id="x713"/>
    <var as="x143" id="x714"/>
    <var as="x143" id="x717"/>
    <var as="x143" id="x718"/>
    <var as="x143" id="x719"/>
    <var as="x143" id="x720"/>
    <var as="x143" id="x721"/>
    <var as="x143" id="x722"/>
    <var as="x143" id="x723"/>
    <var as="x143" id="x724"/>
  </variables>
  <constraints>
    <group>
      <intension> eq(dist(%0,%1),%2) </intension>
      <args> x143 x144 238 </args>
      <args> x145 x146 238 </args>
      <args> x269 x270 238 </args>
      <args> x271 x272 238 </args>
      <args> x273 x274 238 </args>
      <args> x275 x276 238 </args>
      <args> x277 x278 238 </args>
      <args> x281 x282 238 </args>
      <args> x283 x284 238 </args>
      <args> x341 x342 238 </args>
      <args> x343 x344 238 </args>
      <args> x555 x556 238 </args>
      <args> x583 x584 238 </args>
      <args> x713 x714 238 </args>
      <args> x717 x718 238 </args>
      <args> x719 x720 238 </args>
      <args> x721 x722 238 </args>
      <args> x723 x724 238 </args>
    </group>
    <group>
      <intension> gt(dist(%0,%1),%2) </intension>
      <args> x143 x145 59 </args>
      <args> x143 x146 186 </args>
      <args> x143 x273 65 </args>
      <args> x143 x274 206 </args>
      <args> x143 x275 517 </args>
      <args> x143 x276 341 </args>
      <args> x143 x277 493 </args>
      <args> x143 x278 349 </args>
      <args> x143 x281 236 </args>
      <args> x143 x282 93 </args>
      <args> x143 x283 68 </args>
      <args> x143 x284 242 </args>
      <args> x143 x341 252 </args>
      <args> x143 x342 77 </args>
      <args> x143 x343 252 </args>
      <args> x143 x344 75 </args>
      <args> x143 x713 493 </args>
      <args> x143 x714 349 </args>
      <args> x143 x717 517 </args>
      <args> x143 x718 341 </args>
      <args> x143 x719 517 </args>
      <args> x143 x720 341 </args>
      <args> x143 x721 453 </args>
      <args> x143 x722 302 </args>
      <args> x143 x723 59 </args>
      <args> x143 x724 186 </args>
      <args> x144 x145 186 </args>
      <args> x144 x146 59 </args>
      <args> x144 x273 114 </args>
      <args> x144 x274 65 </args>
      <args> x144 x275 342 </args>
      <args> x144 x276 200 </args>
      <args> x144 x277 349 </args>
      <args> x144 x278 175 </args>
      <args> x144 x281 93 </args>
      <args> x144 x282 86 </args>
      <args> x144 x283 112 </args>
      <args> x144 x284 68 </args>
      <args> x144 x341 77 </args>
      <args> x144 x342 102 </args>
      <args> x144 x343 77 </args>
      <args> x144 x344 102 </args>
      <args> x144 x713 349 </args>
      <args> x144 x714 175 </args>
      <args> x144 x717 342 </args>
      <args> x144 x718 200 </args>
      <args> x144 x719 342 </args>
      <args> x144 x720 200 </args>
      <args> x144 x721 302 </args>
      <args> x144 x722 135 </args>
      <args> x144 x723 186 </args>
      <args> x144 x724 59 </args>
      <args> x145 x273 65 </args>
      <args> x145 x274 206 </args>
      <args> x145 x275 517 </args>
      <args> x145 x276 341 </args>
      <args> x145 x277 493 </args>
      <args> x145 x278 349 </args>
      <args> x145 x281 236 </args>
      <args> x145 x282 93 </args>
      <args> x145 x283 68 </args>
      <args> x145 x284 242 </args>
      <args> x145 x341 252 </args>
      <args> x145 x342 77 </args>
      <args> x145 x343 252 </args>
      <args> x145 x344 75 </args>
      <args> x145 x713 493 </args>
      <args> x145 x714 349 </args>
      <args> x145 x717 517 </args>
      <args> x145 x718 341 </args>
      <args> x145 x719 517 </args>
      <args> x145 x720 341 </args>
      <args> x145 x721 453 </args>
      <args> x145 x722 302 </args>
      <args> x145 x723 59 </args>
      <args> x145 x724 186 </args>
      <args> x146 x273 114 </args>
      <args> x146 x274 65 </args>
      <args> x146 x275 342 </args>
      <args> x146 x276 200 </args>
      <args> x146 x277 349 </args>
      <args> x146 x278 175 </args>
      <args> x146 x281 93 </args>
      <args> x146 x282 86 </args>
      <args> x146 x283 112 </args>
      <args> x146 x284 68 </args>
      <args> x146 x341 77 </args>
      <args> x146 x342 102 </args>
      <args> x146 x343 77 </args>
      <args> x146 x344 102 </args>
      <args> x146 x713 349 </args>
      <args> x146 x714 175 </args>
      <args> x146 x717 342 </args>
      <args> x146 x718 200 </args>
      <args> x146 x719 342 </args>
      <args> x146 x720 200 </args>
      <args> x146 x721 302 </args>
      <args> x146 x722 135 </args>
      <args> x146 x723 186 </args>
      <args> x146 x724 59 </args>
      <args> x269 x271 59 </args>
      <args> x269 x272 186 </args>
      <args> x269 x273 436 </args>
      <args> x269 x274 293 </args>
      <args> x269 x275 21 </args>
      <args> x269 x276 158 </args>
      <args> x269 x277 12 </args>
      <args> x269 x278 168 </args>
      <args> x269 x555 349 </args>
      <args> x269 x556 490 </args>
      <args> x269 x583 224 </args>
      <args> x269 x584 53 </args>
      <args> x269 x713 12 </args>
      <args> x269 x714 168 </args>
      <args> x269 x717 21 </args>
      <args> x269 x718 158 </args>
      <args> x269 x719 21 </args>
      <args> x269 x720 158 </args>
      <args> x270 x271 186 </args>
      <args> x270 x272 59 </args>
      <args> x270 x273 293 </args>
      <args> x270 x274 117 </args>
      <args> x270 x275 196 </args>
      <args> x270 x276 20 </args>
      <args> x270 x277 186 </args>
      <args> x270 x278 10 </args>
      <args> x270 x555 173 </args>
      <args> x270 x556 349 </args>
      <args> x270 x583 48 </args>
      <args> x270 x584 130 </args>
      <args> x270 x713 186 </args>
      <args> x270 x714 10 </args>
      <args> x270 x717 196 </args>
      <args> x270 x718 20 </args>
      <args> x270 x719 196 </args>
      <args> x270 x720 20 </args>
      <args> x271 x273 436 </args>
      <args> x271 x274 293 </args>
      <args> x271 x275 21 </args>
      <args> x271 x276 158 </args>
      <args> x271 x277 12 </args>
      <args> x271 x278 168 </args>
      <args> x271 x555 349 </args>
      <args> x271 x556 490 </args>
      <args> x271 x583 224 </args>
      <args> x271 x584 53 </args>
      <args> x271 x713 12 </args>
      <args> x271 x714 168 </args>
      <args> x271 x717 21 </args>
      <args> x271 x718 158 </args>
      <args> x271 x719 21 </args>
      <args> x271 x720 158 </args>
      <args> x272 x273 293 </args>
      <args> x272 x274 117 </args>
      <args> x272 x275 196 </args>
      <args> x272 x276 20 </args>
      <args> x272 x277 186 </args>
      <args> x272 x278 11 </args>
      <args> x272 x555 173 </args>
      <args> x272 x556 349 </args>
      <args> x272 x583 48 </args>
      <args> x272 x584 130 </args>
      <args> x272 x713 186 </args>
      <args> x272 x714 11 </args>
      <args> x272 x717 196 </args>
      <args> x272 x718 20 </args>
      <args> x272 x719 196 </args>
      <args> x272 x720 20 </args>
      <args> x273 x275 471 </args>
      <args> x273 x276 321 </args>
      <args> x273 x277 446 </args>
      <args> x273 x278 302 </args>
      <args> x273 x555 121 </args>
      <args> x273 x556 64 </args>
      <args> x273 x583 246 </args>
      <args> x273 x584 395 </args>
      <args> x273 x713 446 </args>
      <args> x273 x714 302 </args>
      <args> x273 x717 471 </args>
      <args> x273 x718 321 </args>
      <args> x273 x719 471 </args>
      <args> x273 x720 321 </args>
      <args> x273 x721 405 </args>
      <args> x273 x722 230 </args>
      <args> x273 x723 65 </args>
      <args> x273 x724 114 </args>
      <args> x274 x275 321 </args>
      <args> x274 x276 154 </args>
      <args> x274 x277 302 </args>
      <args> x274 x278 128 </args>
      <args> x274 x555 64 </args>
      <args> x274 x556 233 </args>
      <args> x274 x583 77 </args>
      <args> x274 x584 246 </args>
      <args> x274 x713 302 </args>
      <args> x274 x714 128 </args>
      <args> x274 x717 321 </args>
      <args> x274 x718 154 </args>
      <args> x274 x719 321 </args>
      <args> x274 x720 154 </args>
      <args> x274 x721 229 </args>
      <args> x274 x722 88 </args>
      <args> x274 x723 206 </args>
      <args> x274 x724 65 </args>
      <args> x275 x277 13 </args>
      <args> x275 x278 186 </args>
      <args> x275 x555 368 </args>
      <args> x275 x556 516 </args>
      <args> x275 x583 242 </args>
      <args> x275 x584 73 </args>
      <args> x275 x713 13 </args>
      <args> x275 x714 186 </args>
      <args> x275 x717 59 </args>
      <args> x275 x718 186 </args>
      <args> x275 x719 59 </args>
      <args> x275 x720 186 </args>
      <args> x275 x721 84 </args>
      <args> x275 x722 226 </args>
      <args> x275 x723 517 </args>
      <args> x275 x724 342 </args>
      <args> x276 x277 168 </args>
      <args> x276 x278 12 </args>
      <args> x276 x555 199 </args>
      <args> x276 x556 368 </args>
      <args> x276 x583 73 </args>
      <args> x276 x584 112 </args>
      <args> x276 x713 168 </args>
      <args> x276 x714 12 </args>
      <args> x276 x717 186 </args>
      <args> x276 x718 59 </args>
      <args> x276 x719 186 </args>
      <args> x276 x720 59 </args>
      <args> x276 x721 94 </args>
      <args> x276 x722 84 </args>
      <args> x276 x723 341 </args>
      <args> x276 x724 200 </args>
      <args> x277 x281 258 </args>
      <args> x277 x282 433 </args>
      <args> x277 x283 426 </args>
      <args> x277 x284 284 </args>
      <args> x277 x341 274 </args>
      <args> x277 x342 417 </args>
      <args> x277 x343 274 </args>
      <args> x277 x344 415 </args>
      <args> x277 x555 358 </args>
      <args> x277 x556 501 </args>
      <args> x277 x583 233 </args>
      <args> x277 x584 64 </args>
      <args> x277 x713 59 </args>
      <args> x277 x714 186 </args>
      <args> x277 x717 13 </args>
      <args> x277 x718 168 </args>
      <args> x277 x719 13 </args>
      <args> x277 x720 168 </args>
      <args> x277 x721 60 </args>
      <args> x277 x722 233 </args>
      <args> x277 x723 493 </args>
      <args> x277 x724 349 </args>
      <args> x278 x281 116 </args>
      <args> x278 x282 257 </args>
      <args> x278 x283 284 </args>
      <args> x278 x284 108 </args>
      <args> x278 x341 98 </args>
      <args> x278 x342 274 </args>
      <args> x278 x343 98 </args>
      <args> x278 x344 274 </args>
      <args> x278 x555 183 </args>
      <args> x278 x556 358 </args>
      <args> x278 x583 63 </args>
      <args> x278 x584 121 </args>
      <args> x278 x713 186 </args>
      <args> x278 x714 59 </args>
      <args> x278 x717 186 </args>
      <args> x278 x718 12 </args>
      <args> x278 x719 186 </args>
      <args> x278 x720 12 </args>
      <args> x278 x721 121 </args>
      <args> x278 x722 59 </args>
      <args> x278 x723 349 </args>
      <args> x278 x724 175 </args>
      <args> x281 x283 187 </args>
      <args> x281 x284 84 </args>
      <args> x281 x341 56 </args>
      <args> x281 x342 161 </args>
      <args> x281 x343 56 </args>
      <args> x281 x344 159 </args>
      <args> x281 x713 258 </args>
      <args> x281 x714 116 </args>
      <args> x281 x721 202 </args>
      <args> x281 x722 60 </args>
      <args> x281 x723 236 </args>
      <args> x281 x724 93 </args>
      <args> x282 x283 84 </args>
      <args> x282 x284 169 </args>
      <args> x282 x341 159 </args>
      <args> x282 x342 56 </args>
      <args> x282 x343 159 </args>
      <args> x282 x344 56 </args>
      <args> x282 x713 433 </args>
      <args> x282 x714 257 </args>
      <args> x282 x721 377 </args>
      <args> x282 x722 202 </args>
      <args> x282 x723 93 </args>
      <args> x282 x724 86 </args>
      <args> x283 x341 186 </args>
      <args> x283 x342 12 </args>
      <args> x283 x343 186 </args>
      <args> x283 x344 10 </args>
      <args> x283 x713 426 </args>
      <args> x283 x714 284 </args>
      <args> x283 x721 370 </args>
      <args> x283 x722 228 </args>
      <args> x283 x723 68 </args>
      <args> x283 x724 112 </args>
      <args> x284 x341 10 </args>
      <args> x284 x342 168 </args>
      <args> x284 x343 10 </args>
      <args> x284 x344 168 </args>
      <args> x284 x584 210 </args>
      <args> x284 x713 284 </args>
      <args> x284 x714 108 </args>
      <args> x284 x721 228 </args>
      <args> x284 x722 53 </args>
      <args> x284 x723 242 </args>
      <args> x284 x724 68 </args>
      <args> x341 x343 59 </args>
      <args> x341 x344 186 </args>
      <args> x341 x713 274 </args>
      <args> x341 x714 98 </args>
      <args> x341 x721 218 </args>
      <args> x341 x722 43 </args>
      <args> x341 x723 252 </args>
      <args> x341 x724 77 </args>
      <args> x342 x343 186 </args>
      <args> x342 x344 59 </args>
      <args> x342 x713 417 </args>
      <args> x342 x714 274 </args>
      <args> x342 x721 361 </args>
      <args> x342 x722 218 </args>
      <args> x342 x723 77 </args>
      <args> x342 x724 102 </args>
      <args> x343 x713 274 </args>
      <args> x343 x714 98 </args>
      <args> x343 x721 218 </args>
      <args> x343 x722 43 </args>
      <args> x343 x723 252 </args>
      <args> x343 x724 77 </args>
      <args> x344 x713 415 </args>
      <args> x344 x714 274 </args>
      <args> x344 x721 359 </args>
      <args> x344 x722 218 </args>
      <args> x344 x723 75 </args>
      <args> x344 x724 102 </args>
      <args> x555 x583 126 </args>
      <args> x555 x584 302 </args>
      <args> x555 x713 358 </args>
      <args> x555 x714 183 </args>
      <args> x555 x717 368 </args>
      <args> x555 x718 199 </args>
      <args> x555 x719 368 </args>
      <args> x555 x720 199 </args>
      <args> x556 x583 302 </args>
      <args> x556 x584 443 </args>
      <args> x556 x713 501 </args>
      <args> x556 x714 358 </args>
      <args> x556 x717 516 </args>
      <args> x556 x718 368 </args>
      <args> x556 x719 516 </args>
      <args> x556 x720 368 </args>
      <args> x583 x713 233 </args>
      <args> x583 x714 63 </args>
      <args> x583 x717 242 </args>
      <args> x583 x718 73 </args>
      <args> x583 x719 242 </args>
      <args> x583 x720 73 </args>
      <args> x584 x713 64 </args>
      <args> x584 x714 121 </args>
      <args> x584 x717 73 </args>
      <args> x584 x718 112 </args>
      <args> x584 x719 73 </args>
      <args> x584 x720 112 </args>
      <args> x713 x717 13 </args>
      <args> x713 x718 168 </args>
      <args> x713 x719 13 </args>
      <args> x713 x720 168 </args>
      <args> x713 x721 60 </args>
      <args> x713 x722 233 </args>
      <args> x713 x723 493 </args>
      <args> x713 x724 349 </args>
      <args> x714 x717 186 </args>
      <args> x714 x718 12 </args>
      <args> x714 x719 186 </args>
      <args> x714 x720 12 </args>
      <args> x714 x721 121 </args>
      <args> x714 x722 59 </args>
      <args> x714 x723 349 </args>
      <args> x714 x724 175 </args>
      <args> x717 x719 59 </args>
      <args> x717 x720 186 </args>
      <args> x717 x721 84 </args>
      <args> x717 x722 226 </args>
      <args> x717 x723 517 </args>
      <args> x717 x724 342 </args>
      <args> x718 x719 186 </args>
      <args> x718 x720 59 </args>
      <args> x718 x721 94 </args>
      <args> x718 x722 84 </args>
      <args> x718 x723 341 </args>
      <args> x718 x724 200 </args>
      <args> x719 x721 84 </args>
      <args> x719 x722 226 </args>
      <args> x719 x723 517 </args>
      <args> x719 x724 342 </args>
      <args> x720 x721 94 </args>
      <args> x720 x722 84 </args>
      <args> x720 x723 341 </args>
      <args> x720 x724 200 </args>
      <args> x721 x723 453 </args>
      <args> x721 x724 302 </args>
      <args> x722 x723 302 </args>
      <args> x722 x724 135 </args>
    </group>
  </constraints>
</instance>
