<instance format="XCSP3" type="CSP">
  <variables>
    <var id="x1"> 16 30 44 58 72 86 100 114 128 142 156 254 268 282 296 310 324 338 352 366 380 </var>
    <var as="x1" id="x2"/>
    <var as="x1" id="x3"/>
    <var as="x1" id="x4"/>
    <var as="x1" id="x5"/>
    <var as="x1" id="x6"/>
    <var as="x1" id="x7"/>
    <var as="x1" id="x8"/>
    <var as="x1" id="x9"/>
    <var as="x1" id="x10"/>
    <var as="x1" id="x11"/>
    <var as="x1" id="x12"/>
    <var as="x1" id="x13"/>
    <var as="x1" id="x14"/>
    <var as="x1" id="x15"/>
    <var as="x1" id="x16"/>
    <var as="x1" id="x17"/>
    <var as="x1" id="x18"/>
    <var as="x1" id="x19"/>
    <var as="x1" id="x20"/>
    <var as="x1" id="x21"/>
    <var as="x1" id="x22"/>
    <var as="x1" id="x23"/>
    <var as="x1" id="x24"/>
    <var id="x25"> 30 44 58 72 86 100 114 128 142 156 268 282 296 310 324 338 352 366 380 </var>
    <var as="x25" id="x26"/>
    <var as="x25" id="x27"/>
    <var as="x25" id="x28"/>
    <var as="x1" id="x29"/>
    <var as="x1" id="x30"/>
    <var as="x1" id="x31"/>
    <var as="x1" id="x32"/>
    <var as="x25" id="x33"/>
    <var as="x25" id="x34"/>
    <var as="x25" id="x35"/>
    <var as="x25" id="x36"/>
    <var as="x1" id="x37"/>
    <var as="x1" id="x38"/>
    <var as="x1" id="x39"/>
    <var as="x1" id="x40"/>
    <var as="x1" id="x41"/>
    <var as="x1" id="x42"/>
    <var as="x1" id="x43"/>
    <var as="x1" id="x44"/>
    <var id="x45"> 30 44 58 72 86 100 114 128 142 268 282 296 310 324 338 352 366 380 </var>
    <var as="x45" id="x46"/>
    <var as="x1" id="x47"/>
    <var as="x1" id="x48"/>
    <var as="x25" id="x49"/>
    <var as="x25" id="x50"/>
    <var as="x25" id="x51"/>
    <var as="x25" id="x52"/>
    <var id="x53"> 142 170 240 380 </var>
    <var as="x53" id="x54"/>
    <var as="x1" id="x55"/>
    <var as="x1" id="x56"/>
    <var as="x25" id="x57"/>
    <var as="x25" id="x58"/>
    <var as="x25" id="x59"/>
    <var as="x25" id="x60"/>
    <var as="x25" id="x61"/>
    <var as="x25" id="x62"/>
    <var as="x45" id="x63"/>
    <var as="x45" id="x64"/>
    <var as="x45" id="x65"/>
    <var as="x45" id="x66"/>
    <var as="x25" id="x67"/>
    <var as="x25" id="x68"/>
    <var as="x1" id="x69"/>
    <var as="x1" id="x70"/>
    <var as="x53" id="x71"/>
    <var as="x53" id="x72"/>
    <var as="x1" id="x73"/>
    <var as="x1" id="x74"/>
    <var as="x1" id="x75"/>
    <var as="x1" id="x76"/>
    <var as="x1" id="x77"/>
    <var as="x1" id="x78"/>
    <var as="x25" id="x79"/>
    <var as="x25" id="x80"/>
    <var as="x1" id="x81"/>
    <var as="x1" id="x82"/>
    <var as="x25" id="x83"/>
    <var as="x25" id="x84"/>
    <var as="x1" id="x85"/>
    <var as="x1" id="x86"/>
    <var as="x25" id="x87"/>
    <var as="x25" id="x88"/>
    <var as="x25" id="x89"/>
    <var as="x25" id="x90"/>
    <var as="x25" id="x91"/>
    <var as="x25" id="x92"/>
    <var as="x45" id="x93"/>
    <var as="x45" id="x94"/>
    <var as="x1" id="x95"/>
    <var as="x1" id="x96"/>
    <var as="x1" id="x97"/>
    <var as="x1" id="x98"/>
    <var as="x25" id="x99"/>
    <var as="x25" id="x100"/>
    <var as="x1" id="x101"/>
    <var as="x1" id="x102"/>
    <var as="x1" id="x103"/>
    <var as="x1" id="x104"/>
    <var as="x1" id="x105"/>
    <var as="x1" id="x106"/>
    <var as="x45" id="x107"/>
    <var as="x45" id="x108"/>
    <var as="x1" id="x109"/>
    <var as="x1" id="x110"/>
    <var id="x111"> 30 58 86 114 142 268 296 324 352 380 </var>
    <var as="x111" id="x112"/>
    <var as="x45" id="x113"/>
    <var as="x45" id="x114"/>
    <var as="x1" id="x115"/>
    <var as="x1" id="x116"/>
    <var as="x1" id="x117"/>
    <var as="x1" id="x118"/>
    <var as="x53" id="x119"/>
    <var as="x53" id="x120"/>
    <var as="x25" id="x121"/>
    <var as="x25" id="x122"/>
    <var as="x25" id="x123"/>
    <var as="x25" id="x124"/>
    <var as="x45" id="x125"/>
    <var as="x45" id="x126"/>
    <var as="x45" id="x127"/>
    <var as="x45" id="x128"/>
    <var as="x53" id="x129"/>
    <var as="x53" id="x130"/>
    <var as="x1" id="x131"/>
    <var as="x1" id="x132"/>
    <var as="x1" id="x133"/>
    <var as="x1" id="x134"/>
    <var as="x53" id="x135"/>
    <var as="x53" id="x136"/>
    <var as="x25" id="x137"/>
    <var as="x25" id="x138"/>
    <var as="x25" id="x139"/>
    <var as="x25" id="x140"/>
    <var as="x25" id="x141"/>
    <var as="x25" id="x142"/>
    <var as="x45" id="x143"/>
    <var as="x45" id="x144"/>
    <var as="x25" id="x145"/>
    <var as="x25" id="x146"/>
    <var as="x25" id="x147"/>
    <var as="x25" id="x148"/>
    <var as="x1" id="x149"/>
    <var as="x1" id="x150"/>
    <var as="x1" id="x151"/>
    <var as="x1" id="x152"/>
    <var as="x1" id="x153"/>
    <var as="x1" id="x154"/>
    <var as="x53" id="x155"/>
    <var as="x53" id="x156"/>
    <var as="x1" id="x157"/>
    <var as="x1" id="x158"/>
    <var as="x1" id="x159"/>
    <var as="x1" id="x160"/>
    <var as="x1" id="x161"/>
    <var as="x1" id="x162"/>
    <var as="x53" id="x163"/>
    <var as="x53" id="x164"/>
    <var as="x1" id="x165"/>
    <var as="x1" id="x166"/>
    <var as="x45" id="x167"/>
    <var as="x45" id="x168"/>
    <var as="x25" id="x169"/>
    <var as="x25" id="x170"/>
    <var as="x25" id="x171"/>
    <var as="x25" id="x172"/>
    <var as="x45" id="x173"/>
    <var as="x45" id="x174"/>
    <var as="x1" id="x175"/>
    <var as="x1" id="x176"/>
    <var as="x25" id="x177"/>
    <var as="x25" id="x178"/>
    <var as="x53" id="x179"/>
    <var as="x53" id="x180"/>
    <var as="x45" id="x181"/>
    <var as="x45" id="x182"/>
    <var as="x25" id="x183"/>
    <var as="x25" id="x184"/>
    <var as="x45" id="x185"/>
    <var as="x45" id="x186"/>
    <var as="x25" id="x187"/>
    <var as="x25" id="x188"/>
    <var as="x53" id="x189"/>
    <var as="x53" id="x190"/>
    <var as="x25" id="x191"/>
    <var as="x25" id="x192"/>
    <var as="x25" id="x193"/>
    <var as="x25" id="x194"/>
    <var as="x45" id="x195"/>
    <var as="x45" id="x196"/>
    <var as="x1" id="x197"/>
    <var as="x1" id="x198"/>
    <var as="x1" id="x199"/>
    <var as="x1" id="x200"/>
    <var as="x1" id="x201"/>
    <var as="x1" id="x202"/>
    <var as="x45" id="x203"/>
    <var as="x45" id="x204"/>
    <var as="x1" id="x205"/>
    <var as="x1" id="x206"/>
    <var as="x25" id="x207"/>
    <var as="x25" id="x208"/>
    <var as="x1" id="x209"/>
    <var as="x1" id="x210"/>
    <var as="x25" id="x211"/>
    <var as="x25" id="x212"/>
    <var as="x53" id="x213"/>
    <var as="x53" id="x214"/>
    <var as="x1" id="x215"/>
    <var as="x1" id="x216"/>
    <var as="x1" id="x217"/>
    <var as="x1" id="x218"/>
    <var as="x25" id="x219"/>
    <var as="x25" id="x220"/>
    <var as="x25" id="x221"/>
    <var as="x25" id="x222"/>
    <var as="x25" id="x223"/>
    <var as="x25" id="x224"/>
    <var as="x1" id="x225"/>
    <var as="x1" id="x226"/>
    <var as="x53" id="x227"/>
    <var as="x53" id="x228"/>
    <var as="x1" id="x229"/>
    <var as="x1" id="x230"/>
    <var as="x1" id="x231"/>
    <var as="x1" id="x232"/>
    <var as="x45" id="x233"/>
    <var as="x45" id="x234"/>
    <var as="x45" id="x235"/>
    <var as="x45" id="x236"/>
    <var as="x45" id="x237"/>
    <var as="x45" id="x238"/>
    <var as="x1" id="x239"/>
    <var as="x1" id="x240"/>
    <var as="x25" id="x241"/>
    <var as="x25" id="x242"/>
    <var as="x25" id="x243"/>
    <var as="x25" id="x244"/>
    <var as="x45" id="x245"/>
    <var as="x45" id="x246"/>
    <var as="x53" id="x247"/>
    <var as="x53" id="x248"/>
    <var as="x45" id="x249"/>
    <var as="x45" id="x250"/>
    <var as="x1" id="x251"/>
    <var as="x1" id="x252"/>
    <var as="x1" id="x253"/>
    <var as="x1" id="x254"/>
    <var as="x53" id="x255"/>
    <var as="x53" id="x256"/>
    <var as="x25" id="x257"/>
    <var as="x25" id="x258"/>
    <var as="x53" id="x259"/>
    <var as="x53" id="x260"/>
    <var as="x1" id="x261"/>
    <var as="x1" id="x262"/>
    <var as="x53" id="x263"/>
    <var as="x53" id="x264"/>
    <var as="x53" id="x265"/>
    <var as="x53" id="x266"/>
    <var as="x1" id="x267"/>
    <var as="x1" id="x268"/>
    <var as="x45" id="x269"/>
    <var as="x45" id="x270"/>
    <var as="x25" id="x271"/>
    <var as="x25" id="x272"/>
    <var as="x45" id="x273"/>
    <var as="x45" id="x274"/>
    <var as="x1" id="x275"/>
    <var as="x1" id="x276"/>
    <var as="x45" id="x277"/>
    <var as="x45" id="x278"/>
    <var as="x45" id="x279"/>
    <var as="x45" id="x280"/>
    <var as="x45" id="x281"/>
    <var as="x45" id="x282"/>
    <var as="x25" id="x283"/>
    <var as="x25" id="x284"/>
    <var as="x53" id="x285"/>
    <var as="x53" id="x286"/>
    <var as="x1" id="x287"/>
    <var as="x1" id="x288"/>
    <var as="x1" id="x289"/>
    <var as="x1" id="x290"/>
    <var as="x53" id="x291"/>
    <var as="x53" id="x292"/>
    <var as="x53" id="x293"/>
    <var as="x53" id="x294"/>
    <var as="x45" id="x295"/>
    <var as="x45" id="x296"/>
    <var as="x53" id="x297"/>
    <var as="x53" id="x298"/>
    <var as="x53" id="x299"/>
    <var as="x53" id="x300"/>
    <var as="x25" id="x301"/>
    <var as="x25" id="x302"/>
    <var as="x1" id="x303"/>
    <var as="x1" id="x304"/>
    <var as="x25" id="x305"/>
    <var as="x25" id="x306"/>
    <var as="x25" id="x307"/>
    <var as="x25" id="x308"/>
    <var as="x53" id="x309"/>
    <var as="x53" id="x310"/>
    <var as="x53" id="x311"/>
    <var as="x53" id="x312"/>
    <var as="x53" id="x313"/>
    <var as="x53" id="x314"/>
    <var as="x25" id="x315"/>
    <var as="x25" id="x316"/>
    <var as="x53" id="x317"/>
    <var as="x53" id="x318"/>
    <var as="x45" id="x319"/>
    <var as="x45" id="x320"/>
    <var as="x1" id="x321"/>
    <var as="x1" id="x322"/>
    <var as="x25" id="x323"/>
    <var as="x25" id="x324"/>
    <var as="x1" id="x325"/>
    <var as="x1" id="x326"/>
    <var as="x25" id="x327"/>
    <var as="x25" id="x328"/>
    <var as="x45" id="x329"/>
    <var as="x45" id="x330"/>
    <var as="x25" id="x331"/>
    <var as="x25" id="x332"/>
    <var as="x25" id="x333"/>
    <var as="x25" id="x334"/>
    <var as="x1" id="x335"/>
    <var as="x1" id="x336"/>
    <var as="x25" id="x337"/>
    <var as="x25" id="x338"/>
    <var as="x53" id="x339"/>
    <var as="x53" id="x340"/>
    <var as="x25" id="x341"/>
    <var as="x25" id="x342"/>
    <var as="x1" id="x343"/>
    <var as="x1" id="x344"/>
    <var as="x25" id="x345"/>
    <var as="x25" id="x346"/>
    <var as="x45" id="x347"/>
    <var as="x45" id="x348"/>
    <var as="x53" id="x349"/>
    <var as="x53" id="x350"/>
    <var as="x53" id="x351"/>
    <var as="x53" id="x352"/>
    <var as="x1" id="x353"/>
    <var as="x1" id="x354"/>
    <var as="x25" id="x355"/>
    <var as="x25" id="x356"/>
    <var as="x1" id="x357"/>
    <var as="x1" id="x358"/>
    <var as="x45" id="x359"/>
    <var as="x45" id="x360"/>
    <var as="x1" id="x361"/>
    <var as="x1" id="x362"/>
    <var as="x25" id="x363"/>
    <var as="x25" id="x364"/>
    <var as="x25" id="x365"/>
    <var as="x25" id="x366"/>
    <var as="x1" id="x367"/>
    <var as="x1" id="x368"/>
    <var as="x25" id="x369"/>
    <var as="x25" id="x370"/>
    <var as="x1" id="x371"/>
    <var as="x1" id="x372"/>
    <var as="x25" id="x373"/>
    <var as="x25" id="x374"/>
    <var as="x1" id="x375"/>
    <var as="x1" id="x376"/>
    <var as="x1" id="x377"/>
    <var as="x1" id="x378"/>
    <var as="x25" id="x379"/>
    <var as="x25" id="x380"/>
    <var as="x111" id="x381"/>
    <var as="x111" id="x382"/>
    <var as="x1" id="x383"/>
    <var as="x1" id="x384"/>
    <var as="x25" id="x385"/>
    <var as="x25" id="x386"/>
    <var as="x45" id="x387"/>
    <var as="x45" id="x388"/>
    <var as="x1" id="x389"/>
    <var as="x1" id="x390"/>
    <var as="x1" id="x391"/>
    <var as="x1" id="x392"/>
    <var as="x1" id="x393"/>
    <var as="x1" id="x394"/>
    <var as="x45" id="x395"/>
    <var as="x45" id="x396"/>
    <var as="x1" id="x397"/>
    <var as="x1" id="x398"/>
    <var as="x45" id="x399"/>
    <var as="x45" id="x400"/>
  </variables>
  <constraints>
    <group>
      <intension> eq(dist(%0,%1),%2) </intension>
      <args> x1 x2 238 </args>
      <args> x3 x4 238 </args>
      <args> x5 x6 238 </args>
      <args> x7 x8 238 </args>
      <args> x9 x10 238 </args>
      <args> x11 x12 238 </args>
      <args> x13 x14 238 </args>
      <args> x15 x16 238 </args>
      <args> x17 x18 238 </args>
      <args> x19 x20 238 </args>
      <args> x21 x22 238 </args>
      <args> x23 x24 238 </args>
      <args> x25 x26 238 </args>
      <args> x27 x28 238 </args>
      <args> x29 x30 238 </args>
      <args> x31 x32 238 </args>
      <args> x33 x34 238 </args>
      <args> x35 x36 238 </args>
      <args> x37 x38 238 </args>
      <args> x39 x40 238 </args>
      <args> x41 x42 238 </args>
      <args> x43 x44 238 </args>
      <args> x45 x46 238 </args>
      <args> x47 x48 238 </args>
      <args> x49 x50 238 </args>
      <args> x51 x52 238 </args>
      <args> x53 x54 238 </args>
      <args> x55 x56 238 </args>
      <args> x57 x58 238 </args>
      <args> x59 x60 238 </args>
      <args> x61 x62 238 </args>
      <args> x63 x64 238 </args>
      <args> x65 x66 238 </args>
      <args> x67 x68 238 </args>
      <args> x69 x70 238 </args>
      <args> x71 x72 238 </args>
      <args> x73 x74 238 </args>
      <args> x75 x76 238 </args>
      <args> x77 x78 238 </args>
      <args> x79 x80 238 </args>
      <args> x81 x82 238 </args>
      <args> x83 x84 238 </args>
      <args> x85 x86 238 </args>
      <args> x87 x88 238 </args>
      <args> x89 x90 238 </args>
      <args> x91 x92 238 </args>
      <args> x93 x94 238 </args>
      <args> x95 x96 238 </args>
      <args> x97 x98 238 </args>
      <args> x99 x100 238 </args>
      <args> x101 x102 238 </args>
      <args> x103 x104 238 </args>
      <args> x105 x106 238 </args>
      <args> x107 x108 238 </args>
      <args> x109 x110 238 </args>
      <args> x111 x112 238 </args>
      <args> x113 x114 238 </args>
      <args> x115 x116 238 </args>
      <args> x117 x118 238 </args>
      <args> x119 x120 238 </args>
      <args> x121 x122 238 </args>
      <args> x123 x124 238 </args>
      <args> x125 x126 238 </args>
      <args> x127 x128 238 </args>
      <args> x129 x130 238 </args>
      <args> x131 x132 238 </args>
      <args> x133 x134 238 </args>
      <args> x135 x136 238 </args>
      <args> x137 x138 238 </args>
      <args> x139 x140 238 </args>
      <args> x141 x142 238 </args>
      <args> x143 x144 238 </args>
      <args> x145 x146 238 </args>
      <args> x147 x148 238 </args>
      <args> x149 x150 238 </args>
      <args> x151 x152 238 </args>
      <args> x153 x154 238 </args>
      <args> x155 x156 238 </args>
      <args> x157 x158 238 </args>
      <args> x159 x160 238 </args>
      <args> x161 x162 238 </args>
      <args> x163 x164 238 </args>
      <args> x165 x166 238 </args>
      <args> x167 x168 238 </args>
      <args> x169 x170 238 </args>
      <args> x171 x172 238 </args>
      <args> x173 x174 238 </args>
      <args> x175 x176 238 </args>
      <args> x177 x178 238 </args>
      <args> x179 x180 238 </args>
      <args> x181 x182 238 </args>
      <args> x183 x184 238 </args>
      <args> x185 x186 238 </args>
      <args> x187 x188 238 </args>
      <args> x189 x190 238 </args>
      <args> x191 x192 238 </args>
      <args> x193 x194 238 </args>
      <args> x195 x196 238 </args>
      <args> x197 x198 238 </args>
      <args> x199 x200 238 </args>
      <args> x201 x202 238 </args>
      <args> x203 x204 238 </args>
      <args> x205 x206 238 </args>
      <args> x207 x208 238 </args>
      <args> x209 x210 238 </args>
      <args> x211 x212 238 </args>
      <args> x213 x214 238 </args>
      <args> x215 x216 238 </args>
      <args> x217 x218 238 </args>
      <args> x219 x220 238 </args>
      <args> x221 x222 238 </args>
      <args> x223 x224 238 </args>
      <args> x225 x226 238 </args>
      <args> x227 x228 238 </args>
      <args> x229 x230 238 </args>
      <args> x231 x232 238 </args>
      <args> x233 x234 238 </args>
      <args> x235 x236 238 </args>
      <args> x237 x238 238 </args>
      <args> x239 x240 238 </args>
      <args> x241 x242 238 </args>
      <args> x243 x244 238 </args>
      <args> x245 x246 238 </args>
      <args> x247 x248 238 </args>
      <args> x249 x250 238 </args>
      <args> x251 x252 238 </args>
      <args> x253 x254 238 </args>
      <args> x255 x256 238 </args>
      <args> x257 x258 238 </args>
      <args> x259 x260 238 </args>
      <args> x261 x262 238 </args>
      <args> x263 x264 238 </args>
      <args> x265 x266 238 </args>
      <args> x267 x268 238 </args>
      <args> x269 x270 238 </args>
      <args> x271 x272 238 </args>
      <args> x273 x274 238 </args>
      <args> x275 x276 238 </args>
      <args> x277 x278 238 </args>
      <args> x279 x280 238 </args>
      <args> x281 x282 238 </args>
      <args> x283 x284 238 </args>
      <args> x285 x286 238 </args>
      <args> x287 x288 238 </args>
      <args> x289 x290 238 </args>
      <args> x291 x292 238 </args>
      <args> x293 x294 238 </args>
      <args> x295 x296 238 </args>
      <args> x297 x298 238 </args>
      <args> x299 x300 238 </args>
      <args> x301 x302 238 </args>
      <args> x303 x304 238 </args>
      <args> x305 x306 238 </args>
      <args> x307 x308 238 </args>
      <args> x309 x310 238 </args>
      <args> x311 x312 238 </args>
      <args> x313 x314 238 </args>
      <args> x315 x316 238 </args>
      <args> x317 x318 238 </args>
      <args> x319 x320 238 </args>
      <args> x321 x322 238 </args>
      <args> x323 x324 238 </args>
      <args> x325 x326 238 </args>
      <args> x327 x328 238 </args>
      <args> x329 x330 238 </args>
      <args> x331 x332 238 </args>
      <args> x333 x334 238 </args>
      <args> x335 x336 238 </args>
      <args> x337 x338 238 </args>
      <args> x339 x340 238 </args>
      <args> x341 x342 238 </args>
      <args> x343 x344 238 </args>
      <args> x345 x346 238 </args>
      <args> x347 x348 238 </args>
      <args> x349 x350 238 </args>
      <args> x351 x352 238 </args>
      <args> x353 x354 238 </args>
      <args> x355 x356 238 </args>
      <args> x357 x358 238 </args>
      <args> x359 x360 238 </args>
      <args> x361 x362 238 </args>
      <args> x363 x364 238 </args>
      <args> x365 x366 238 </args>
      <args> x367 x368 238 </args>
      <args> x369 x370 238 </args>
      <args> x371 x372 238 </args>
      <args> x373 x374 238 </args>
      <args> x375 x376 238 </args>
      <args> x377 x378 238 </args>
      <args> x379 x380 238 </args>
      <args> x381 x382 238 </args>
      <args> x383 x384 238 </args>
      <args> x385 x386 238 </args>
      <args> x387 x388 238 </args>
      <args> x389 x390 238 </args>
      <args> x391 x392 238 </args>
      <args> x393 x394 238 </args>
      <args> x395 x396 238 </args>
      <args> x397 x398 238 </args>
      <args> x399 x400 238 </args>
    </group>
    <group>
      <intension> gt(dist(%0,%1),%2) </intension>
      <args> x1 x119 1 </args>
      <args> x1 x120 33 </args>
      <args> x1 x169 36 </args>
      <args> x1 x170 46 </args>
      <args> x1 x201 1 </args>
      <args> x1 x202 17 </args>
      <args> x1 x233 12 </args>
      <args> x1 x234 4 </args>
      <args> x1 x265 9 </args>
      <args> x1 x266 20 </args>
      <args> x1 x271 18 </args>
      <args> x1 x272 1 </args>
      <args> x1 x277 6 </args>
      <args> x1 x278 25 </args>
      <args> x2 x169 39 </args>
      <args> x2 x170 3 </args>
      <args> x2 x201 2 </args>
      <args> x2 x202 11 </args>
      <args> x2 x233 52 </args>
      <args> x2 x234 43 </args>
      <args> x2 x265 36 </args>
      <args> x2 x266 20 </args>
      <args> x2 x271 1 </args>
      <args> x2 x272 38 </args>
      <args> x2 x275 3 </args>
      <args> x2 x276 12 </args>
      <args> x2 x277 28 </args>
      <args> x2 x278 10 </args>
      <args> x3 x27 34 </args>
      <args> x3 x43 8 </args>
      <args> x3 x44 9 </args>
      <args> x3 x45 27 </args>
      <args> x3 x46 19 </args>
      <args> x3 x53 48 </args>
      <args> x3 x54 7 </args>
      <args> x3 x61 27 </args>
      <args> x3 x62 10 </args>
      <args> x3 x91 12 </args>
      <args> x3 x111 13 </args>
      <args> x3 x112 9 </args>
      <args> x4 x45 7 </args>
      <args> x4 x46 25 </args>
      <args> x4 x54 36 </args>
      <args> x4 x69 2 </args>
      <args> x4 x70 14 </args>
      <args> x4 x111 34 </args>
      <args> x4 x112 37 </args>
      <args> x5 x49 36 </args>
      <args> x5 x96 9 </args>
      <args> x5 x189 43 </args>
      <args> x5 x308 43 </args>
      <args> x5 x390 12 </args>
      <args> x6 x50 9 </args>
      <args> x6 x95 7 </args>
      <args> x6 x96 9 </args>
      <args> x6 x101 33 </args>
      <args> x6 x102 15 </args>
      <args> x6 x107 29 </args>
      <args> x6 x189 5 </args>
      <args> x6 x190 66 </args>
      <args> x6 x308 5 </args>
      <args> x6 x389 22 </args>
      <args> x6 x390 1 </args>
      <args> x7 x58 3 </args>
      <args> x7 x71 31 </args>
      <args> x7 x72 16 </args>
      <args> x7 x81 1 </args>
      <args> x7 x82 32 </args>
      <args> x7 x129 2 </args>
      <args> x7 x199 9 </args>
      <args> x7 x200 33 </args>
      <args> x8 x57 14 </args>
      <args> x8 x126 54 </args>
      <args> x8 x129 28 </args>
      <args> x8 x163 12 </args>
      <args> x8 x164 11 </args>
      <args> x9 x33 48 </args>
      <args> x9 x34 30 </args>
      <args> x9 x397 8 </args>
      <args> x9 x398 55 </args>
      <args> x9 x399 34 </args>
      <args> x9 x400 51 </args>
      <args> x10 x33 9 </args>
      <args> x10 x34 56 </args>
      <args> x10 x397 26 </args>
      <args> x10 x398 40 </args>
      <args> x10 x399 8 </args>
      <args> x10 x400 9 </args>
      <args> x11 x26 26 </args>
      <args> x11 x47 6 </args>
      <args> x11 x48 54 </args>
      <args> x11 x64 22 </args>
      <args> x11 x71 5 </args>
      <args> x11 x139 5 </args>
      <args> x11 x140 2 </args>
      <args> x11 x394 4 </args>
      <args> x12 x25 49 </args>
      <args> x12 x48 39 </args>
      <args> x12 x63 20 </args>
      <args> x12 x115 4 </args>
      <args> x12 x116 46 </args>
      <args> x12 x139 30 </args>
      <args> x12 x393 23 </args>
      <args> x12 x394 29 </args>
      <args> x13 x67 22 </args>
      <args> x13 x68 54 </args>
      <args> x13 x215 13 </args>
      <args> x13 x216 33 </args>
      <args> x13 x239 73 </args>
      <args> x13 x240 6 </args>
      <args> x13 x249 24 </args>
      <args> x13 x250 44 </args>
      <args> x13 x311 10 </args>
      <args> x13 x312 21 </args>
      <args> x13 x327 8 </args>
      <args> x13 x328 17 </args>
      <args> x13 x353 27 </args>
      <args> x13 x354 7 </args>
      <args> x14 x67 4 </args>
      <args> x14 x68 35 </args>
      <args> x14 x215 16 </args>
      <args> x14 x216 4 </args>
      <args> x14 x249 8 </args>
      <args> x14 x250 8 </args>
      <args> x14 x311 31 </args>
      <args> x14 x312 14 </args>
      <args> x14 x323 34 </args>
      <args> x14 x324 16 </args>
      <args> x14 x327 24 </args>
      <args> x14 x328 35 </args>
      <args> x14 x353 2 </args>
      <args> x14 x354 15 </args>
      <args> x15 x79 16 </args>
      <args> x15 x101 1 </args>
      <args> x15 x102 29 </args>
      <args> x15 x113 6 </args>
      <args> x15 x114 23 </args>
      <args> x15 x137 3 </args>
      <args> x15 x138 42 </args>
      <args> x15 x155 10 </args>
      <args> x15 x156 21 </args>
      <args> x15 x244 27 </args>
      <args> x15 x275 48 </args>
      <args> x15 x276 16 </args>
      <args> x16 x102 10 </args>
      <args> x16 x105 11 </args>
      <args> x16 x106 9 </args>
      <args> x16 x155 57 </args>
      <args> x16 x243 5 </args>
      <args> x16 x244 6 </args>
      <args> x16 x276 2 </args>
      <args> x17 x35 56 </args>
      <args> x17 x36 25 </args>
      <args> x17 x41 25 </args>
      <args> x17 x43 7 </args>
      <args> x17 x44 9 </args>
      <args> x17 x65 13 </args>
      <args> x17 x66 12 </args>
      <args> x17 x137 24 </args>
      <args> x17 x396 12 </args>
      <args> x18 x36 23 </args>
      <args> x18 x41 10 </args>
      <args> x18 x42 27 </args>
      <args> x18 x66 21 </args>
      <args> x18 x395 16 </args>
      <args> x18 x396 4 </args>
      <args> x19 x87 1 </args>
      <args> x19 x99 6 </args>
      <args> x19 x100 33 </args>
      <args> x19 x105 25 </args>
      <args> x19 x143 25 </args>
      <args> x19 x163 12 </args>
      <args> x19 x325 2 </args>
      <args> x19 x326 8 </args>
      <args> x20 x87 14 </args>
      <args> x20 x106 16 </args>
      <args> x20 x164 8 </args>
      <args> x20 x193 9 </args>
      <args> x20 x194 12 </args>
      <args> x20 x212 16 </args>
      <args> x20 x325 12 </args>
      <args> x21 x52 25 </args>
      <args> x21 x69 14 </args>
      <args> x21 x70 26 </args>
      <args> x21 x179 14 </args>
      <args> x21 x207 9 </args>
      <args> x21 x208 1 </args>
      <args> x21 x217 2 </args>
      <args> x22 x51 2 </args>
      <args> x22 x99 57 </args>
      <args> x22 x100 17 </args>
      <args> x22 x128 5 </args>
      <args> x22 x207 27 </args>
      <args> x22 x208 26 </args>
      <args> x23 x41 36 </args>
      <args> x23 x42 24 </args>
      <args> x23 x76 6 </args>
      <args> x23 x93 21 </args>
      <args> x23 x94 32 </args>
      <args> x23 x341 17 </args>
      <args> x23 x342 4 </args>
      <args> x23 x392 14 </args>
      <args> x24 x69 17 </args>
      <args> x24 x70 7 </args>
      <args> x24 x76 40 </args>
      <args> x24 x94 41 </args>
      <args> x24 x119 41 </args>
      <args> x24 x120 9 </args>
      <args> x24 x342 2 </args>
      <args> x24 x391 50 </args>
      <args> x24 x392 39 </args>
      <args> x25 x45 13 </args>
      <args> x25 x46 15 </args>
      <args> x25 x48 17 </args>
      <args> x25 x63 4 </args>
      <args> x25 x140 41 </args>
      <args> x26 x47 6 </args>
      <args> x26 x139 17 </args>
      <args> x26 x393 1 </args>
      <args> x26 x397 36 </args>
      <args> x26 x398 16 </args>
      <args> x27 x43 33 </args>
      <args> x27 x46 3 </args>
      <args> x27 x54 8 </args>
      <args> x27 x55 24 </args>
      <args> x27 x56 11 </args>
      <args> x27 x111 2 </args>
      <args> x28 x43 22 </args>
      <args> x28 x45 7 </args>
      <args> x28 x63 4 </args>
      <args> x28 x64 1 </args>
      <args> x28 x111 23 </args>
      <args> x29 x99 43 </args>
      <args> x29 x100 8 </args>
      <args> x29 x152 31 </args>
      <args> x29 x165 45 </args>
      <args> x29 x166 8 </args>
      <args> x29 x235 8 </args>
      <args> x29 x364 3 </args>
      <args> x30 x99 16 </args>
      <args> x30 x151 25 </args>
      <args> x30 x152 14 </args>
      <args> x30 x235 5 </args>
      <args> x30 x251 2 </args>
      <args> x30 x252 4 </args>
      <args> x30 x297 3 </args>
      <args> x30 x363 56 </args>
      <args> x30 x364 23 </args>
      <args> x30 x387 10 </args>
      <args> x30 x388 11 </args>
      <args> x31 x59 39 </args>
      <args> x31 x60 14 </args>
      <args> x31 x173 24 </args>
      <args> x31 x174 15 </args>
      <args> x31 x189 20 </args>
      <args> x31 x190 19 </args>
      <args> x31 x338 15 </args>
      <args> x31 x376 11 </args>
      <args> x32 x59 12 </args>
      <args> x32 x60 43 </args>
      <args> x32 x115 6 </args>
      <args> x32 x116 10 </args>
      <args> x32 x291 1 </args>
      <args> x32 x292 9 </args>
      <args> x32 x337 24 </args>
      <args> x32 x347 14 </args>
      <args> x32 x348 23 </args>
      <args> x32 x375 7 </args>
      <args> x32 x376 2 </args>
      <args> x33 x397 33 </args>
      <args> x33 x398 41 </args>
      <args> x33 x399 4 </args>
      <args> x33 x400 14 </args>
      <args> x34 x397 11 </args>
      <args> x34 x398 50 </args>
      <args> x34 x399 2 </args>
      <args> x34 x400 4 </args>
      <args> x35 x41 33 </args>
      <args> x35 x65 7 </args>
      <args> x35 x66 58 </args>
      <args> x35 x135 25 </args>
      <args> x35 x136 18 </args>
      <args> x35 x137 22 </args>
      <args> x35 x138 5 </args>
      <args> x35 x396 32 </args>
      <args> x36 x41 19 </args>
      <args> x36 x53 43 </args>
      <args> x36 x54 16 </args>
      <args> x36 x65 6 </args>
      <args> x36 x138 10 </args>
      <args> x36 x395 9 </args>
      <args> x36 x396 8 </args>
      <args> x37 x75 30 </args>
      <args> x37 x76 42 </args>
      <args> x37 x141 47 </args>
      <args> x37 x153 48 </args>
      <args> x37 x154 1 </args>
      <args> x37 x185 11 </args>
      <args> x37 x186 1 </args>
      <args> x37 x305 4 </args>
      <args> x37 x306 35 </args>
      <args> x37 x322 3 </args>
      <args> x38 x153 30 </args>
      <args> x38 x177 29 </args>
      <args> x38 x178 36 </args>
      <args> x38 x185 35 </args>
      <args> x38 x186 33 </args>
      <args> x38 x305 12 </args>
      <args> x38 x306 8 </args>
      <args> x39 x121 7 </args>
      <args> x39 x122 25 </args>
      <args> x39 x198 4 </args>
      <args> x39 x201 40 </args>
      <args> x39 x202 10 </args>
      <args> x39 x213 13 </args>
      <args> x39 x226 7 </args>
      <args> x40 x121 16 </args>
      <args> x40 x122 39 </args>
      <args> x40 x203 7 </args>
      <args> x40 x204 33 </args>
      <args> x40 x213 37 </args>
      <args> x40 x214 22 </args>
      <args> x40 x215 41 </args>
      <args> x40 x216 10 </args>
      <args> x40 x220 13 </args>
      <args> x41 x65 6 </args>
      <args> x41 x66 42 </args>
      <args> x41 x136 20 </args>
      <args> x41 x138 25 </args>
      <args> x41 x273 1 </args>
      <args> x41 x274 34 </args>
      <args> x41 x395 8 </args>
      <args> x41 x396 36 </args>
      <args> x42 x65 24 </args>
      <args> x42 x119 22 </args>
      <args> x42 x120 46 </args>
      <args> x42 x396 27 </args>
      <args> x43 x53 1 </args>
      <args> x44 x45 31 </args>
      <args> x44 x46 6 </args>
      <args> x44 x54 21 </args>
      <args> x44 x79 29 </args>
      <args> x44 x80 2 </args>
      <args> x44 x91 29 </args>
      <args> x45 x47 1 </args>
      <args> x45 x48 4 </args>
      <args> x45 x54 4 </args>
      <args> x45 x91 25 </args>
      <args> x45 x92 12 </args>
      <args> x45 x111 30 </args>
      <args> x45 x112 47 </args>
      <args> x46 x53 48 </args>
      <args> x46 x54 33 </args>
      <args> x47 x63 25 </args>
      <args> x47 x111 2 </args>
      <args> x47 x112 52 </args>
      <args> x47 x394 14 </args>
      <args> x48 x64 2 </args>
      <args> x48 x71 4 </args>
      <args> x48 x72 34 </args>
      <args> x48 x140 34 </args>
      <args> x48 x357 3 </args>
      <args> x48 x358 6 </args>
      <args> x48 x393 35 </args>
      <args> x49 x96 26 </args>
      <args> x49 x107 13 </args>
      <args> x49 x108 22 </args>
      <args> x49 x231 9 </args>
      <args> x49 x232 3 </args>
      <args> x49 x389 1 </args>
      <args> x49 x390 45 </args>
      <args> x50 x95 4 </args>
      <args> x50 x107 20 </args>
      <args> x50 x108 9 </args>
      <args> x50 x189 51 </args>
      <args> x50 x190 16 </args>
      <args> x50 x307 7 </args>
      <args> x50 x308 1 </args>
      <args> x50 x390 53 </args>
      <args> x51 x69 51 </args>
      <args> x51 x70 21 </args>
      <args> x51 x179 5 </args>
      <args> x51 x207 18 </args>
      <args> x51 x208 41 </args>
      <args> x51 x218 2 </args>
      <args> x51 x333 8 </args>
      <args> x51 x334 6 </args>
      <args> x52 x69 16 </args>
      <args> x52 x70 46 </args>
      <args> x52 x135 11 </args>
      <args> x52 x136 40 </args>
      <args> x52 x180 13 </args>
      <args> x52 x208 32 </args>
      <args> x52 x217 27 </args>
      <args> x53 x91 46 </args>
      <args> x53 x92 40 </args>
      <args> x53 x112 42 </args>
      <args> x54 x92 3 </args>
      <args> x54 x111 16 </args>
      <args> x55 x124 7 </args>
      <args> x55 x141 3 </args>
      <args> x55 x142 2 </args>
      <args> x55 x182 14 </args>
      <args> x55 x259 11 </args>
      <args> x55 x260 30 </args>
      <args> x56 x123 10 </args>
      <args> x56 x181 5 </args>
      <args> x56 x182 21 </args>
      <args> x56 x259 49 </args>
      <args> x56 x260 4 </args>
      <args> x56 x283 2 </args>
      <args> x56 x285 15 </args>
      <args> x56 x286 37 </args>
      <args> x56 x288 15 </args>
      <args> x57 x69 8 </args>
      <args> x57 x70 25 </args>
      <args> x57 x81 56 </args>
      <args> x57 x125 13 </args>
      <args> x57 x126 2 </args>
      <args> x57 x129 37 </args>
      <args> x57 x145 6 </args>
      <args> x57 x199 27 </args>
      <args> x58 x129 39 </args>
      <args> x58 x130 29 </args>
      <args> x58 x199 38 </args>
      <args> x58 x200 21 </args>
      <args> x59 x115 27 </args>
      <args> x59 x116 22 </args>
      <args> x59 x173 6 </args>
      <args> x59 x291 54 </args>
      <args> x59 x376 7 </args>
      <args> x60 x115 4 </args>
      <args> x60 x174 1 </args>
      <args> x60 x338 22 </args>
      <args> x60 x375 2 </args>
      <args> x60 x376 25 </args>
      <args> x61 x85 30 </args>
      <args> x61 x86 51 </args>
      <args> x61 x93 6 </args>
      <args> x61 x94 34 </args>
      <args> x61 x119 30 </args>
      <args> x61 x120 10 </args>
      <args> x61 x342 4 </args>
      <args> x61 x391 55 </args>
      <args> x61 x392 27 </args>
      <args> x62 x93 6 </args>
      <args> x62 x94 5 </args>
      <args> x62 x119 7 </args>
      <args> x62 x341 25 </args>
      <args> x62 x373 37 </args>
      <args> x62 x374 27 </args>
      <args> x62 x391 3 </args>
      <args> x63 x137 8 </args>
      <args> x63 x138 18 </args>
      <args> x63 x139 2 </args>
      <args> x63 x140 29 </args>
      <args> x63 x394 11 </args>
      <args> x64 x140 14 </args>
      <args> x65 x135 19 </args>
      <args> x65 x136 24 </args>
      <args> x65 x137 50 </args>
      <args> x65 x138 29 </args>
      <args> x66 x136 22 </args>
      <args> x66 x137 2 </args>
      <args> x66 x138 51 </args>
      <args> x66 x396 5 </args>
      <args> x67 x215 11 </args>
      <args> x67 x216 1 </args>
      <args> x67 x249 10 </args>
      <args> x67 x250 55 </args>
      <args> x67 x311 49 </args>
      <args> x67 x312 29 </args>
      <args> x67 x327 17 </args>
      <args> x67 x328 17 </args>
      <args> x67 x353 17 </args>
      <args> x67 x354 50 </args>
      <args> x67 x355 7 </args>
      <args> x67 x356 54 </args>
      <args> x68 x215 13 </args>
      <args> x68 x216 28 </args>
      <args> x68 x245 25 </args>
      <args> x68 x246 6 </args>
      <args> x68 x249 21 </args>
      <args> x68 x250 9 </args>
      <args> x68 x311 13 </args>
      <args> x68 x312 2 </args>
      <args> x68 x327 12 </args>
      <args> x68 x328 34 </args>
      <args> x68 x353 18 </args>
      <args> x68 x354 20 </args>
      <args> x69 x128 2 </args>
      <args> x69 x133 3 </args>
      <args> x69 x134 8 </args>
      <args> x69 x179 21 </args>
      <args> x69 x180 54 </args>
      <args> x69 x208 9 </args>
      <args> x70 x128 1 </args>
      <args> x70 x179 22 </args>
      <args> x70 x208 36 </args>
      <args> x71 x393 12 </args>
      <args> x71 x394 48 </args>
      <args> x73 x81 5 </args>
      <args> x73 x82 4 </args>
      <args> x73 x131 3 </args>
      <args> x73 x263 3 </args>
      <args> x73 x264 3 </args>
      <args> x73 x385 16 </args>
      <args> x74 x167 10 </args>
      <args> x74 x168 17 </args>
      <args> x74 x196 42 </args>
      <args> x74 x263 2 </args>
      <args> x74 x264 27 </args>
      <args> x74 x380 3 </args>
      <args> x75 x94 31 </args>
      <args> x75 x119 35 </args>
      <args> x75 x341 29 </args>
      <args> x75 x392 10 </args>
      <args> x76 x93 5 </args>
      <args> x76 x103 37 </args>
      <args> x76 x104 24 </args>
      <args> x77 x139 21 </args>
      <args> x77 x140 25 </args>
      <args> x77 x229 2 </args>
      <args> x77 x230 56 </args>
      <args> x77 x257 73 </args>
      <args> x77 x262 48 </args>
      <args> x78 x147 7 </args>
      <args> x78 x229 24 </args>
      <args> x78 x230 4 </args>
      <args> x78 x247 63 </args>
      <args> x78 x258 5 </args>
      <args> x78 x261 32 </args>
      <args> x78 x262 22 </args>
      <args> x78 x265 32 </args>
      <args> x78 x266 4 </args>
      <args> x79 x113 4 </args>
      <args> x79 x114 2 </args>
      <args> x79 x155 16 </args>
      <args> x79 x244 3 </args>
      <args> x80 x113 5 </args>
      <args> x80 x114 11 </args>
      <args> x80 x165 17 </args>
      <args> x80 x166 32 </args>
      <args> x80 x243 41 </args>
      <args> x81 x97 27 </args>
      <args> x81 x98 2 </args>
      <args> x81 x129 34 </args>
      <args> x81 x146 37 </args>
      <args> x82 x126 30 </args>
      <args> x82 x129 41 </args>
      <args> x82 x145 3 </args>
      <args> x82 x199 12 </args>
      <args> x83 x132 4 </args>
      <args> x83 x196 49 </args>
      <args> x83 x263 76 </args>
      <args> x83 x264 13 </args>
      <args> x83 x385 32 </args>
      <args> x83 x386 47 </args>
      <args> x84 x133 16 </args>
      <args> x84 x134 2 </args>
      <args> x84 x195 4 </args>
      <args> x84 x386 2 </args>
      <args> x85 x89 52 </args>
      <args> x85 x90 18 </args>
      <args> x85 x151 26 </args>
      <args> x85 x152 19 </args>
      <args> x85 x165 44 </args>
      <args> x85 x166 37 </args>
      <args> x85 x167 11 </args>
      <args> x85 x168 1 </args>
      <args> x85 x255 19 </args>
      <args> x85 x256 27 </args>
      <args> x85 x301 5 </args>
      <args> x85 x302 6 </args>
      <args> x85 x343 23 </args>
      <args> x85 x344 10 </args>
      <args> x86 x89 42 </args>
      <args> x86 x90 56 </args>
      <args> x86 x165 22 </args>
      <args> x86 x166 13 </args>
      <args> x86 x167 4 </args>
      <args> x86 x168 22 </args>
      <args> x86 x255 59 </args>
      <args> x86 x256 20 </args>
      <args> x86 x277 9 </args>
      <args> x86 x278 27 </args>
      <args> x86 x301 49 </args>
      <args> x86 x302 28 </args>
      <args> x86 x343 4 </args>
      <args> x86 x344 19 </args>
      <args> x87 x105 42 </args>
      <args> x87 x125 11 </args>
      <args> x87 x126 6 </args>
      <args> x87 x143 6 </args>
      <args> x87 x144 31 </args>
      <args> x87 x163 35 </args>
      <args> x87 x212 26 </args>
      <args> x87 x325 8 </args>
      <args> x88 x106 12 </args>
      <args> x88 x144 5 </args>
      <args> x88 x164 23 </args>
      <args> x88 x212 6 </args>
      <args> x88 x325 13 </args>
      <args> x88 x326 43 </args>
      <args> x89 x165 3 </args>
      <args> x89 x166 3 </args>
      <args> x89 x167 1 </args>
      <args> x89 x168 1 </args>
      <args> x89 x255 22 </args>
      <args> x89 x256 3 </args>
      <args> x89 x301 4 </args>
      <args> x89 x302 48 </args>
      <args> x89 x343 12 </args>
      <args> x89 x344 20 </args>
      <args> x89 x377 29 </args>
      <args> x89 x378 3 </args>
      <args> x90 x165 38 </args>
      <args> x90 x166 14 </args>
      <args> x90 x167 22 </args>
      <args> x90 x168 10 </args>
      <args> x90 x209 17 </args>
      <args> x90 x210 21 </args>
      <args> x90 x255 1 </args>
      <args> x90 x256 5 </args>
      <args> x90 x301 76 </args>
      <args> x90 x302 41 </args>
      <args> x90 x343 2 </args>
      <args> x90 x344 2 </args>
      <args> x91 x112 25 </args>
      <args> x92 x111 34 </args>
      <args> x93 x341 22 </args>
      <args> x93 x392 15 </args>
      <args> x93 x393 50 </args>
      <args> x93 x394 7 </args>
      <args> x94 x339 28 </args>
      <args> x94 x340 1 </args>
      <args> x94 x391 9 </args>
      <args> x95 x103 30 </args>
      <args> x95 x104 1 </args>
      <args> x95 x107 19 </args>
      <args> x95 x108 2 </args>
      <args> x95 x189 15 </args>
      <args> x95 x190 33 </args>
      <args> x95 x308 5 </args>
      <args> x95 x389 29 </args>
      <args> x96 x107 63 </args>
      <args> x96 x190 39 </args>
      <args> x96 x307 49 </args>
      <args> x96 x308 38 </args>
      <args> x96 x389 53 </args>
      <args> x96 x390 34 </args>
      <args> x97 x178 14 </args>
      <args> x97 x209 6 </args>
      <args> x97 x210 50 </args>
      <args> x97 x269 8 </args>
      <args> x97 x373 31 </args>
      <args> x97 x375 3 </args>
      <args> x97 x376 61 </args>
      <args> x97 x381 8 </args>
      <args> x97 x382 1 </args>
      <args> x98 x178 11 </args>
      <args> x98 x229 51 </args>
      <args> x98 x230 27 </args>
      <args> x98 x270 29 </args>
      <args> x98 x294 30 </args>
      <args> x98 x374 26 </args>
      <args> x98 x381 6 </args>
      <args> x98 x382 4 </args>
      <args> x99 x152 12 </args>
      <args> x99 x236 20 </args>
      <args> x99 x363 6 </args>
      <args> x99 x367 52 </args>
      <args> x99 x368 5 </args>
      <args> x99 x387 7 </args>
      <args> x99 x388 50 </args>
      <args> x100 x152 6 </args>
      <args> x100 x157 32 </args>
      <args> x100 x158 18 </args>
      <args> x100 x235 41 </args>
      <args> x100 x236 3 </args>
      <args> x100 x297 28 </args>
      <args> x100 x298 33 </args>
      <args> x100 x363 14 </args>
      <args> x100 x364 7 </args>
      <args> x100 x388 1 </args>
      <args> x101 x114 51 </args>
      <args> x101 x155 31 </args>
      <args> x101 x244 3 </args>
      <args> x101 x275 41 </args>
      <args> x102 x113 36 </args>
      <args> x102 x155 5 </args>
      <args> x102 x156 35 </args>
      <args> x102 x244 3 </args>
      <args> x102 x275 9 </args>
      <args> x103 x217 16 </args>
      <args> x103 x218 16 </args>
      <args> x103 x221 22 </args>
      <args> x103 x222 12 </args>
      <args> x103 x289 4 </args>
      <args> x103 x290 4 </args>
      <args> x103 x330 43 </args>
      <args> x103 x340 5 </args>
      <args> x103 x346 54 </args>
      <args> x103 x383 40 </args>
      <args> x104 x221 58 </args>
      <args> x104 x290 54 </args>
      <args> x104 x330 47 </args>
      <args> x104 x339 1 </args>
      <args> x104 x345 1 </args>
      <args> x104 x346 2 </args>
      <args> x104 x383 50 </args>
      <args> x105 x144 2 </args>
      <args> x105 x211 35 </args>
      <args> x105 x323 39 </args>
      <args> x105 x324 12 </args>
      <args> x106 x143 1 </args>
      <args> x106 x144 12 </args>
      <args> x106 x164 19 </args>
      <args> x106 x212 2 </args>
      <args> x106 x321 2 </args>
      <args> x106 x322 17 </args>
      <args> x107 x115 6 </args>
      <args> x107 x116 18 </args>
      <args> x107 x189 3 </args>
      <args> x107 x307 17 </args>
      <args> x107 x389 1 </args>
      <args> x108 x305 5 </args>
      <args> x108 x306 4 </args>
      <args> x108 x308 30 </args>
      <args> x108 x390 31 </args>
      <args> x109 x135 24 </args>
      <args> x109 x136 23 </args>
      <args> x109 x171 11 </args>
      <args> x109 x172 1 </args>
      <args> x109 x251 1 </args>
      <args> x109 x252 6 </args>
      <args> x109 x296 8 </args>
      <args> x109 x313 6 </args>
      <args> x109 x315 12 </args>
      <args> x109 x316 49 </args>
      <args> x109 x367 23 </args>
      <args> x109 x368 42 </args>
      <args> x110 x172 7 </args>
      <args> x110 x227 26 </args>
      <args> x110 x228 33 </args>
      <args> x110 x252 54 </args>
      <args> x110 x296 6 </args>
      <args> x110 x313 53 </args>
      <args> x110 x314 8 </args>
      <args> x110 x368 17 </args>
      <args> x111 x317 6 </args>
      <args> x111 x318 15 </args>
      <args> x112 x219 1 </args>
      <args> x112 x220 1 </args>
      <args> x113 x139 12 </args>
      <args> x113 x140 2 </args>
      <args> x113 x243 5 </args>
      <args> x113 x244 31 </args>
      <args> x114 x215 2 </args>
      <args> x114 x216 38 </args>
      <args> x114 x243 38 </args>
      <args> x114 x244 10 </args>
      <args> x114 x275 1 </args>
      <args> x114 x276 70 </args>
      <args> x115 x173 29 </args>
      <args> x115 x174 39 </args>
      <args> x115 x291 36 </args>
      <args> x115 x292 10 </args>
      <args> x115 x338 7 </args>
      <args> x115 x375 44 </args>
      <args> x116 x174 23 </args>
      <args> x116 x292 9 </args>
      <args> x116 x337 36 </args>
      <args> x116 x376 39 </args>
      <args> x117 x187 44 </args>
      <args> x117 x188 34 </args>
      <args> x117 x205 52 </args>
      <args> x117 x206 13 </args>
      <args> x117 x273 29 </args>
      <args> x117 x274 55 </args>
      <args> x117 x309 38 </args>
      <args> x117 x310 4 </args>
      <args> x117 x365 44 </args>
      <args> x117 x366 22 </args>
      <args> x117 x371 15 </args>
      <args> x117 x372 14 </args>
      <args> x117 x377 13 </args>
      <args> x117 x378 31 </args>
      <args> x118 x187 8 </args>
      <args> x118 x188 31 </args>
      <args> x118 x205 1 </args>
      <args> x118 x206 24 </args>
      <args> x118 x273 8 </args>
      <args> x118 x274 55 </args>
      <args> x118 x307 16 </args>
      <args> x118 x308 43 </args>
      <args> x118 x309 10 </args>
      <args> x118 x310 18 </args>
      <args> x118 x365 17 </args>
      <args> x118 x366 9 </args>
      <args> x118 x377 37 </args>
      <args> x118 x378 51 </args>
      <args> x119 x341 27 </args>
      <args> x119 x342 3 </args>
      <args> x119 x353 32 </args>
      <args> x119 x354 24 </args>
      <args> x119 x391 8 </args>
      <args> x120 x341 14 </args>
      <args> x120 x342 5 </args>
      <args> x121 x189 37 </args>
      <args> x121 x190 24 </args>
      <args> x121 x197 38 </args>
      <args> x121 x204 5 </args>
      <args> x121 x213 5 </args>
      <args> x121 x214 2 </args>
      <args> x121 x226 25 </args>
      <args> x122 x198 12 </args>
      <args> x122 x203 1 </args>
      <args> x122 x204 7 </args>
      <args> x122 x215 14 </args>
      <args> x122 x216 3 </args>
      <args> x122 x219 19 </args>
      <args> x123 x181 12 </args>
      <args> x123 x283 54 </args>
      <args> x123 x288 49 </args>
      <args> x124 x159 6 </args>
      <args> x124 x181 7 </args>
      <args> x124 x182 5 </args>
      <args> x124 x233 8 </args>
      <args> x124 x234 8 </args>
      <args> x124 x260 8 </args>
      <args> x124 x284 23 </args>
      <args> x125 x129 11 </args>
      <args> x125 x145 13 </args>
      <args> x125 x146 1 </args>
      <args> x125 x187 8 </args>
      <args> x125 x188 22 </args>
      <args> x126 x199 10 </args>
      <args> x127 x179 8 </args>
      <args> x127 x209 15 </args>
      <args> x127 x210 46 </args>
      <args> x127 x217 11 </args>
      <args> x128 x179 8 </args>
      <args> x128 x218 42 </args>
      <args> x129 x145 36 </args>
      <args> x129 x146 41 </args>
      <args> x129 x151 9 </args>
      <args> x129 x152 2 </args>
      <args> x129 x200 23 </args>
      <args> x130 x145 2 </args>
      <args> x130 x146 2 </args>
      <args> x130 x200 2 </args>
      <args> x131 x181 7 </args>
      <args> x131 x182 13 </args>
      <args> x131 x196 1 </args>
      <args> x131 x264 4 </args>
      <args> x131 x379 29 </args>
      <args> x131 x380 22 </args>
      <args> x131 x385 5 </args>
      <args> x131 x386 1 </args>
      <args> x132 x263 52 </args>
      <args> x132 x380 24 </args>
      <args> x132 x385 13 </args>
      <args> x132 x386 12 </args>
      <args> x133 x193 43 </args>
      <args> x133 x194 52 </args>
      <args> x133 x217 24 </args>
      <args> x133 x218 49 </args>
      <args> x133 x239 3 </args>
      <args> x133 x240 35 </args>
      <args> x133 x319 35 </args>
      <args> x133 x320 26 </args>
      <args> x133 x351 2 </args>
      <args> x133 x352 21 </args>
      <args> x133 x369 18 </args>
      <args> x133 x370 12 </args>
      <args> x133 x371 33 </args>
      <args> x133 x372 36 </args>
      <args> x134 x193 14 </args>
      <args> x134 x194 38 </args>
      <args> x134 x239 13 </args>
      <args> x134 x240 3 </args>
      <args> x134 x319 11 </args>
      <args> x134 x320 26 </args>
      <args> x134 x325 56 </args>
      <args> x134 x326 25 </args>
      <args> x134 x351 51 </args>
      <args> x134 x352 34 </args>
      <args> x134 x369 4 </args>
      <args> x134 x370 19 </args>
      <args> x134 x371 23 </args>
      <args> x134 x372 39 </args>
      <args> x135 x395 5 </args>
      <args> x135 x397 11 </args>
      <args> x135 x398 2 </args>
      <args> x136 x137 31 </args>
      <args> x136 x395 2 </args>
      <args> x137 x395 50 </args>
      <args> x138 x395 13 </args>
      <args> x138 x396 23 </args>
      <args> x140 x394 22 </args>
      <args> x141 x149 44 </args>
      <args> x141 x150 46 </args>
      <args> x141 x153 11 </args>
      <args> x141 x154 22 </args>
      <args> x141 x227 40 </args>
      <args> x141 x306 1 </args>
      <args> x142 x153 56 </args>
      <args> x142 x227 6 </args>
      <args> x142 x228 5 </args>
      <args> x142 x321 44 </args>
      <args> x143 x147 9 </args>
      <args> x143 x148 8 </args>
      <args> x143 x164 1 </args>
      <args> x143 x212 47 </args>
      <args> x143 x325 7 </args>
      <args> x144 x163 53 </args>
      <args> x144 x164 5 </args>
      <args> x144 x211 6 </args>
      <args> x144 x325 32 </args>
      <args> x144 x326 74 </args>
      <args> x144 x369 4 </args>
      <args> x144 x370 2 </args>
      <args> x145 x199 2 </args>
      <args> x145 x200 1 </args>
      <args> x146 x199 3 </args>
      <args> x146 x377 15 </args>
      <args> x146 x378 15 </args>
      <args> x147 x229 24 </args>
      <args> x147 x237 1 </args>
      <args> x147 x238 33 </args>
      <args> x147 x243 11 </args>
      <args> x147 x244 6 </args>
      <args> x147 x257 39 </args>
      <args> x147 x258 1 </args>
      <args> x147 x262 28 </args>
      <args> x148 x233 42 </args>
      <args> x148 x234 2 </args>
      <args> x148 x238 3 </args>
      <args> x148 x248 19 </args>
      <args> x148 x258 1 </args>
      <args> x148 x261 13 </args>
      <args> x148 x262 34 </args>
      <args> x149 x177 51 </args>
      <args> x149 x178 9 </args>
      <args> x149 x183 45 </args>
      <args> x149 x184 34 </args>
      <args> x149 x231 7 </args>
      <args> x149 x232 2 </args>
      <args> x149 x245 39 </args>
      <args> x149 x246 34 </args>
      <args> x149 x317 5 </args>
      <args> x149 x318 3 </args>
      <args> x149 x333 48 </args>
      <args> x149 x334 4 </args>
      <args> x149 x361 17 </args>
      <args> x149 x362 24 </args>
      <args> x150 x183 21 </args>
      <args> x150 x184 18 </args>
      <args> x150 x231 4 </args>
      <args> x150 x232 33 </args>
      <args> x150 x245 12 </args>
      <args> x150 x246 3 </args>
      <args> x150 x287 16 </args>
      <args> x150 x288 45 </args>
      <args> x150 x317 11 </args>
      <args> x150 x318 56 </args>
      <args> x150 x333 3 </args>
      <args> x150 x334 9 </args>
      <args> x150 x361 14 </args>
      <args> x150 x362 27 </args>
      <args> x151 x235 46 </args>
      <args> x151 x297 34 </args>
      <args> x151 x298 5 </args>
      <args> x151 x364 10 </args>
      <args> x151 x387 45 </args>
      <args> x152 x297 38 </args>
      <args> x152 x363 1 </args>
      <args> x152 x364 9 </args>
      <args> x152 x371 39 </args>
      <args> x152 x372 30 </args>
      <args> x152 x388 46 </args>
      <args> x153 x157 3 </args>
      <args> x153 x158 42 </args>
      <args> x153 x186 9 </args>
      <args> x153 x228 18 </args>
      <args> x153 x306 3 </args>
      <args> x154 x227 17 </args>
      <args> x154 x228 24 </args>
      <args> x154 x313 6 </args>
      <args> x154 x314 45 </args>
      <args> x154 x321 33 </args>
      <args> x155 x215 12 </args>
      <args> x155 x216 33 </args>
      <args> x155 x275 40 </args>
      <args> x155 x276 26 </args>
      <args> x156 x243 52 </args>
      <args> x156 x275 3 </args>
      <args> x157 x241 9 </args>
      <args> x157 x242 34 </args>
      <args> x157 x267 12 </args>
      <args> x157 x268 1 </args>
      <args> x157 x281 55 </args>
      <args> x157 x282 12 </args>
      <args> x157 x287 7 </args>
      <args> x157 x288 5 </args>
      <args> x157 x299 6 </args>
      <args> x157 x300 38 </args>
      <args> x157 x323 25 </args>
      <args> x157 x324 29 </args>
      <args> x157 x335 1 </args>
      <args> x157 x336 22 </args>
      <args> x158 x241 32 </args>
      <args> x158 x242 36 </args>
      <args> x158 x267 4 </args>
      <args> x158 x268 32 </args>
      <args> x158 x281 25 </args>
      <args> x158 x282 32 </args>
      <args> x158 x285 2 </args>
      <args> x158 x286 13 </args>
      <args> x158 x299 1 </args>
      <args> x158 x300 30 </args>
      <args> x158 x323 24 </args>
      <args> x158 x324 42 </args>
      <args> x158 x335 10 </args>
      <args> x158 x336 16 </args>
      <args> x159 x259 29 </args>
      <args> x159 x260 25 </args>
      <args> x159 x284 6 </args>
      <args> x160 x181 55 </args>
      <args> x160 x260 7 </args>
      <args> x160 x283 13 </args>
      <args> x160 x284 38 </args>
      <args> x160 x288 15 </args>
      <args> x161 x191 22 </args>
      <args> x161 x192 10 </args>
      <args> x161 x231 30 </args>
      <args> x161 x232 4 </args>
      <args> x161 x253 25 </args>
      <args> x161 x254 6 </args>
      <args> x161 x279 8 </args>
      <args> x161 x280 16 </args>
      <args> x161 x285 28 </args>
      <args> x161 x286 24 </args>
      <args> x161 x331 3 </args>
      <args> x161 x332 8 </args>
      <args> x161 x357 31 </args>
      <args> x161 x358 7 </args>
      <args> x162 x191 24 </args>
      <args> x162 x192 20 </args>
      <args> x162 x229 10 </args>
      <args> x162 x230 12 </args>
      <args> x162 x253 5 </args>
      <args> x162 x254 3 </args>
      <args> x162 x279 49 </args>
      <args> x162 x280 29 </args>
      <args> x162 x285 31 </args>
      <args> x162 x286 54 </args>
      <args> x162 x331 4 </args>
      <args> x162 x332 36 </args>
      <args> x162 x357 27 </args>
      <args> x162 x358 8 </args>
      <args> x163 x326 53 </args>
      <args> x164 x211 2 </args>
      <args> x164 x212 3 </args>
      <args> x164 x395 34 </args>
      <args> x164 x396 2 </args>
      <args> x165 x167 38 </args>
      <args> x165 x168 12 </args>
      <args> x165 x255 1 </args>
      <args> x165 x256 36 </args>
      <args> x165 x301 26 </args>
      <args> x165 x302 2 </args>
      <args> x165 x343 56 </args>
      <args> x165 x344 34 </args>
      <args> x166 x167 4 </args>
      <args> x166 x168 13 </args>
      <args> x166 x255 29 </args>
      <args> x166 x256 21 </args>
      <args> x166 x301 25 </args>
      <args> x166 x302 17 </args>
      <args> x166 x343 7 </args>
      <args> x166 x344 59 </args>
      <args> x167 x239 4 </args>
      <args> x167 x240 42 </args>
      <args> x167 x255 43 </args>
      <args> x167 x256 12 </args>
      <args> x167 x301 19 </args>
      <args> x167 x302 4 </args>
      <args> x167 x343 23 </args>
      <args> x167 x344 13 </args>
      <args> x168 x255 37 </args>
      <args> x168 x256 9 </args>
      <args> x168 x301 1 </args>
      <args> x168 x302 18 </args>
      <args> x168 x315 5 </args>
      <args> x168 x316 3 </args>
      <args> x168 x343 36 </args>
      <args> x168 x344 42 </args>
      <args> x169 x179 20 </args>
      <args> x169 x180 25 </args>
      <args> x169 x201 17 </args>
      <args> x169 x202 3 </args>
      <args> x169 x233 9 </args>
      <args> x169 x234 14 </args>
      <args> x169 x265 14 </args>
      <args> x169 x266 1 </args>
      <args> x169 x271 12 </args>
      <args> x169 x272 5 </args>
      <args> x169 x277 9 </args>
      <args> x169 x278 4 </args>
      <args> x170 x201 24 </args>
      <args> x170 x202 6 </args>
      <args> x170 x233 1 </args>
      <args> x170 x234 7 </args>
      <args> x170 x265 1 </args>
      <args> x170 x266 7 </args>
      <args> x170 x271 32 </args>
      <args> x170 x272 4 </args>
      <args> x170 x277 35 </args>
      <args> x170 x278 12 </args>
      <args> x170 x283 15 </args>
      <args> x170 x284 42 </args>
      <args> x171 x251 52 </args>
      <args> x171 x252 23 </args>
      <args> x171 x281 12 </args>
      <args> x171 x282 10 </args>
      <args> x171 x296 3 </args>
      <args> x171 x313 10 </args>
      <args> x171 x315 37 </args>
      <args> x171 x316 80 </args>
      <args> x172 x252 24 </args>
      <args> x172 x315 50 </args>
      <args> x172 x316 13 </args>
      <args> x173 x191 13 </args>
      <args> x173 x192 15 </args>
      <args> x173 x375 31 </args>
      <args> x173 x376 43 </args>
      <args> x174 x291 18 </args>
      <args> x174 x337 2 </args>
      <args> x174 x376 2 </args>
      <args> x175 x223 6 </args>
      <args> x175 x224 5 </args>
      <args> x175 x303 14 </args>
      <args> x175 x304 32 </args>
      <args> x175 x347 51 </args>
      <args> x175 x348 13 </args>
      <args> x175 x349 22 </args>
      <args> x175 x350 11 </args>
      <args> x175 x355 24 </args>
      <args> x175 x356 3 </args>
      <args> x175 x359 1 </args>
      <args> x175 x360 17 </args>
      <args> x176 x223 2 </args>
      <args> x176 x224 15 </args>
      <args> x176 x303 25 </args>
      <args> x176 x304 15 </args>
      <args> x176 x347 19 </args>
      <args> x176 x348 4 </args>
      <args> x176 x349 44 </args>
      <args> x176 x350 3 </args>
      <args> x176 x351 2 </args>
      <args> x176 x352 39 </args>
      <args> x176 x355 24 </args>
      <args> x176 x356 7 </args>
      <args> x176 x359 35 </args>
      <args> x176 x360 4 </args>
      <args> x177 x199 8 </args>
      <args> x177 x200 56 </args>
      <args> x177 x210 48 </args>
      <args> x177 x269 10 </args>
      <args> x177 x293 36 </args>
      <args> x177 x373 10 </args>
      <args> x177 x374 14 </args>
      <args> x177 x382 17 </args>
      <args> x178 x210 34 </args>
      <args> x178 x257 4 </args>
      <args> x178 x258 12 </args>
      <args> x178 x269 3 </args>
      <args> x178 x270 9 </args>
      <args> x178 x293 10 </args>
      <args> x178 x294 6 </args>
      <args> x178 x373 7 </args>
      <args> x178 x374 50 </args>
      <args> x178 x382 16 </args>
      <args> x179 x187 3 </args>
      <args> x179 x188 1 </args>
      <args> x179 x207 2 </args>
      <args> x179 x217 24 </args>
      <args> x179 x218 3 </args>
      <args> x180 x207 27 </args>
      <args> x181 x284 32 </args>
      <args> x181 x288 28 </args>
      <args> x182 x260 15 </args>
      <args> x183 x231 31 </args>
      <args> x183 x232 22 </args>
      <args> x183 x245 1 </args>
      <args> x183 x246 3 </args>
      <args> x183 x317 2 </args>
      <args> x183 x318 2 </args>
      <args> x183 x333 2 </args>
      <args> x183 x334 54 </args>
      <args> x183 x361 15 </args>
      <args> x183 x362 16 </args>
      <args> x184 x231 2 </args>
      <args> x184 x232 11 </args>
      <args> x184 x245 59 </args>
      <args> x184 x246 13 </args>
      <args> x184 x317 43 </args>
      <args> x184 x318 20 </args>
      <args> x184 x333 56 </args>
      <args> x184 x334 44 </args>
      <args> x184 x361 29 </args>
      <args> x184 x362 56 </args>
      <args> x185 x227 20 </args>
      <args> x185 x228 2 </args>
      <args> x185 x305 1 </args>
      <args> x185 x321 11 </args>
      <args> x185 x322 2 </args>
      <args> x186 x227 11 </args>
      <args> x186 x228 17 </args>
      <args> x186 x305 27 </args>
      <args> x186 x321 21 </args>
      <args> x186 x322 17 </args>
      <args> x187 x195 11 </args>
      <args> x187 x196 9 </args>
      <args> x187 x205 1 </args>
      <args> x187 x206 52 </args>
      <args> x187 x273 7 </args>
      <args> x187 x274 2 </args>
      <args> x187 x309 68 </args>
      <args> x187 x310 16 </args>
      <args> x187 x365 1 </args>
      <args> x187 x366 16 </args>
      <args> x187 x377 2 </args>
      <args> x187 x378 2 </args>
      <args> x188 x205 51 </args>
      <args> x188 x206 27 </args>
      <args> x188 x273 56 </args>
      <args> x188 x274 4 </args>
      <args> x188 x309 3 </args>
      <args> x188 x310 5 </args>
      <args> x188 x365 44 </args>
      <args> x188 x366 19 </args>
      <args> x188 x377 6 </args>
      <args> x188 x378 2 </args>
      <args> x189 x308 11 </args>
      <args> x189 x389 7 </args>
      <args> x189 x390 37 </args>
      <args> x190 x307 18 </args>
      <args> x191 x253 22 </args>
      <args> x191 x254 16 </args>
      <args> x191 x279 13 </args>
      <args> x191 x280 68 </args>
      <args> x191 x283 28 </args>
      <args> x191 x284 21 </args>
      <args> x191 x285 43 </args>
      <args> x191 x286 22 </args>
      <args> x191 x331 6 </args>
      <args> x191 x332 39 </args>
      <args> x191 x357 16 </args>
      <args> x191 x358 17 </args>
      <args> x192 x253 1 </args>
      <args> x192 x254 19 </args>
      <args> x192 x279 6 </args>
      <args> x192 x280 13 </args>
      <args> x192 x285 44 </args>
      <args> x192 x286 42 </args>
      <args> x192 x331 8 </args>
      <args> x192 x332 5 </args>
      <args> x192 x357 10 </args>
      <args> x192 x358 14 </args>
      <args> x193 x239 6 </args>
      <args> x193 x240 14 </args>
      <args> x193 x319 12 </args>
      <args> x193 x320 1 </args>
      <args> x193 x351 39 </args>
      <args> x193 x352 13 </args>
      <args> x193 x369 15 </args>
      <args> x193 x370 14 </args>
      <args> x193 x371 3 </args>
      <args> x193 x372 60 </args>
      <args> x194 x239 3 </args>
      <args> x194 x240 26 </args>
      <args> x194 x319 9 </args>
      <args> x194 x320 9 </args>
      <args> x194 x351 1 </args>
      <args> x194 x352 36 </args>
      <args> x194 x369 20 </args>
      <args> x194 x370 50 </args>
      <args> x194 x371 14 </args>
      <args> x194 x372 18 </args>
      <args> x195 x264 14 </args>
      <args> x195 x341 16 </args>
      <args> x195 x342 39 </args>
      <args> x195 x379 1 </args>
      <args> x195 x380 7 </args>
      <args> x195 x385 8 </args>
      <args> x195 x386 9 </args>
      <args> x196 x263 3 </args>
      <args> x196 x341 22 </args>
      <args> x196 x342 3 </args>
      <args> x196 x379 11 </args>
      <args> x196 x385 6 </args>
      <args> x197 x203 4 </args>
      <args> x197 x213 5 </args>
      <args> x197 x220 11 </args>
      <args> x197 x223 2 </args>
      <args> x197 x224 1 </args>
      <args> x198 x204 23 </args>
      <args> x198 x213 22 </args>
      <args> x198 x214 38 </args>
      <args> x198 x220 17 </args>
      <args> x200 x355 37 </args>
      <args> x200 x356 32 </args>
      <args> x201 x203 30 </args>
      <args> x201 x204 1 </args>
      <args> x201 x233 16 </args>
      <args> x201 x234 15 </args>
      <args> x201 x265 46 </args>
      <args> x201 x266 1 </args>
      <args> x201 x271 38 </args>
      <args> x201 x272 6 </args>
      <args> x201 x277 39 </args>
      <args> x201 x278 54 </args>
      <args> x202 x233 11 </args>
      <args> x202 x234 41 </args>
      <args> x202 x265 1 </args>
      <args> x202 x266 24 </args>
      <args> x202 x271 24 </args>
      <args> x202 x272 1 </args>
      <args> x202 x277 9 </args>
      <args> x202 x278 16 </args>
      <args> x202 x333 14 </args>
      <args> x202 x334 13 </args>
      <args> x203 x213 31 </args>
      <args> x203 x215 37 </args>
      <args> x203 x216 1 </args>
      <args> x203 x220 26 </args>
      <args> x204 x215 3 </args>
      <args> x204 x216 3 </args>
      <args> x204 x225 4 </args>
      <args> x205 x273 6 </args>
      <args> x205 x274 29 </args>
      <args> x205 x309 41 </args>
      <args> x205 x310 9 </args>
      <args> x205 x363 31 </args>
      <args> x205 x364 1 </args>
      <args> x205 x365 7 </args>
      <args> x205 x366 16 </args>
      <args> x205 x377 56 </args>
      <args> x205 x378 44 </args>
      <args> x206 x273 8 </args>
      <args> x206 x274 13 </args>
      <args> x206 x309 49 </args>
      <args> x206 x310 23 </args>
      <args> x206 x327 63 </args>
      <args> x206 x328 37 </args>
      <args> x206 x365 2 </args>
      <args> x206 x366 25 </args>
      <args> x206 x377 9 </args>
      <args> x206 x378 16 </args>
      <args> x208 x217 12 </args>
      <args> x208 x218 80 </args>
      <args> x208 x249 5 </args>
      <args> x208 x250 10 </args>
      <args> x209 x294 1 </args>
      <args> x210 x269 17 </args>
      <args> x210 x270 23 </args>
      <args> x210 x293 31 </args>
      <args> x210 x381 11 </args>
      <args> x210 x382 20 </args>
      <args> x211 x309 4 </args>
      <args> x211 x310 39 </args>
      <args> x211 x325 16 </args>
      <args> x211 x326 33 </args>
      <args> x213 x220 56 </args>
      <args> x213 x221 64 </args>
      <args> x213 x222 2 </args>
      <args> x214 x219 21 </args>
      <args> x214 x287 2 </args>
      <args> x214 x288 32 </args>
      <args> x215 x249 37 </args>
      <args> x215 x250 40 </args>
      <args> x215 x311 4 </args>
      <args> x215 x312 2 </args>
      <args> x215 x327 10 </args>
      <args> x215 x328 8 </args>
      <args> x215 x353 18 </args>
      <args> x215 x354 2 </args>
      <args> x216 x249 42 </args>
      <args> x216 x250 7 </args>
      <args> x216 x311 1 </args>
      <args> x216 x312 9 </args>
      <args> x216 x327 29 </args>
      <args> x216 x328 21 </args>
      <args> x216 x333 25 </args>
      <args> x216 x334 5 </args>
      <args> x216 x353 43 </args>
      <args> x216 x354 48 </args>
      <args> x218 x229 36 </args>
      <args> x218 x230 55 </args>
      <args> x219 x226 10 </args>
      <args> x220 x225 51 </args>
      <args> x221 x289 15 </args>
      <args> x221 x290 28 </args>
      <args> x221 x329 7 </args>
      <args> x221 x330 16 </args>
      <args> x221 x339 8 </args>
      <args> x221 x340 24 </args>
      <args> x221 x346 6 </args>
      <args> x222 x289 15 </args>
      <args> x222 x329 53 </args>
      <args> x222 x339 26 </args>
      <args> x222 x341 6 </args>
      <args> x222 x342 33 </args>
      <args> x222 x383 8 </args>
      <args> x223 x303 15 </args>
      <args> x223 x304 5 </args>
      <args> x223 x347 3 </args>
      <args> x223 x348 32 </args>
      <args> x223 x349 44 </args>
      <args> x223 x350 52 </args>
      <args> x223 x353 5 </args>
      <args> x223 x354 31 </args>
      <args> x223 x355 6 </args>
      <args> x223 x356 2 </args>
      <args> x223 x359 1 </args>
      <args> x223 x360 35 </args>
      <args> x224 x303 3 </args>
      <args> x224 x304 5 </args>
      <args> x224 x347 26 </args>
      <args> x224 x348 6 </args>
      <args> x224 x349 21 </args>
      <args> x224 x350 11 </args>
      <args> x224 x353 26 </args>
      <args> x224 x354 52 </args>
      <args> x224 x355 52 </args>
      <args> x224 x356 41 </args>
      <args> x224 x359 1 </args>
      <args> x224 x360 3 </args>
      <args> x226 x271 2 </args>
      <args> x226 x272 13 </args>
      <args> x227 x305 33 </args>
      <args> x227 x306 4 </args>
      <args> x227 x321 9 </args>
      <args> x228 x306 4 </args>
      <args> x228 x315 1 </args>
      <args> x228 x316 1 </args>
      <args> x228 x322 11 </args>
      <args> x229 x238 46 </args>
      <args> x229 x245 32 </args>
      <args> x229 x246 2 </args>
      <args> x229 x261 45 </args>
      <args> x230 x237 8 </args>
      <args> x230 x248 31 </args>
      <args> x230 x257 2 </args>
      <args> x230 x259 2 </args>
      <args> x230 x260 8 </args>
      <args> x230 x262 9 </args>
      <args> x231 x237 17 </args>
      <args> x231 x238 12 </args>
      <args> x231 x245 1 </args>
      <args> x231 x246 23 </args>
      <args> x231 x317 38 </args>
      <args> x231 x318 18 </args>
      <args> x231 x333 36 </args>
      <args> x231 x334 1 </args>
      <args> x231 x361 51 </args>
      <args> x231 x362 2 </args>
      <args> x232 x245 27 </args>
      <args> x232 x246 33 </args>
      <args> x232 x317 2 </args>
      <args> x232 x318 34 </args>
      <args> x232 x329 5 </args>
      <args> x232 x330 8 </args>
      <args> x232 x333 3 </args>
      <args> x232 x334 18 </args>
      <args> x232 x361 23 </args>
      <args> x232 x362 56 </args>
      <args> x233 x265 11 </args>
      <args> x233 x266 45 </args>
      <args> x233 x271 53 </args>
      <args> x233 x272 27 </args>
      <args> x233 x277 23 </args>
      <args> x233 x278 17 </args>
      <args> x234 x265 15 </args>
      <args> x234 x266 10 </args>
      <args> x234 x271 10 </args>
      <args> x234 x272 6 </args>
      <args> x234 x277 1 </args>
      <args> x234 x278 53 </args>
      <args> x235 x298 14 </args>
      <args> x235 x388 14 </args>
      <args> x236 x371 51 </args>
      <args> x236 x372 8 </args>
      <args> x236 x388 13 </args>
      <args> x237 x247 27 </args>
      <args> x237 x258 7 </args>
      <args> x237 x261 10 </args>
      <args> x237 x262 35 </args>
      <args> x238 x247 3 </args>
      <args> x238 x248 13 </args>
      <args> x238 x257 21 </args>
      <args> x238 x258 3 </args>
      <args> x238 x261 34 </args>
      <args> x238 x262 9 </args>
      <args> x238 x275 18 </args>
      <args> x238 x276 13 </args>
      <args> x239 x319 4 </args>
      <args> x239 x320 23 </args>
      <args> x239 x321 29 </args>
      <args> x239 x322 2 </args>
      <args> x239 x351 27 </args>
      <args> x239 x352 48 </args>
      <args> x239 x369 30 </args>
      <args> x239 x370 32 </args>
      <args> x239 x371 55 </args>
      <args> x239 x372 3 </args>
      <args> x240 x319 31 </args>
      <args> x240 x320 19 </args>
      <args> x240 x351 14 </args>
      <args> x240 x352 10 </args>
      <args> x240 x369 15 </args>
      <args> x240 x370 11 </args>
      <args> x240 x371 20 </args>
      <args> x240 x372 34 </args>
      <args> x240 x393 36 </args>
      <args> x240 x394 2 </args>
      <args> x241 x251 1 </args>
      <args> x241 x252 4 </args>
      <args> x241 x267 12 </args>
      <args> x241 x268 8 </args>
      <args> x241 x281 7 </args>
      <args> x241 x282 33 </args>
      <args> x241 x299 31 </args>
      <args> x241 x300 42 </args>
      <args> x241 x323 4 </args>
      <args> x241 x324 4 </args>
      <args> x241 x335 36 </args>
      <args> x241 x336 5 </args>
      <args> x242 x267 9 </args>
      <args> x242 x268 20 </args>
      <args> x242 x281 6 </args>
      <args> x242 x282 13 </args>
      <args> x242 x283 4 </args>
      <args> x242 x284 3 </args>
      <args> x242 x299 30 </args>
      <args> x242 x300 27 </args>
      <args> x242 x323 34 </args>
      <args> x242 x324 27 </args>
      <args> x242 x335 4 </args>
      <args> x242 x336 22 </args>
      <args> x243 x253 31 </args>
      <args> x243 x254 28 </args>
      <args> x243 x275 21 </args>
      <args> x243 x276 13 </args>
      <args> x245 x317 14 </args>
      <args> x245 x318 38 </args>
      <args> x245 x333 1 </args>
      <args> x245 x334 62 </args>
      <args> x245 x361 2 </args>
      <args> x245 x362 3 </args>
      <args> x245 x395 27 </args>
      <args> x245 x396 31 </args>
      <args> x246 x317 6 </args>
      <args> x246 x318 35 </args>
      <args> x246 x333 35 </args>
      <args> x246 x334 32 </args>
      <args> x246 x361 37 </args>
      <args> x246 x362 46 </args>
      <args> x247 x258 38 </args>
      <args> x247 x262 12 </args>
      <args> x247 x277 16 </args>
      <args> x247 x278 22 </args>
      <args> x248 x257 25 </args>
      <args> x248 x258 1 </args>
      <args> x249 x283 38 </args>
      <args> x249 x284 6 </args>
      <args> x249 x311 18 </args>
      <args> x249 x312 14 </args>
      <args> x249 x327 26 </args>
      <args> x249 x328 2 </args>
      <args> x249 x353 2 </args>
      <args> x249 x354 2 </args>
      <args> x250 x311 28 </args>
      <args> x250 x312 2 </args>
      <args> x250 x327 24 </args>
      <args> x250 x328 28 </args>
      <args> x250 x331 5 </args>
      <args> x250 x332 49 </args>
      <args> x250 x353 44 </args>
      <args> x250 x354 8 </args>
      <args> x251 x295 10 </args>
      <args> x251 x313 16 </args>
      <args> x251 x316 23 </args>
      <args> x251 x367 11 </args>
      <args> x251 x373 37 </args>
      <args> x251 x374 3 </args>
      <args> x252 x295 10 </args>
      <args> x252 x296 8 </args>
      <args> x252 x313 14 </args>
      <args> x252 x316 5 </args>
      <args> x252 x351 12 </args>
      <args> x252 x352 40 </args>
      <args> x252 x368 32 </args>
      <args> x253 x263 41 </args>
      <args> x253 x264 5 </args>
      <args> x253 x279 45 </args>
      <args> x253 x280 28 </args>
      <args> x253 x285 5 </args>
      <args> x253 x286 18 </args>
      <args> x253 x331 41 </args>
      <args> x253 x332 26 </args>
      <args> x253 x357 16 </args>
      <args> x253 x358 8 </args>
      <args> x254 x279 29 </args>
      <args> x254 x280 10 </args>
      <args> x254 x285 20 </args>
      <args> x254 x286 32 </args>
      <args> x254 x331 10 </args>
      <args> x254 x332 29 </args>
      <args> x254 x357 2 </args>
      <args> x254 x358 63 </args>
      <args> x255 x301 42 </args>
      <args> x255 x302 1 </args>
      <args> x255 x343 8 </args>
      <args> x255 x344 42 </args>
      <args> x256 x301 15 </args>
      <args> x256 x302 1 </args>
      <args> x256 x343 54 </args>
      <args> x256 x344 26 </args>
      <args> x257 x261 54 </args>
      <args> x258 x261 11 </args>
      <args> x259 x283 36 </args>
      <args> x259 x284 16 </args>
      <args> x259 x288 40 </args>
      <args> x260 x287 12 </args>
      <args> x260 x288 17 </args>
      <args> x260 x353 2 </args>
      <args> x260 x354 13 </args>
      <args> x262 x341 4 </args>
      <args> x262 x342 9 </args>
      <args> x263 x380 2 </args>
      <args> x263 x383 7 </args>
      <args> x263 x384 11 </args>
      <args> x265 x271 22 </args>
      <args> x265 x272 5 </args>
      <args> x265 x277 45 </args>
      <args> x265 x278 10 </args>
      <args> x266 x271 3 </args>
      <args> x266 x272 2 </args>
      <args> x266 x277 43 </args>
      <args> x266 x278 38 </args>
      <args> x267 x281 45 </args>
      <args> x267 x282 11 </args>
      <args> x267 x299 20 </args>
      <args> x267 x300 28 </args>
      <args> x267 x323 34 </args>
      <args> x267 x324 1 </args>
      <args> x267 x333 10 </args>
      <args> x267 x334 12 </args>
      <args> x267 x335 7 </args>
      <args> x267 x336 7 </args>
      <args> x268 x281 33 </args>
      <args> x268 x282 12 </args>
      <args> x268 x291 2 </args>
      <args> x268 x292 18 </args>
      <args> x268 x299 18 </args>
      <args> x268 x300 45 </args>
      <args> x268 x323 19 </args>
      <args> x268 x324 41 </args>
      <args> x268 x335 1 </args>
      <args> x268 x336 42 </args>
      <args> x269 x293 22 </args>
      <args> x269 x373 41 </args>
      <args> x269 x381 2 </args>
      <args> x269 x382 4 </args>
      <args> x270 x361 14 </args>
      <args> x270 x362 9 </args>
      <args> x270 x373 50 </args>
      <args> x271 x277 10 </args>
      <args> x271 x278 3 </args>
      <args> x272 x277 23 </args>
      <args> x272 x278 4 </args>
      <args> x273 x309 1 </args>
      <args> x273 x310 10 </args>
      <args> x273 x365 1 </args>
      <args> x273 x366 15 </args>
      <args> x273 x377 12 </args>
      <args> x273 x378 2 </args>
      <args> x273 x387 11 </args>
      <args> x273 x388 2 </args>
      <args> x274 x309 3 </args>
      <args> x274 x310 10 </args>
      <args> x274 x327 13 </args>
      <args> x274 x328 11 </args>
      <args> x274 x365 41 </args>
      <args> x274 x366 10 </args>
      <args> x274 x377 7 </args>
      <args> x274 x378 4 </args>
      <args> x276 x373 18 </args>
      <args> x276 x374 26 </args>
      <args> x278 x355 1 </args>
      <args> x278 x356 34 </args>
      <args> x279 x285 16 </args>
      <args> x279 x286 33 </args>
      <args> x279 x331 10 </args>
      <args> x279 x332 8 </args>
      <args> x279 x341 3 </args>
      <args> x279 x342 1 </args>
      <args> x279 x357 20 </args>
      <args> x279 x358 8 </args>
      <args> x280 x285 1 </args>
      <args> x280 x286 40 </args>
      <args> x280 x331 21 </args>
      <args> x280 x332 2 </args>
      <args> x280 x357 26 </args>
      <args> x280 x358 45 </args>
      <args> x281 x287 67 </args>
      <args> x281 x288 1 </args>
      <args> x281 x299 4 </args>
      <args> x281 x300 4 </args>
      <args> x281 x323 3 </args>
      <args> x281 x324 36 </args>
      <args> x281 x335 31 </args>
      <args> x281 x336 2 </args>
      <args> x282 x299 18 </args>
      <args> x282 x300 34 </args>
      <args> x282 x323 32 </args>
      <args> x282 x324 25 </args>
      <args> x282 x333 40 </args>
      <args> x282 x334 22 </args>
      <args> x282 x335 15 </args>
      <args> x282 x336 22 </args>
      <args> x283 x285 37 </args>
      <args> x283 x286 5 </args>
      <args> x284 x287 4 </args>
      <args> x284 x288 8 </args>
      <args> x284 x321 34 </args>
      <args> x284 x322 33 </args>
      <args> x285 x331 27 </args>
      <args> x285 x332 6 </args>
      <args> x285 x357 42 </args>
      <args> x285 x358 54 </args>
      <args> x286 x331 1 </args>
      <args> x286 x332 3 </args>
      <args> x286 x357 2 </args>
      <args> x286 x358 5 </args>
      <args> x288 x323 16 </args>
      <args> x288 x324 20 </args>
      <args> x289 x330 11 </args>
      <args> x289 x339 45 </args>
      <args> x289 x340 2 </args>
      <args> x289 x361 3 </args>
      <args> x289 x362 9 </args>
      <args> x289 x383 7 </args>
      <args> x289 x384 9 </args>
      <args> x290 x330 7 </args>
      <args> x290 x340 32 </args>
      <args> x290 x379 55 </args>
      <args> x290 x380 31 </args>
      <args> x290 x383 2 </args>
      <args> x291 x337 49 </args>
      <args> x291 x376 6 </args>
      <args> x292 x337 7 </args>
      <args> x292 x376 23 </args>
      <args> x292 x385 19 </args>
      <args> x292 x386 18 </args>
      <args> x293 x381 47 </args>
      <args> x293 x382 1 </args>
      <args> x294 x374 5 </args>
      <args> x294 x377 2 </args>
      <args> x294 x378 36 </args>
      <args> x294 x382 42 </args>
      <args> x295 x313 2 </args>
      <args> x295 x315 28 </args>
      <args> x295 x316 56 </args>
      <args> x295 x367 14 </args>
      <args> x296 x315 19 </args>
      <args> x296 x367 9 </args>
      <args> x296 x368 6 </args>
      <args> x296 x379 9 </args>
      <args> x296 x380 24 </args>
      <args> x297 x363 48 </args>
      <args> x297 x388 36 </args>
      <args> x298 x365 18 </args>
      <args> x298 x366 4 </args>
      <args> x299 x323 56 </args>
      <args> x299 x324 3 </args>
      <args> x299 x335 29 </args>
      <args> x299 x336 26 </args>
      <args> x299 x397 7 </args>
      <args> x299 x398 32 </args>
      <args> x300 x323 10 </args>
      <args> x300 x324 4 </args>
      <args> x300 x325 8 </args>
      <args> x300 x326 15 </args>
      <args> x300 x335 3 </args>
      <args> x300 x336 14 </args>
      <args> x301 x343 13 </args>
      <args> x301 x344 38 </args>
      <args> x302 x343 44 </args>
      <args> x302 x344 22 </args>
      <args> x303 x345 26 </args>
      <args> x303 x346 6 </args>
      <args> x303 x347 11 </args>
      <args> x303 x348 9 </args>
      <args> x303 x349 8 </args>
      <args> x303 x350 10 </args>
      <args> x303 x355 23 </args>
      <args> x303 x356 23 </args>
      <args> x303 x359 22 </args>
      <args> x303 x360 12 </args>
      <args> x304 x347 42 </args>
      <args> x304 x348 7 </args>
      <args> x304 x349 30 </args>
      <args> x304 x350 26 </args>
      <args> x304 x355 4 </args>
      <args> x304 x356 35 </args>
      <args> x304 x359 47 </args>
      <args> x304 x360 38 </args>
      <args> x304 x369 1 </args>
      <args> x304 x370 10 </args>
      <args> x305 x321 1 </args>
      <args> x305 x375 1 </args>
      <args> x305 x376 9 </args>
      <args> x307 x389 38 </args>
      <args> x308 x390 8 </args>
      <args> x309 x365 16 </args>
      <args> x309 x366 6 </args>
      <args> x309 x377 22 </args>
      <args> x309 x378 32 </args>
      <args> x310 x365 14 </args>
      <args> x310 x366 4 </args>
      <args> x310 x367 11 </args>
      <args> x310 x368 15 </args>
      <args> x310 x377 2 </args>
      <args> x310 x378 1 </args>
      <args> x311 x327 29 </args>
      <args> x311 x328 11 </args>
      <args> x311 x353 39 </args>
      <args> x311 x354 56 </args>
      <args> x312 x327 24 </args>
      <args> x312 x328 4 </args>
      <args> x312 x353 3 </args>
      <args> x312 x354 2 </args>
      <args> x313 x316 61 </args>
      <args> x313 x359 35 </args>
      <args> x313 x360 31 </args>
      <args> x313 x367 1 </args>
      <args> x313 x368 8 </args>
      <args> x314 x315 5 </args>
      <args> x314 x316 5 </args>
      <args> x314 x367 7 </args>
      <args> x314 x368 28 </args>
      <args> x314 x387 17 </args>
      <args> x314 x388 46 </args>
      <args> x315 x367 30 </args>
      <args> x316 x368 3 </args>
      <args> x317 x333 7 </args>
      <args> x317 x334 19 </args>
      <args> x317 x361 31 </args>
      <args> x317 x362 15 </args>
      <args> x318 x333 14 </args>
      <args> x318 x334 4 </args>
      <args> x318 x361 21 </args>
      <args> x318 x362 47 </args>
      <args> x319 x333 8 </args>
      <args> x319 x334 10 </args>
      <args> x319 x351 40 </args>
      <args> x319 x352 27 </args>
      <args> x319 x369 20 </args>
      <args> x319 x370 39 </args>
      <args> x319 x371 19 </args>
      <args> x319 x372 15 </args>
      <args> x320 x351 33 </args>
      <args> x320 x352 51 </args>
      <args> x320 x367 28 </args>
      <args> x320 x368 34 </args>
      <args> x320 x369 3 </args>
      <args> x320 x370 6 </args>
      <args> x320 x371 15 </args>
      <args> x320 x372 20 </args>
      <args> x322 x347 44 </args>
      <args> x322 x348 56 </args>
      <args> x323 x325 3 </args>
      <args> x323 x326 17 </args>
      <args> x323 x335 80 </args>
      <args> x323 x336 7 </args>
      <args> x324 x335 31 </args>
      <args> x324 x336 12 </args>
      <args> x326 x333 36 </args>
      <args> x326 x334 28 </args>
      <args> x327 x335 25 </args>
      <args> x327 x336 21 </args>
      <args> x327 x353 1 </args>
      <args> x327 x354 1 </args>
      <args> x328 x353 1 </args>
      <args> x328 x354 3 </args>
      <args> x328 x385 38 </args>
      <args> x328 x386 2 </args>
      <args> x329 x384 9 </args>
      <args> x329 x397 43 </args>
      <args> x329 x398 23 </args>
      <args> x330 x339 5 </args>
      <args> x330 x345 10 </args>
      <args> x330 x384 9 </args>
      <args> x330 x389 5 </args>
      <args> x330 x390 3 </args>
      <args> x331 x343 13 </args>
      <args> x331 x344 43 </args>
      <args> x331 x357 16 </args>
      <args> x331 x358 46 </args>
      <args> x332 x357 27 </args>
      <args> x332 x358 35 </args>
      <args> x333 x361 30 </args>
      <args> x333 x362 2 </args>
      <args> x334 x361 37 </args>
      <args> x334 x362 10 </args>
      <args> x336 x345 2 </args>
      <args> x336 x346 2 </args>
      <args> x337 x375 26 </args>
      <args> x338 x376 27 </args>
      <args> x339 x345 36 </args>
      <args> x340 x345 1 </args>
      <args> x340 x346 4 </args>
      <args> x340 x384 4 </args>
      <args> x341 x392 8 </args>
      <args> x342 x391 2 </args>
      <args> x342 x392 29 </args>
      <args> x342 x393 2 </args>
      <args> x342 x394 13 </args>
      <args> x344 x397 14 </args>
      <args> x344 x398 61 </args>
      <args> x345 x384 34 </args>
      <args> x345 x385 39 </args>
      <args> x345 x386 10 </args>
      <args> x346 x384 40 </args>
      <args> x347 x349 33 </args>
      <args> x347 x350 21 </args>
      <args> x347 x355 29 </args>
      <args> x347 x356 45 </args>
      <args> x347 x357 9 </args>
      <args> x347 x358 33 </args>
      <args> x347 x359 11 </args>
      <args> x347 x360 46 </args>
      <args> x348 x349 28 </args>
      <args> x348 x350 53 </args>
      <args> x348 x355 2 </args>
      <args> x348 x356 1 </args>
      <args> x348 x359 53 </args>
      <args> x348 x360 26 </args>
      <args> x349 x355 8 </args>
      <args> x349 x356 3 </args>
      <args> x349 x359 26 </args>
      <args> x349 x360 17 </args>
      <args> x349 x365 33 </args>
      <args> x349 x366 30 </args>
      <args> x350 x355 2 </args>
      <args> x350 x356 2 </args>
      <args> x350 x359 18 </args>
      <args> x350 x360 35 </args>
      <args> x351 x369 28 </args>
      <args> x351 x370 2 </args>
      <args> x351 x371 33 </args>
      <args> x351 x372 4 </args>
      <args> x352 x369 5 </args>
      <args> x352 x370 4 </args>
      <args> x352 x371 23 </args>
      <args> x352 x372 6 </args>
      <args> x354 x397 47 </args>
      <args> x354 x398 54 </args>
      <args> x355 x357 31 </args>
      <args> x355 x358 25 </args>
      <args> x355 x359 8 </args>
      <args> x355 x360 14 </args>
      <args> x356 x359 7 </args>
      <args> x356 x360 1 </args>
      <args> x358 x369 35 </args>
      <args> x358 x370 35 </args>
      <args> x360 x379 41 </args>
      <args> x360 x380 45 </args>
      <args> x361 x397 2 </args>
      <args> x361 x398 32 </args>
      <args> x362 x363 15 </args>
      <args> x362 x364 48 </args>
      <args> x363 x388 2 </args>
      <args> x365 x377 7 </args>
      <args> x365 x378 12 </args>
      <args> x366 x377 45 </args>
      <args> x366 x378 6 </args>
      <args> x368 x397 13 </args>
      <args> x368 x398 21 </args>
      <args> x369 x371 14 </args>
      <args> x369 x372 1 </args>
      <args> x370 x371 4 </args>
      <args> x370 x372 15 </args>
      <args> x371 x397 29 </args>
      <args> x371 x398 11 </args>
      <args> x372 x397 43 </args>
      <args> x372 x398 55 </args>
      <args> x373 x381 23 </args>
      <args> x373 x382 19 </args>
      <args> x374 x381 7 </args>
      <args> x374 x382 51 </args>
      <args> x376 x379 2 </args>
      <args> x376 x380 21 </args>
      <args> x377 x379 14 </args>
      <args> x377 x380 41 </args>
      <args> x378 x397 5 </args>
      <args> x378 x398 12 </args>
      <args> x379 x386 2 </args>
      <args> x380 x387 6 </args>
      <args> x380 x388 3 </args>
      <args> x381 x397 7 </args>
      <args> x381 x398 40 </args>
      <args> x382 x397 11 </args>
      <args> x382 x398 39 </args>
      <args> x383 x397 48 </args>
      <args> x383 x398 7 </args>
      <args> x384 x397 1 </args>
      <args> x384 x398 19 </args>
      <args> x386 x397 18 </args>
      <args> x386 x398 4 </args>
      <args> x387 x397 31 </args>
      <args> x387 x398 13 </args>
      <args> x388 x397 2 </args>
      <args> x388 x398 10 </args>
      <args> x390 x397 52 </args>
      <args> x390 x398 43 </args>
      <args> x392 x397 2 </args>
      <args> x392 x398 7 </args>
      <args> x393 x397 33 </args>
      <args> x393 x398 7 </args>
      <args> x394 x397 22 </args>
      <args> x394 x398 42 </args>
      <args> x395 x397 33 </args>
      <args> x395 x398 2 </args>
      <args> x396 x397 15 </args>
      <args> x396 x398 5 </args>
      <args> x397 x399 11 </args>
      <args> x397 x400 15 </args>
      <args> x398 x399 48 </args>
      <args> x398 x400 44 </args>
    </group>
  </constraints>
</instance>
