<instance format="XCSP3" type="CSP">
  <variables>
    <var id="x13"> 16 30 44 58 72 86 100 114 128 142 156 254 268 282 296 310 324 338 352 366 380 394 414 428 442 456 470 484 498 512 526 540 554 652 666 680 694 708 722 736 750 764 778 792 </var>
    <var as="x13" id="x14"/>
    <var as="x13" id="x15"/>
    <var as="x13" id="x16"/>
    <var as="x13" id="x321"/>
    <var as="x13" id="x322"/>
    <var as="x13" id="x323"/>
    <var as="x13" id="x324"/>
    <var id="x519"> 30 44 58 72 86 100 114 128 142 268 282 296 310 324 338 352 366 380 428 442 456 470 484 498 512 526 540 666 680 694 708 722 736 750 764 778 </var>
    <var as="x519" id="x520"/>
    <var as="x519" id="x557"/>
    <var as="x519" id="x558"/>
    <var as="x519" id="x593"/>
    <var as="x519" id="x594"/>
    <var as="x519" id="x597"/>
    <var as="x519" id="x598"/>
    <var as="x519" id="x599"/>
    <var as="x519" id="x600"/>
    <var as="x519" id="x613"/>
    <var as="x519" id="x614"/>
    <var as="x519" id="x629"/>
    <var as="x519" id="x630"/>
    <var as="x519" id="x631"/>
    <var as="x519" id="x632"/>
    <var as="x13" id="x665"/>
    <var as="x13" id="x666"/>
    <var as="x13" id="x765"/>
    <var as="x13" id="x766"/>
    <var as="x13" id="x767"/>
    <var as="x13" id="x768"/>
    <var as="x13" id="x785"/>
    <var as="x13" id="x786"/>
  </variables>
  <constraints>
    <group>
      <intension> eq(dist(%0,%1),%2) </intension>
      <args> x13 x14 238 </args>
      <args> x15 x16 238 </args>
      <args> x321 x322 238 </args>
      <args> x323 x324 238 </args>
      <args> x519 x520 238 </args>
      <args> x557 x558 238 </args>
      <args> x593 x594 238 </args>
      <args> x597 x598 238 </args>
      <args> x599 x600 238 </args>
      <args> x613 x614 238 </args>
      <args> x629 x630 238 </args>
      <args> x631 x632 238 </args>
      <args> x665 x666 238 </args>
      <args> x765 x766 238 </args>
      <args> x767 x768 238 </args>
      <args> x785 x786 238 </args>
    </group>
    <group>
      <intension> gt(dist(%0,%1),%2) </intension>
      <args> x13 x15 59 </args>
      <args> x13 x16 186 </args>
      <args> x13 x321 10 </args>
      <args> x13 x322 186 </args>
      <args> x13 x323 168 </args>
      <args> x13 x324 56 </args>
      <args> x13 x557 91 </args>
      <args> x13 x558 265 </args>
      <args> x13 x599 26 </args>
      <args> x13 x600 200 </args>
      <args> x13 x665 177 </args>
      <args> x13 x666 7 </args>
      <args> x13 x767 62 </args>
      <args> x13 x768 233 </args>
      <args> x14 x15 186 </args>
      <args> x14 x16 59 </args>
      <args> x14 x321 168 </args>
      <args> x14 x322 11 </args>
      <args> x14 x323 56 </args>
      <args> x14 x324 151 </args>
      <args> x14 x557 265 </args>
      <args> x14 x558 408 </args>
      <args> x14 x599 200 </args>
      <args> x14 x600 343 </args>
      <args> x14 x665 8 </args>
      <args> x14 x666 177 </args>
      <args> x14 x767 121 </args>
      <args> x14 x768 60 </args>
      <args> x15 x321 10 </args>
      <args> x15 x322 186 </args>
      <args> x15 x323 168 </args>
      <args> x15 x324 56 </args>
      <args> x15 x557 91 </args>
      <args> x15 x558 265 </args>
      <args> x15 x599 26 </args>
      <args> x15 x600 200 </args>
      <args> x15 x665 177 </args>
      <args> x15 x666 7 </args>
      <args> x15 x767 62 </args>
      <args> x15 x768 233 </args>
      <args> x16 x321 168 </args>
      <args> x16 x322 11 </args>
      <args> x16 x323 56 </args>
      <args> x16 x324 151 </args>
      <args> x16 x557 265 </args>
      <args> x16 x558 408 </args>
      <args> x16 x599 200 </args>
      <args> x16 x600 343 </args>
      <args> x16 x665 8 </args>
      <args> x16 x666 177 </args>
      <args> x16 x767 121 </args>
      <args> x16 x768 60 </args>
      <args> x321 x323 178 </args>
      <args> x321 x324 84 </args>
      <args> x321 x557 99 </args>
      <args> x321 x558 274 </args>
      <args> x321 x594 216 </args>
      <args> x321 x599 33 </args>
      <args> x321 x600 209 </args>
      <args> x321 x631 192 </args>
      <args> x321 x665 168 </args>
      <args> x321 x666 12 </args>
      <args> x321 x767 57 </args>
      <args> x321 x768 224 </args>
      <args> x322 x323 84 </args>
      <args> x322 x324 178 </args>
      <args> x322 x557 274 </args>
      <args> x322 x558 416 </args>
      <args> x322 x599 209 </args>
      <args> x322 x600 351 </args>
      <args> x322 x665 12 </args>
      <args> x322 x666 186 </args>
      <args> x322 x767 130 </args>
      <args> x322 x768 53 </args>
      <args> x323 x557 257 </args>
      <args> x323 x558 433 </args>
      <args> x323 x594 57 </args>
      <args> x323 x599 192 </args>
      <args> x323 x600 368 </args>
      <args> x323 x631 351 </args>
      <args> x323 x665 56 </args>
      <args> x323 x666 171 </args>
      <args> x323 x767 122 </args>
      <args> x323 x768 65 </args>
      <args> x324 x557 116 </args>
      <args> x324 x558 258 </args>
      <args> x324 x599 56 </args>
      <args> x324 x600 193 </args>
      <args> x324 x665 152 </args>
      <args> x324 x666 56 </args>
      <args> x324 x767 65 </args>
      <args> x324 x768 211 </args>
      <args> x519 x597 293 </args>
      <args> x519 x598 434 </args>
      <args> x520 x597 116 </args>
      <args> x520 x598 293 </args>
      <args> x557 x593 154 </args>
      <args> x557 x594 330 </args>
      <args> x557 x597 47 </args>
      <args> x557 x598 130 </args>
      <args> x557 x599 66 </args>
      <args> x557 x600 112 </args>
      <args> x557 x613 47 </args>
      <args> x557 x614 130 </args>
      <args> x557 x665 274 </args>
      <args> x557 x666 106 </args>
      <args> x557 x767 151 </args>
      <args> x557 x768 321 </args>
      <args> x557 x785 47 </args>
      <args> x557 x786 126 </args>
      <args> x558 x593 330 </args>
      <args> x558 x594 471 </args>
      <args> x558 x597 224 </args>
      <args> x558 x598 47 </args>
      <args> x558 x599 242 </args>
      <args> x558 x600 66 </args>
      <args> x558 x613 224 </args>
      <args> x558 x614 47 </args>
      <args> x558 x665 423 </args>
      <args> x558 x666 274 </args>
      <args> x558 x767 321 </args>
      <args> x558 x768 466 </args>
      <args> x558 x785 224 </args>
      <args> x558 x786 47 </args>
      <args> x593 x597 107 </args>
      <args> x593 x598 284 </args>
      <args> x593 x613 107 </args>
      <args> x593 x614 284 </args>
      <args> x593 x631 265 </args>
      <args> x593 x632 88 </args>
      <args> x593 x665 112 </args>
      <args> x593 x666 68 </args>
      <args> x593 x767 12 </args>
      <args> x593 x768 154 </args>
      <args> x593 x785 107 </args>
      <args> x593 x786 279 </args>
      <args> x594 x597 284 </args>
      <args> x594 x598 424 </args>
      <args> x594 x613 284 </args>
      <args> x594 x614 424 </args>
      <args> x594 x631 406 </args>
      <args> x594 x632 265 </args>
      <args> x594 x665 68 </args>
      <args> x594 x666 242 </args>
      <args> x594 x767 172 </args>
      <args> x594 x768 13 </args>
      <args> x594 x785 284 </args>
      <args> x594 x786 424 </args>
      <args> x597 x613 2 </args>
      <args> x597 x614 177 </args>
      <args> x597 x665 218 </args>
      <args> x597 x666 44 </args>
      <args> x597 x767 100 </args>
      <args> x597 x768 259 </args>
      <args> x597 x785 2 </args>
      <args> x597 x786 172 </args>
      <args> x598 x613 177 </args>
      <args> x598 x614 2 </args>
      <args> x598 x665 361 </args>
      <args> x598 x666 218 </args>
      <args> x598 x768 418 </args>
      <args> x598 x785 177 </args>
      <args> x598 x786 2 </args>
      <args> x599 x665 200 </args>
      <args> x599 x666 26 </args>
      <args> x599 x767 87 </args>
      <args> x599 x768 256 </args>
      <args> x600 x665 343 </args>
      <args> x600 x666 200 </args>
      <args> x600 x767 256 </args>
      <args> x600 x768 401 </args>
      <args> x613 x665 218 </args>
      <args> x613 x666 42 </args>
      <args> x613 x765 47 </args>
      <args> x613 x766 224 </args>
      <args> x613 x768 258 </args>
      <args> x613 x785 28 </args>
      <args> x613 x786 172 </args>
      <args> x614 x665 359 </args>
      <args> x614 x666 218 </args>
      <args> x614 x765 126 </args>
      <args> x614 x766 47 </args>
      <args> x614 x767 258 </args>
      <args> x614 x768 418 </args>
      <args> x614 x785 177 </args>
      <args> x614 x786 25 </args>
      <args> x629 x631 266 </args>
      <args> x629 x632 125 </args>
      <args> x629 x768 134 </args>
      <args> x630 x631 442 </args>
      <args> x630 x632 266 </args>
      <args> x630 x768 31 </args>
      <args> x631 x767 241 </args>
      <args> x631 x768 400 </args>
      <args> x632 x767 83 </args>
      <args> x665 x767 121 </args>
      <args> x665 x768 60 </args>
      <args> x665 x785 218 </args>
      <args> x665 x786 361 </args>
      <args> x666 x767 62 </args>
      <args> x666 x768 233 </args>
      <args> x666 x785 44 </args>
      <args> x666 x786 214 </args>
      <args> x765 x767 146 </args>
      <args> x767 x785 100 </args>
      <args> x767 x786 259 </args>
      <args> x768 x785 259 </args>
    </group>
  </constraints>
</instance>
