<instance format="XCSP3" type="CSP">
  <variables>
    <var id="x1"> 30 44 58 72 86 100 114 128 142 156 268 282 296 310 324 338 352 366 380 394 414 428 442 456 470 484 498 512 526 540 554 652 666 680 694 708 722 736 750 764 778 792 </var>
    <var as="x1" id="x2"/>
    <var id="x3"> 16 30 44 58 72 86 100 114 128 142 156 254 268 282 296 310 324 338 352 366 380 394 414 428 442 456 470 484 498 512 526 540 554 652 666 680 694 708 722 736 750 764 778 792 </var>
    <var as="x3" id="x4"/>
    <var id="x5"> 16 30 44 58 72 86 100 114 128 142 156 254 268 282 296 310 324 338 352 366 380 394 </var>
    <var as="x5" id="x6"/>
    <var id="x7"> 142 170 240 380 408 478 </var>
    <var as="x7" id="x8"/>
    <var as="x7" id="x9"/>
    <var as="x7" id="x10"/>
    <var as="x3" id="x11"/>
    <var as="x3" id="x12"/>
    <var as="x3" id="x13"/>
    <var as="x3" id="x14"/>
    <var as="x1" id="x15"/>
    <var as="x1" id="x16"/>
    <var as="x5" id="x17"/>
    <var as="x5" id="x18"/>
    <var as="x3" id="x19"/>
    <var as="x3" id="x20"/>
    <var id="x21"> 30 44 58 72 86 100 114 128 142 268 282 296 310 324 338 352 366 380 428 442 456 470 484 498 512 526 540 666 680 694 708 722 736 750 764 778 </var>
    <var as="x21" id="x22"/>
    <var as="x7" id="x23"/>
    <var as="x7" id="x24"/>
    <var as="x3" id="x25"/>
    <var as="x3" id="x26"/>
    <var as="x21" id="x27"/>
    <var as="x21" id="x28"/>
    <var as="x21" id="x29"/>
    <var as="x21" id="x30"/>
    <var as="x3" id="x31"/>
    <var as="x3" id="x32"/>
    <var as="x3" id="x33"/>
    <var as="x3" id="x34"/>
    <var as="x3" id="x35"/>
    <var as="x3" id="x36"/>
    <var as="x3" id="x37"/>
    <var as="x3" id="x38"/>
    <var as="x3" id="x39"/>
    <var as="x3" id="x40"/>
    <var as="x1" id="x41"/>
    <var as="x1" id="x42"/>
    <var as="x21" id="x43"/>
    <var as="x21" id="x44"/>
    <var as="x3" id="x45"/>
    <var as="x3" id="x46"/>
    <var as="x21" id="x47"/>
    <var as="x21" id="x48"/>
    <var as="x21" id="x49"/>
    <var as="x21" id="x50"/>
    <var as="x21" id="x51"/>
    <var as="x21" id="x52"/>
    <var as="x1" id="x53"/>
    <var as="x1" id="x54"/>
    <var as="x3" id="x55"/>
    <var as="x3" id="x56"/>
    <var as="x1" id="x57"/>
    <var as="x1" id="x58"/>
    <var as="x21" id="x59"/>
    <var as="x21" id="x60"/>
    <var as="x21" id="x61"/>
    <var as="x21" id="x62"/>
    <var as="x1" id="x63"/>
    <var as="x1" id="x64"/>
    <var as="x3" id="x65"/>
    <var as="x3" id="x66"/>
    <var as="x21" id="x67"/>
    <var as="x21" id="x68"/>
    <var as="x21" id="x69"/>
    <var as="x21" id="x70"/>
    <var as="x1" id="x71"/>
    <var as="x1" id="x72"/>
    <var as="x7" id="x73"/>
    <var as="x7" id="x74"/>
    <var as="x1" id="x75"/>
    <var as="x1" id="x76"/>
    <var as="x1" id="x77"/>
    <var as="x1" id="x78"/>
    <var as="x3" id="x79"/>
    <var as="x3" id="x80"/>
    <var as="x21" id="x81"/>
    <var as="x21" id="x82"/>
    <var as="x5" id="x83"/>
    <var as="x5" id="x84"/>
    <var as="x3" id="x85"/>
    <var as="x3" id="x86"/>
    <var as="x3" id="x87"/>
    <var as="x3" id="x88"/>
    <var as="x3" id="x89"/>
    <var as="x3" id="x90"/>
    <var as="x3" id="x91"/>
    <var as="x3" id="x92"/>
    <var as="x3" id="x93"/>
    <var as="x3" id="x94"/>
    <var as="x21" id="x95"/>
    <var as="x21" id="x96"/>
    <var as="x7" id="x97"/>
    <var as="x7" id="x98"/>
    <var as="x1" id="x99"/>
    <var as="x1" id="x100"/>
    <var as="x3" id="x101"/>
    <var as="x3" id="x102"/>
    <var as="x21" id="x103"/>
    <var as="x21" id="x104"/>
    <var as="x21" id="x105"/>
    <var as="x21" id="x106"/>
    <var id="x107"> 16 30 58 86 114 142 254 268 296 324 352 380 414 442 470 498 526 554 652 680 708 736 764 792 </var>
    <var as="x107" id="x108"/>
    <var as="x3" id="x109"/>
    <var as="x3" id="x110"/>
    <var as="x3" id="x111"/>
    <var as="x3" id="x112"/>
    <var as="x3" id="x113"/>
    <var as="x3" id="x114"/>
    <var as="x3" id="x115"/>
    <var as="x3" id="x116"/>
    <var as="x21" id="x117"/>
    <var as="x21" id="x118"/>
    <var as="x3" id="x119"/>
    <var as="x3" id="x120"/>
    <var as="x7" id="x121"/>
    <var as="x7" id="x122"/>
    <var as="x7" id="x123"/>
    <var as="x7" id="x124"/>
    <var as="x1" id="x125"/>
    <var as="x1" id="x126"/>
    <var as="x21" id="x127"/>
    <var as="x21" id="x128"/>
    <var as="x21" id="x129"/>
    <var as="x21" id="x130"/>
    <var as="x3" id="x131"/>
    <var as="x3" id="x132"/>
    <var as="x21" id="x133"/>
    <var as="x21" id="x134"/>
    <var as="x7" id="x135"/>
    <var as="x7" id="x136"/>
    <var as="x1" id="x137"/>
    <var as="x1" id="x138"/>
    <var as="x3" id="x139"/>
    <var as="x3" id="x140"/>
    <var as="x1" id="x141"/>
    <var as="x1" id="x142"/>
    <var as="x3" id="x143"/>
    <var as="x3" id="x144"/>
    <var as="x1" id="x145"/>
    <var as="x1" id="x146"/>
    <var as="x3" id="x147"/>
    <var as="x3" id="x148"/>
    <var as="x3" id="x149"/>
    <var as="x3" id="x150"/>
    <var as="x1" id="x151"/>
    <var as="x1" id="x152"/>
    <var as="x3" id="x153"/>
    <var as="x3" id="x154"/>
    <var as="x3" id="x155"/>
    <var as="x3" id="x156"/>
    <var as="x1" id="x157"/>
    <var as="x1" id="x158"/>
    <var as="x21" id="x159"/>
    <var as="x21" id="x160"/>
    <var as="x5" id="x161"/>
    <var as="x5" id="x162"/>
    <var as="x1" id="x163"/>
    <var as="x1" id="x164"/>
    <var as="x3" id="x165"/>
    <var as="x3" id="x166"/>
    <var as="x21" id="x167"/>
    <var as="x21" id="x168"/>
    <var as="x1" id="x169"/>
    <var as="x1" id="x170"/>
    <var as="x1" id="x171"/>
    <var as="x1" id="x172"/>
    <var as="x3" id="x173"/>
    <var as="x3" id="x174"/>
    <var as="x1" id="x175"/>
    <var as="x1" id="x176"/>
    <var as="x107" id="x177"/>
    <var as="x107" id="x178"/>
    <var as="x1" id="x179"/>
    <var as="x1" id="x180"/>
    <var as="x3" id="x181"/>
    <var as="x3" id="x182"/>
    <var as="x1" id="x183"/>
    <var as="x1" id="x184"/>
    <var as="x1" id="x185"/>
    <var as="x1" id="x186"/>
    <var as="x3" id="x187"/>
    <var as="x3" id="x188"/>
    <var as="x3" id="x189"/>
    <var as="x3" id="x190"/>
    <var as="x3" id="x191"/>
    <var as="x3" id="x192"/>
    <var as="x7" id="x193"/>
    <var as="x7" id="x194"/>
    <var as="x21" id="x195"/>
    <var as="x21" id="x196"/>
    <var as="x3" id="x197"/>
    <var as="x3" id="x198"/>
    <var as="x3" id="x199"/>
    <var as="x3" id="x200"/>
  </variables>
  <constraints>
    <group>
      <intension> eq(dist(%0,%1),%2) </intension>
      <args> x1 x2 238 </args>
      <args> x3 x4 238 </args>
      <args> x5 x6 238 </args>
      <args> x7 x8 238 </args>
      <args> x9 x10 238 </args>
      <args> x11 x12 238 </args>
      <args> x13 x14 238 </args>
      <args> x15 x16 238 </args>
      <args> x17 x18 238 </args>
      <args> x19 x20 238 </args>
      <args> x21 x22 238 </args>
      <args> x23 x24 238 </args>
      <args> x25 x26 238 </args>
      <args> x27 x28 238 </args>
      <args> x29 x30 238 </args>
      <args> x31 x32 238 </args>
      <args> x33 x34 238 </args>
      <args> x35 x36 238 </args>
      <args> x37 x38 238 </args>
      <args> x39 x40 238 </args>
      <args> x41 x42 238 </args>
      <args> x43 x44 238 </args>
      <args> x45 x46 238 </args>
      <args> x47 x48 238 </args>
      <args> x49 x50 238 </args>
      <args> x51 x52 238 </args>
      <args> x53 x54 238 </args>
      <args> x55 x56 238 </args>
      <args> x57 x58 238 </args>
      <args> x59 x60 238 </args>
      <args> x61 x62 238 </args>
      <args> x63 x64 238 </args>
      <args> x65 x66 238 </args>
      <args> x67 x68 238 </args>
      <args> x69 x70 238 </args>
      <args> x71 x72 238 </args>
      <args> x73 x74 238 </args>
      <args> x75 x76 238 </args>
      <args> x77 x78 238 </args>
      <args> x79 x80 238 </args>
      <args> x81 x82 238 </args>
      <args> x83 x84 238 </args>
      <args> x85 x86 238 </args>
      <args> x87 x88 238 </args>
      <args> x89 x90 238 </args>
      <args> x91 x92 238 </args>
      <args> x93 x94 238 </args>
      <args> x95 x96 238 </args>
      <args> x97 x98 238 </args>
      <args> x99 x100 238 </args>
      <args> x101 x102 238 </args>
      <args> x103 x104 238 </args>
      <args> x105 x106 238 </args>
      <args> x107 x108 238 </args>
      <args> x109 x110 238 </args>
      <args> x111 x112 238 </args>
      <args> x113 x114 238 </args>
      <args> x115 x116 238 </args>
      <args> x117 x118 238 </args>
      <args> x119 x120 238 </args>
      <args> x121 x122 238 </args>
      <args> x123 x124 238 </args>
      <args> x125 x126 238 </args>
      <args> x127 x128 238 </args>
      <args> x129 x130 238 </args>
      <args> x131 x132 238 </args>
      <args> x133 x134 238 </args>
      <args> x135 x136 238 </args>
      <args> x137 x138 238 </args>
      <args> x139 x140 238 </args>
      <args> x141 x142 238 </args>
      <args> x143 x144 238 </args>
      <args> x145 x146 238 </args>
      <args> x147 x148 238 </args>
      <args> x149 x150 238 </args>
      <args> x151 x152 238 </args>
      <args> x153 x154 238 </args>
      <args> x155 x156 238 </args>
      <args> x157 x158 238 </args>
      <args> x159 x160 238 </args>
      <args> x161 x162 238 </args>
      <args> x163 x164 238 </args>
      <args> x165 x166 238 </args>
      <args> x167 x168 238 </args>
      <args> x169 x170 238 </args>
      <args> x171 x172 238 </args>
      <args> x173 x174 238 </args>
      <args> x175 x176 238 </args>
      <args> x177 x178 238 </args>
      <args> x179 x180 238 </args>
      <args> x181 x182 238 </args>
      <args> x183 x184 238 </args>
      <args> x185 x186 238 </args>
      <args> x187 x188 238 </args>
      <args> x189 x190 238 </args>
      <args> x191 x192 238 </args>
      <args> x193 x194 238 </args>
      <args> x195 x196 238 </args>
      <args> x197 x198 238 </args>
      <args> x199 x200 238 </args>
    </group>
    <group>
      <intension> gt(dist(%0,%1),%2) </intension>
      <args> x1 x38 277 </args>
      <args> x1 x41 157 </args>
      <args> x1 x46 290 </args>
      <args> x1 x113 68 </args>
      <args> x1 x198 190 </args>
      <args> x1 x199 40 </args>
      <args> x1 x200 195 </args>
      <args> x2 x37 133 </args>
      <args> x2 x41 199 </args>
      <args> x2 x43 191 </args>
      <args> x2 x44 143 </args>
      <args> x2 x46 51 </args>
      <args> x2 x73 51 </args>
      <args> x2 x74 176 </args>
      <args> x3 x6 185 </args>
      <args> x3 x7 170 </args>
      <args> x3 x9 180 </args>
      <args> x3 x10 109 </args>
      <args> x3 x31 392 </args>
      <args> x3 x36 133 </args>
      <args> x3 x69 26 </args>
      <args> x4 x8 70 </args>
      <args> x4 x13 194 </args>
      <args> x4 x14 41 </args>
      <args> x4 x31 372 </args>
      <args> x4 x35 167 </args>
      <args> x4 x36 65 </args>
      <args> x4 x61 130 </args>
      <args> x4 x69 205 </args>
      <args> x4 x70 27 </args>
      <args> x5 x8 276 </args>
      <args> x5 x25 141 </args>
      <args> x5 x26 181 </args>
      <args> x6 x7 68 </args>
      <args> x6 x8 162 </args>
      <args> x6 x32 55 </args>
      <args> x6 x62 27 </args>
      <args> x6 x119 194 </args>
      <args> x6 x120 115 </args>
      <args> x7 x25 161 </args>
      <args> x7 x26 187 </args>
      <args> x7 x35 163 </args>
      <args> x7 x69 275 </args>
      <args> x7 x70 285 </args>
      <args> x8 x36 5 </args>
      <args> x8 x69 285 </args>
      <args> x8 x70 45 </args>
      <args> x9 x22 192 </args>
      <args> x9 x27 275 </args>
      <args> x9 x28 233 </args>
      <args> x9 x86 194 </args>
      <args> x9 x178 79 </args>
      <args> x10 x63 242 </args>
      <args> x10 x86 40 </args>
      <args> x10 x113 278 </args>
      <args> x10 x114 38 </args>
      <args> x10 x177 391 </args>
      <args> x10 x187 288 </args>
      <args> x11 x23 163 </args>
      <args> x11 x24 193 </args>
      <args> x11 x25 120 </args>
      <args> x11 x26 188 </args>
      <args> x11 x27 68 </args>
      <args> x11 x28 234 </args>
      <args> x11 x75 79 </args>
      <args> x11 x76 191 </args>
      <args> x11 x121 207 </args>
      <args> x11 x122 143 </args>
      <args> x11 x127 106 </args>
      <args> x11 x128 164 </args>
      <args> x11 x147 366 </args>
      <args> x11 x148 335 </args>
      <args> x11 x175 137 </args>
      <args> x11 x176 178 </args>
      <args> x12 x23 142 </args>
      <args> x12 x24 73 </args>
      <args> x12 x25 108 </args>
      <args> x12 x26 124 </args>
      <args> x12 x27 166 </args>
      <args> x12 x28 68 </args>
      <args> x12 x75 151 </args>
      <args> x12 x76 81 </args>
      <args> x12 x121 112 </args>
      <args> x12 x122 144 </args>
      <args> x12 x123 110 </args>
      <args> x12 x124 145 </args>
      <args> x12 x127 125 </args>
      <args> x12 x128 111 </args>
      <args> x12 x147 474 </args>
      <args> x12 x148 406 </args>
      <args> x12 x175 97 </args>
      <args> x12 x176 135 </args>
      <args> x13 x15 92 </args>
      <args> x13 x16 286 </args>
      <args> x13 x31 162 </args>
      <args> x13 x62 133 </args>
      <args> x14 x55 177 </args>
      <args> x14 x56 157 </args>
      <args> x14 x69 251 </args>
      <args> x14 x70 11 </args>
      <args> x14 x84 145 </args>
      <args> x15 x33 185 </args>
      <args> x15 x34 297 </args>
      <args> x15 x38 92 </args>
      <args> x15 x46 296 </args>
      <args> x15 x74 172 </args>
      <args> x15 x80 252 </args>
      <args> x15 x113 131 </args>
      <args> x16 x38 134 </args>
      <args> x16 x41 276 </args>
      <args> x16 x42 36 </args>
      <args> x16 x79 256 </args>
      <args> x16 x199 231 </args>
      <args> x16 x200 154 </args>
      <args> x17 x21 533 </args>
      <args> x17 x22 157 </args>
      <args> x17 x49 201 </args>
      <args> x17 x81 83 </args>
      <args> x17 x94 345 </args>
      <args> x17 x123 151 </args>
      <args> x17 x125 41 </args>
      <args> x17 x195 55 </args>
      <args> x17 x196 291 </args>
      <args> x18 x33 139 </args>
      <args> x18 x34 97 </args>
      <args> x18 x82 80 </args>
      <args> x18 x126 36 </args>
      <args> x18 x137 230 </args>
      <args> x19 x43 268 </args>
      <args> x19 x44 269 </args>
      <args> x19 x67 53 </args>
      <args> x19 x68 289 </args>
      <args> x19 x91 134 </args>
      <args> x19 x92 119 </args>
      <args> x19 x97 223 </args>
      <args> x19 x98 263 </args>
      <args> x19 x101 263 </args>
      <args> x19 x102 262 </args>
      <args> x19 x105 82 </args>
      <args> x19 x106 276 </args>
      <args> x19 x149 352 </args>
      <args> x19 x150 364 </args>
      <args> x19 x159 127 </args>
      <args> x19 x160 260 </args>
      <args> x19 x189 151 </args>
      <args> x19 x190 275 </args>
      <args> x20 x43 260 </args>
      <args> x20 x44 183 </args>
      <args> x20 x49 106 </args>
      <args> x20 x50 182 </args>
      <args> x20 x67 180 </args>
      <args> x20 x68 55 </args>
      <args> x20 x91 95 </args>
      <args> x20 x92 138 </args>
      <args> x20 x97 12 </args>
      <args> x20 x98 221 </args>
      <args> x20 x101 492 </args>
      <args> x20 x102 253 </args>
      <args> x20 x105 149 </args>
      <args> x20 x106 81 </args>
      <args> x20 x149 384 </args>
      <args> x20 x150 374 </args>
      <args> x20 x159 196 </args>
      <args> x20 x160 228 </args>
      <args> x21 x55 222 </args>
      <args> x21 x56 221 </args>
      <args> x21 x63 67 </args>
      <args> x21 x85 223 </args>
      <args> x21 x120 291 </args>
      <args> x21 x146 263 </args>
      <args> x21 x190 167 </args>
      <args> x22 x121 161 </args>
      <args> x22 x122 71 </args>
      <args> x22 x145 205 </args>
      <args> x22 x146 24 </args>
      <args> x22 x187 253 </args>
      <args> x22 x188 127 </args>
      <args> x23 x25 112 </args>
      <args> x23 x26 187 </args>
      <args> x23 x27 112 </args>
      <args> x23 x28 238 </args>
      <args> x23 x75 462 </args>
      <args> x23 x76 229 </args>
      <args> x23 x121 67 </args>
      <args> x23 x122 166 </args>
      <args> x23 x127 115 </args>
      <args> x23 x128 197 </args>
      <args> x23 x145 102 </args>
      <args> x23 x146 211 </args>
      <args> x23 x147 221 </args>
      <args> x23 x148 9 </args>
      <args> x23 x175 102 </args>
      <args> x23 x176 170 </args>
      <args> x24 x25 184 </args>
      <args> x24 x26 49 </args>
      <args> x24 x27 239 </args>
      <args> x24 x28 5 </args>
      <args> x24 x75 228 </args>
      <args> x24 x76 3 </args>
      <args> x24 x121 133 </args>
      <args> x24 x122 67 </args>
      <args> x24 x127 196 </args>
      <args> x24 x128 35 </args>
      <args> x24 x147 260 </args>
      <args> x24 x148 222 </args>
      <args> x24 x175 173 </args>
      <args> x24 x176 58 </args>
      <args> x25 x27 51 </args>
      <args> x25 x28 178 </args>
      <args> x25 x75 38 </args>
      <args> x25 x76 191 </args>
      <args> x25 x121 202 </args>
      <args> x25 x122 257 </args>
      <args> x25 x127 11 </args>
      <args> x25 x128 221 </args>
      <args> x25 x145 25 </args>
      <args> x25 x146 209 </args>
      <args> x25 x147 281 </args>
      <args> x25 x148 268 </args>
      <args> x25 x175 10 </args>
      <args> x25 x176 246 </args>
      <args> x26 x27 289 </args>
      <args> x26 x28 54 </args>
      <args> x26 x57 220 </args>
      <args> x26 x58 13 </args>
      <args> x26 x75 276 </args>
      <args> x26 x76 39 </args>
      <args> x26 x121 255 </args>
      <args> x26 x122 18 </args>
      <args> x26 x127 251 </args>
      <args> x26 x128 10 </args>
      <args> x26 x147 258 </args>
      <args> x26 x148 171 </args>
      <args> x26 x175 220 </args>
      <args> x26 x176 9 </args>
      <args> x27 x75 11 </args>
      <args> x27 x76 251 </args>
      <args> x27 x121 109 </args>
      <args> x27 x122 118 </args>
      <args> x27 x127 40 </args>
      <args> x27 x128 275 </args>
      <args> x27 x147 189 </args>
      <args> x27 x148 111 </args>
      <args> x27 x175 65 </args>
      <args> x27 x176 206 </args>
      <args> x28 x75 220 </args>
      <args> x28 x76 8 </args>
      <args> x28 x121 194 </args>
      <args> x28 x122 75 </args>
      <args> x28 x127 190 </args>
      <args> x28 x128 40 </args>
      <args> x28 x147 104 </args>
      <args> x28 x148 227 </args>
      <args> x28 x175 165 </args>
      <args> x28 x176 68 </args>
      <args> x29 x81 155 </args>
      <args> x29 x83 292 </args>
      <args> x29 x84 216 </args>
      <args> x29 x125 199 </args>
      <args> x29 x137 9 </args>
      <args> x30 x91 193 </args>
      <args> x30 x92 131 </args>
      <args> x30 x138 13 </args>
      <args> x30 x196 210 </args>
      <args> x31 x61 22 </args>
      <args> x32 x61 206 </args>
      <args> x32 x77 104 </args>
      <args> x32 x78 200 </args>
      <args> x33 x72 229 </args>
      <args> x33 x91 38 </args>
      <args> x33 x92 276 </args>
      <args> x33 x141 143 </args>
      <args> x33 x142 210 </args>
      <args> x33 x154 252 </args>
      <args> x33 x172 234 </args>
      <args> x34 x51 288 </args>
      <args> x34 x52 67 </args>
      <args> x34 x103 115 </args>
      <args> x34 x108 55 </args>
      <args> x34 x141 298 </args>
      <args> x34 x154 70 </args>
      <args> x35 x195 122 </args>
      <args> x35 x196 240 </args>
      <args> x36 x62 199 </args>
      <args> x36 x83 220 </args>
      <args> x37 x41 94 </args>
      <args> x37 x57 136 </args>
      <args> x37 x58 248 </args>
      <args> x37 x80 126 </args>
      <args> x37 x114 181 </args>
      <args> x38 x41 139 </args>
      <args> x38 x42 92 </args>
      <args> x38 x114 186 </args>
      <args> x38 x197 375 </args>
      <args> x39 x61 26 </args>
      <args> x39 x62 262 </args>
      <args> x39 x104 260 </args>
      <args> x39 x107 36 </args>
      <args> x39 x108 276 </args>
      <args> x39 x172 141 </args>
      <args> x40 x103 206 </args>
      <args> x40 x107 190 </args>
      <args> x40 x112 484 </args>
      <args> x40 x171 439 </args>
      <args> x41 x113 219 </args>
      <args> x42 x45 337 </args>
      <args> x42 x74 18 </args>
      <args> x42 x79 294 </args>
      <args> x43 x67 187 </args>
      <args> x43 x68 209 </args>
      <args> x43 x91 129 </args>
      <args> x43 x92 285 </args>
      <args> x43 x97 208 </args>
      <args> x43 x98 197 </args>
      <args> x43 x101 68 </args>
      <args> x43 x102 163 </args>
      <args> x43 x103 276 </args>
      <args> x43 x104 220 </args>
      <args> x43 x105 532 </args>
      <args> x43 x106 289 </args>
      <args> x43 x149 109 </args>
      <args> x43 x150 125 </args>
      <args> x43 x159 41 </args>
      <args> x43 x160 194 </args>
      <args> x44 x67 189 </args>
      <args> x44 x68 131 </args>
      <args> x44 x91 283 </args>
      <args> x44 x92 45 </args>
      <args> x44 x93 139 </args>
      <args> x44 x94 107 </args>
      <args> x44 x97 201 </args>
      <args> x44 x98 32 </args>
      <args> x44 x101 304 </args>
      <args> x44 x102 67 </args>
      <args> x44 x105 128 </args>
      <args> x44 x106 101 </args>
      <args> x44 x149 181 </args>
      <args> x44 x150 111 </args>
      <args> x44 x159 279 </args>
      <args> x44 x160 37 </args>
      <args> x45 x79 38 </args>
      <args> x45 x85 11 </args>
      <args> x45 x86 251 </args>
      <args> x46 x73 106 </args>
      <args> x46 x101 280 </args>
      <args> x46 x102 158 </args>
      <args> x47 x51 127 </args>
      <args> x47 x66 164 </args>
      <args> x47 x89 215 </args>
      <args> x47 x100 238 </args>
      <args> x47 x179 24 </args>
      <args> x48 x51 217 </args>
      <args> x48 x65 167 </args>
      <args> x48 x90 229 </args>
      <args> x48 x100 65 </args>
      <args> x48 x157 288 </args>
      <args> x48 x158 50 </args>
      <args> x49 x93 111 </args>
      <args> x49 x123 194 </args>
      <args> x49 x126 106 </args>
      <args> x49 x133 531 </args>
      <args> x49 x134 152 </args>
      <args> x49 x196 368 </args>
      <args> x50 x115 289 </args>
      <args> x50 x116 182 </args>
      <args> x50 x195 291 </args>
      <args> x50 x196 129 </args>
      <args> x51 x54 251 </args>
      <args> x51 x65 174 </args>
      <args> x51 x155 78 </args>
      <args> x51 x193 193 </args>
      <args> x51 x194 271 </args>
      <args> x52 x66 267 </args>
      <args> x52 x117 135 </args>
      <args> x52 x180 170 </args>
      <args> x53 x66 106 </args>
      <args> x53 x100 352 </args>
      <args> x53 x157 228 </args>
      <args> x53 x158 153 </args>
      <args> x53 x180 282 </args>
      <args> x54 x65 174 </args>
      <args> x54 x90 40 </args>
      <args> x54 x97 54 </args>
      <args> x54 x98 179 </args>
      <args> x54 x99 297 </args>
      <args> x54 x117 152 </args>
      <args> x54 x118 78 </args>
      <args> x54 x180 154 </args>
      <args> x55 x59 152 </args>
      <args> x55 x60 250 </args>
      <args> x55 x87 138 </args>
      <args> x55 x88 224 </args>
      <args> x55 x135 124 </args>
      <args> x55 x136 238 </args>
      <args> x55 x145 271 </args>
      <args> x55 x146 124 </args>
      <args> x55 x151 166 </args>
      <args> x55 x152 423 </args>
      <args> x55 x165 11 </args>
      <args> x55 x166 251 </args>
      <args> x55 x167 278 </args>
      <args> x55 x168 179 </args>
      <args> x55 x183 275 </args>
      <args> x55 x184 351 </args>
      <args> x55 x191 94 </args>
      <args> x55 x192 138 </args>
      <args> x56 x59 224 </args>
      <args> x56 x60 126 </args>
      <args> x56 x87 439 </args>
      <args> x56 x88 200 </args>
      <args> x56 x135 107 </args>
      <args> x56 x136 120 </args>
      <args> x56 x147 132 </args>
      <args> x56 x148 95 </args>
      <args> x56 x151 221 </args>
      <args> x56 x152 185 </args>
      <args> x56 x165 218 </args>
      <args> x56 x166 11 </args>
      <args> x56 x167 234 </args>
      <args> x56 x168 87 </args>
      <args> x56 x183 214 </args>
      <args> x56 x184 116 </args>
      <args> x56 x191 216 </args>
      <args> x56 x192 96 </args>
      <args> x57 x110 268 </args>
      <args> x57 x129 236 </args>
      <args> x57 x143 252 </args>
      <args> x57 x157 123 </args>
      <args> x57 x167 23 </args>
      <args> x57 x168 208 </args>
      <args> x57 x173 139 </args>
      <args> x58 x129 294 </args>
      <args> x58 x130 59 </args>
      <args> x58 x139 273 </args>
      <args> x58 x143 194 </args>
      <args> x58 x151 144 </args>
      <args> x58 x152 123 </args>
      <args> x58 x163 215 </args>
      <args> x59 x87 68 </args>
      <args> x59 x88 163 </args>
      <args> x59 x135 113 </args>
      <args> x59 x136 241 </args>
      <args> x59 x151 50 </args>
      <args> x59 x152 179 </args>
      <args> x59 x161 531 </args>
      <args> x59 x162 104 </args>
      <args> x59 x165 230 </args>
      <args> x59 x166 115 </args>
      <args> x59 x167 36 </args>
      <args> x59 x168 275 </args>
      <args> x59 x183 10 </args>
      <args> x59 x184 249 </args>
      <args> x59 x191 271 </args>
      <args> x59 x192 171 </args>
      <args> x60 x87 240 </args>
      <args> x60 x88 66 </args>
      <args> x60 x135 238 </args>
      <args> x60 x136 5 </args>
      <args> x60 x145 207 </args>
      <args> x60 x146 26 </args>
      <args> x60 x151 289 </args>
      <args> x60 x152 52 </args>
      <args> x60 x165 279 </args>
      <args> x60 x166 115 </args>
      <args> x60 x167 190 </args>
      <args> x60 x168 41 </args>
      <args> x60 x183 218 </args>
      <args> x60 x184 11 </args>
      <args> x60 x191 184 </args>
      <args> x60 x192 229 </args>
      <args> x61 x75 209 </args>
      <args> x61 x76 270 </args>
      <args> x63 x65 135 </args>
      <args> x63 x66 93 </args>
      <args> x63 x85 100 </args>
      <args> x63 x86 282 </args>
      <args> x63 x119 12 </args>
      <args> x65 x67 255 </args>
      <args> x65 x68 222 </args>
      <args> x65 x89 378 </args>
      <args> x65 x180 231 </args>
      <args> x66 x183 151 </args>
      <args> x66 x184 78 </args>
      <args> x67 x91 78 </args>
      <args> x67 x92 218 </args>
      <args> x67 x97 164 </args>
      <args> x67 x98 401 </args>
      <args> x67 x99 206 </args>
      <args> x67 x100 277 </args>
      <args> x67 x101 210 </args>
      <args> x67 x102 176 </args>
      <args> x67 x105 24 </args>
      <args> x67 x106 262 </args>
      <args> x67 x149 292 </args>
      <args> x67 x150 477 </args>
      <args> x67 x159 297 </args>
      <args> x67 x160 144 </args>
      <args> x68 x91 148 </args>
      <args> x68 x92 80 </args>
      <args> x68 x97 68 </args>
      <args> x68 x98 165 </args>
      <args> x68 x101 436 </args>
      <args> x68 x102 198 </args>
      <args> x68 x105 208 </args>
      <args> x68 x106 24 </args>
      <args> x68 x149 114 </args>
      <args> x68 x150 239 </args>
      <args> x68 x159 120 </args>
      <args> x68 x160 170 </args>
      <args> x69 x83 535 </args>
      <args> x71 x107 127 </args>
      <args> x71 x111 80 </args>
      <args> x71 x142 209 </args>
      <args> x71 x153 38 </args>
      <args> x71 x157 65 </args>
      <args> x71 x158 166 </args>
      <args> x71 x171 12 </args>
      <args> x72 x111 295 </args>
      <args> x72 x141 265 </args>
      <args> x72 x171 220 </args>
      <args> x72 x187 236 </args>
      <args> x72 x188 113 </args>
      <args> x73 x79 80 </args>
      <args> x74 x95 294 </args>
      <args> x74 x96 166 </args>
      <args> x75 x121 286 </args>
      <args> x75 x122 299 </args>
      <args> x75 x127 22 </args>
      <args> x75 x128 263 </args>
      <args> x75 x147 109 </args>
      <args> x75 x148 212 </args>
      <args> x75 x163 274 </args>
      <args> x75 x164 259 </args>
      <args> x75 x175 53 </args>
      <args> x75 x176 291 </args>
      <args> x76 x121 297 </args>
      <args> x76 x122 56 </args>
      <args> x76 x127 209 </args>
      <args> x76 x128 27 </args>
      <args> x76 x147 144 </args>
      <args> x76 x148 215 </args>
      <args> x76 x175 181 </args>
      <args> x76 x176 51 </args>
      <args> x77 x95 105 </args>
      <args> x77 x96 136 </args>
      <args> x77 x115 247 </args>
      <args> x77 x116 203 </args>
      <args> x77 x119 25 </args>
      <args> x77 x120 261 </args>
      <args> x77 x133 106 </args>
      <args> x77 x134 119 </args>
      <args> x77 x161 241 </args>
      <args> x77 x162 237 </args>
      <args> x77 x169 291 </args>
      <args> x77 x170 141 </args>
      <args> x77 x181 93 </args>
      <args> x77 x182 134 </args>
      <args> x77 x185 41 </args>
      <args> x77 x186 193 </args>
      <args> x77 x193 188 </args>
      <args> x77 x194 212 </args>
      <args> x78 x95 383 </args>
      <args> x78 x96 143 </args>
      <args> x78 x115 289 </args>
      <args> x78 x116 198 </args>
      <args> x78 x133 116 </args>
      <args> x78 x134 113 </args>
      <args> x78 x161 138 </args>
      <args> x78 x162 85 </args>
      <args> x78 x169 179 </args>
      <args> x78 x170 158 </args>
      <args> x78 x181 298 </args>
      <args> x78 x182 93 </args>
      <args> x78 x183 246 </args>
      <args> x78 x184 10 </args>
      <args> x78 x185 278 </args>
      <args> x78 x186 37 </args>
      <args> x78 x193 215 </args>
      <args> x78 x194 20 </args>
      <args> x79 x197 136 </args>
      <args> x79 x199 137 </args>
      <args> x79 x200 96 </args>
      <args> x80 x197 277 </args>
      <args> x80 x198 139 </args>
      <args> x81 x135 136 </args>
      <args> x81 x136 213 </args>
      <args> x81 x196 204 </args>
      <args> x82 x93 206 </args>
      <args> x84 x185 284 </args>
      <args> x84 x186 129 </args>
      <args> x85 x119 535 </args>
      <args> x85 x120 297 </args>
      <args> x85 x157 126 </args>
      <args> x85 x158 237 </args>
      <args> x85 x187 8 </args>
      <args> x85 x190 187 </args>
      <args> x86 x145 324 </args>
      <args> x86 x151 116 </args>
      <args> x86 x152 172 </args>
      <args> x86 x188 13 </args>
      <args> x87 x135 242 </args>
      <args> x87 x136 172 </args>
      <args> x87 x151 12 </args>
      <args> x87 x152 248 </args>
      <args> x87 x165 112 </args>
      <args> x87 x166 263 </args>
      <args> x87 x167 110 </args>
      <args> x87 x168 183 </args>
      <args> x87 x183 81 </args>
      <args> x87 x184 240 </args>
      <args> x87 x191 444 </args>
      <args> x87 x192 496 </args>
      <args> x88 x135 174 </args>
      <args> x88 x136 71 </args>
      <args> x88 x151 223 </args>
      <args> x88 x152 10 </args>
      <args> x88 x159 165 </args>
      <args> x88 x160 69 </args>
      <args> x88 x165 420 </args>
      <args> x88 x166 182 </args>
      <args> x88 x167 124 </args>
      <args> x88 x168 106 </args>
      <args> x88 x183 151 </args>
      <args> x88 x184 80 </args>
      <args> x88 x191 527 </args>
      <args> x88 x192 469 </args>
      <args> x89 x100 222 </args>
      <args> x89 x180 435 </args>
      <args> x90 x117 109 </args>
      <args> x90 x118 120 </args>
      <args> x91 x97 80 </args>
      <args> x91 x98 262 </args>
      <args> x91 x101 153 </args>
      <args> x91 x102 181 </args>
      <args> x91 x105 50 </args>
      <args> x91 x106 179 </args>
      <args> x91 x149 199 </args>
      <args> x91 x150 211 </args>
      <args> x91 x159 228 </args>
      <args> x91 x160 267 </args>
      <args> x92 x97 153 </args>
      <args> x92 x98 80 </args>
      <args> x92 x101 140 </args>
      <args> x92 x102 114 </args>
      <args> x92 x105 293 </args>
      <args> x92 x106 52 </args>
      <args> x92 x149 239 </args>
      <args> x92 x150 158 </args>
      <args> x92 x159 294 </args>
      <args> x92 x160 85 </args>
      <args> x93 x137 9 </args>
      <args> x93 x196 271 </args>
      <args> x94 x123 182 </args>
      <args> x95 x109 50 </args>
      <args> x95 x110 177 </args>
      <args> x95 x115 53 </args>
      <args> x95 x116 179 </args>
      <args> x95 x133 26 </args>
      <args> x95 x134 262 </args>
      <args> x95 x161 54 </args>
      <args> x95 x162 293 </args>
      <args> x95 x169 13 </args>
      <args> x95 x170 220 </args>
      <args> x95 x181 284 </args>
      <args> x95 x182 145 </args>
      <args> x95 x185 195 </args>
      <args> x95 x186 247 </args>
      <args> x95 x193 165 </args>
      <args> x95 x194 287 </args>
      <args> x96 x115 293 </args>
      <args> x96 x116 50 </args>
      <args> x96 x133 207 </args>
      <args> x96 x134 24 </args>
      <args> x96 x161 180 </args>
      <args> x96 x162 52 </args>
      <args> x96 x169 248 </args>
      <args> x96 x170 13 </args>
      <args> x96 x181 148 </args>
      <args> x96 x182 241 </args>
      <args> x96 x185 143 </args>
      <args> x96 x186 187 </args>
      <args> x96 x187 191 </args>
      <args> x96 x188 40 </args>
      <args> x96 x193 67 </args>
      <args> x96 x194 166 </args>
      <args> x97 x101 270 </args>
      <args> x97 x102 268 </args>
      <args> x97 x105 134 </args>
      <args> x97 x106 95 </args>
      <args> x97 x149 244 </args>
      <args> x97 x150 229 </args>
      <args> x97 x159 198 </args>
      <args> x97 x160 239 </args>
      <args> x98 x101 267 </args>
      <args> x98 x102 32 </args>
      <args> x98 x105 254 </args>
      <args> x98 x106 134 </args>
      <args> x98 x149 183 </args>
      <args> x98 x150 75 </args>
      <args> x98 x159 240 </args>
      <args> x98 x160 5 </args>
      <args> x99 x118 267 </args>
      <args> x99 x155 260 </args>
      <args> x99 x156 283 </args>
      <args> x99 x179 39 </args>
      <args> x99 x180 194 </args>
      <args> x100 x155 284 </args>
      <args> x100 x193 170 </args>
      <args> x100 x194 60 </args>
      <args> x101 x105 184 </args>
      <args> x101 x106 214 </args>
      <args> x101 x149 40 </args>
      <args> x101 x150 191 </args>
      <args> x101 x159 24 </args>
      <args> x101 x160 263 </args>
      <args> x102 x105 408 </args>
      <args> x102 x106 173 </args>
      <args> x102 x149 276 </args>
      <args> x102 x150 38 </args>
      <args> x102 x159 206 </args>
      <args> x102 x160 27 </args>
      <args> x102 x169 450 </args>
      <args> x102 x170 214 </args>
      <args> x103 x145 124 </args>
      <args> x103 x146 283 </args>
      <args> x103 x153 534 </args>
      <args> x103 x172 206 </args>
      <args> x104 x107 218 </args>
      <args> x104 x111 296 </args>
      <args> x104 x143 194 </args>
      <args> x104 x144 38 </args>
      <args> x105 x149 535 </args>
      <args> x105 x150 145 </args>
      <args> x105 x159 249 </args>
      <args> x105 x160 108 </args>
      <args> x106 x149 207 </args>
      <args> x106 x150 210 </args>
      <args> x106 x159 102 </args>
      <args> x106 x160 145 </args>
      <args> x107 x112 278 </args>
      <args> x107 x145 237 </args>
      <args> x107 x146 244 </args>
      <args> x107 x172 208 </args>
      <args> x108 x111 248 </args>
      <args> x108 x112 252 </args>
      <args> x108 x142 201 </args>
      <args> x109 x144 305 </args>
      <args> x109 x183 202 </args>
      <args> x109 x184 199 </args>
      <args> x110 x132 187 </args>
      <args> x110 x143 162 </args>
      <args> x111 x141 55 </args>
      <args> x111 x153 125 </args>
      <args> x111 x171 96 </args>
      <args> x112 x142 54 </args>
      <args> x115 x133 82 </args>
      <args> x115 x134 127 </args>
      <args> x115 x161 109 </args>
      <args> x115 x162 344 </args>
      <args> x115 x163 41 </args>
      <args> x115 x164 279 </args>
      <args> x115 x169 38 </args>
      <args> x115 x170 277 </args>
      <args> x115 x181 534 </args>
      <args> x115 x182 394 </args>
      <args> x115 x185 532 </args>
      <args> x115 x186 231 </args>
      <args> x115 x193 222 </args>
      <args> x115 x194 145 </args>
      <args> x116 x133 151 </args>
      <args> x116 x134 78 </args>
      <args> x116 x145 158 </args>
      <args> x116 x146 197 </args>
      <args> x116 x161 125 </args>
      <args> x116 x162 111 </args>
      <args> x116 x169 193 </args>
      <args> x116 x170 41 </args>
      <args> x116 x181 491 </args>
      <args> x116 x182 399 </args>
      <args> x116 x185 119 </args>
      <args> x116 x186 241 </args>
      <args> x116 x193 10 </args>
      <args> x116 x194 220 </args>
      <args> x117 x156 219 </args>
      <args> x117 x180 225 </args>
      <args> x119 x177 206 </args>
      <args> x119 x187 193 </args>
      <args> x119 x190 109 </args>
      <args> x120 x145 264 </args>
      <args> x121 x125 108 </args>
      <args> x121 x126 122 </args>
      <args> x121 x127 252 </args>
      <args> x121 x128 268 </args>
      <args> x121 x147 150 </args>
      <args> x121 x148 79 </args>
      <args> x121 x175 179 </args>
      <args> x121 x176 238 </args>
      <args> x122 x127 267 </args>
      <args> x122 x128 28 </args>
      <args> x122 x147 289 </args>
      <args> x122 x148 148 </args>
      <args> x122 x175 243 </args>
      <args> x122 x176 5 </args>
      <args> x123 x137 159 </args>
      <args> x123 x138 368 </args>
      <args> x123 x196 136 </args>
      <args> x124 x133 199 </args>
      <args> x124 x134 65 </args>
      <args> x124 x137 140 </args>
      <args> x124 x195 207 </args>
      <args> x125 x195 11 </args>
      <args> x126 x137 481 </args>
      <args> x127 x133 234 </args>
      <args> x127 x134 163 </args>
      <args> x127 x147 118 </args>
      <args> x127 x148 424 </args>
      <args> x127 x175 27 </args>
      <args> x127 x176 260 </args>
      <args> x128 x147 223 </args>
      <args> x128 x148 182 </args>
      <args> x128 x175 206 </args>
      <args> x128 x176 26 </args>
      <args> x129 x131 221 </args>
      <args> x129 x132 135 </args>
      <args> x129 x144 204 </args>
      <args> x129 x157 124 </args>
      <args> x130 x132 86 </args>
      <args> x130 x140 155 </args>
      <args> x130 x143 261 </args>
      <args> x130 x144 26 </args>
      <args> x130 x145 284 </args>
      <args> x130 x146 102 </args>
      <args> x130 x164 50 </args>
      <args> x131 x140 163 </args>
      <args> x132 x165 161 </args>
      <args> x132 x166 73 </args>
      <args> x133 x161 25 </args>
      <args> x133 x162 262 </args>
      <args> x133 x163 38 </args>
      <args> x133 x164 190 </args>
      <args> x133 x169 36 </args>
      <args> x133 x170 190 </args>
      <args> x133 x181 117 </args>
      <args> x133 x182 452 </args>
      <args> x133 x185 239 </args>
      <args> x133 x186 250 </args>
      <args> x133 x193 136 </args>
      <args> x133 x194 222 </args>
      <args> x134 x161 208 </args>
      <args> x134 x162 22 </args>
      <args> x134 x169 274 </args>
      <args> x134 x170 39 </args>
      <args> x134 x181 451 </args>
      <args> x134 x182 213 </args>
      <args> x134 x185 269 </args>
      <args> x134 x186 154 </args>
      <args> x134 x193 94 </args>
      <args> x134 x194 137 </args>
      <args> x135 x151 105 </args>
      <args> x135 x152 295 </args>
      <args> x135 x157 274 </args>
      <args> x135 x158 294 </args>
      <args> x135 x165 111 </args>
      <args> x135 x166 122 </args>
      <args> x135 x167 195 </args>
      <args> x135 x168 199 </args>
      <args> x135 x183 109 </args>
      <args> x135 x184 224 </args>
      <args> x135 x191 223 </args>
      <args> x135 x192 8 </args>
      <args> x136 x151 294 </args>
      <args> x136 x152 56 </args>
      <args> x136 x165 295 </args>
      <args> x136 x166 111 </args>
      <args> x136 x167 198 </args>
      <args> x136 x168 30 </args>
      <args> x136 x183 226 </args>
      <args> x136 x184 2 </args>
      <args> x136 x191 177 </args>
      <args> x136 x192 223 </args>
      <args> x138 x197 522 </args>
      <args> x138 x198 283 </args>
      <args> x140 x143 215 </args>
      <args> x140 x158 22 </args>
      <args> x140 x174 36 </args>
      <args> x141 x153 64 </args>
      <args> x142 x171 193 </args>
      <args> x142 x172 38 </args>
      <args> x143 x159 269 </args>
      <args> x143 x160 297 </args>
      <args> x143 x163 22 </args>
      <args> x144 x173 286 </args>
      <args> x145 x188 105 </args>
      <args> x145 x189 95 </args>
      <args> x146 x187 341 </args>
      <args> x146 x190 97 </args>
      <args> x147 x161 110 </args>
      <args> x147 x162 279 </args>
      <args> x147 x175 233 </args>
      <args> x147 x176 394 </args>
      <args> x148 x175 176 </args>
      <args> x148 x176 154 </args>
      <args> x149 x159 65 </args>
      <args> x149 x160 282 </args>
      <args> x150 x159 166 </args>
      <args> x150 x160 69 </args>
      <args> x151 x165 152 </args>
      <args> x151 x166 236 </args>
      <args> x151 x167 97 </args>
      <args> x151 x168 248 </args>
      <args> x151 x183 64 </args>
      <args> x151 x184 192 </args>
      <args> x151 x191 149 </args>
      <args> x151 x192 269 </args>
      <args> x151 x197 137 </args>
      <args> x151 x198 182 </args>
      <args> x152 x165 113 </args>
      <args> x152 x166 171 </args>
      <args> x152 x167 139 </args>
      <args> x152 x168 96 </args>
      <args> x152 x173 246 </args>
      <args> x152 x174 13 </args>
      <args> x152 x183 167 </args>
      <args> x152 x184 65 </args>
      <args> x152 x191 256 </args>
      <args> x152 x192 285 </args>
      <args> x154 x175 222 </args>
      <args> x154 x176 10 </args>
      <args> x156 x180 84 </args>
      <args> x156 x181 203 </args>
      <args> x156 x182 182 </args>
      <args> x158 x173 251 </args>
      <args> x158 x191 198 </args>
      <args> x158 x192 283 </args>
      <args> x159 x169 135 </args>
      <args> x159 x170 272 </args>
      <args> x160 x163 149 </args>
      <args> x160 x164 186 </args>
      <args> x161 x167 129 </args>
      <args> x161 x168 201 </args>
      <args> x161 x169 69 </args>
      <args> x161 x170 167 </args>
      <args> x161 x181 269 </args>
      <args> x161 x182 202 </args>
      <args> x161 x185 531 </args>
      <args> x161 x186 248 </args>
      <args> x161 x193 111 </args>
      <args> x161 x194 110 </args>
      <args> x162 x169 135 </args>
      <args> x162 x170 69 </args>
      <args> x162 x173 218 </args>
      <args> x162 x174 183 </args>
      <args> x162 x181 282 </args>
      <args> x162 x182 184 </args>
      <args> x162 x185 198 </args>
      <args> x162 x186 127 </args>
      <args> x162 x193 125 </args>
      <args> x162 x194 110 </args>
      <args> x164 x174 253 </args>
      <args> x164 x183 276 </args>
      <args> x164 x184 170 </args>
      <args> x165 x167 118 </args>
      <args> x165 x168 178 </args>
      <args> x165 x183 130 </args>
      <args> x165 x184 127 </args>
      <args> x165 x191 108 </args>
      <args> x165 x192 124 </args>
      <args> x166 x167 240 </args>
      <args> x166 x168 70 </args>
      <args> x166 x183 156 </args>
      <args> x166 x184 98 </args>
      <args> x166 x191 197 </args>
      <args> x166 x192 106 </args>
      <args> x167 x183 22 </args>
      <args> x167 x184 207 </args>
      <args> x167 x191 226 </args>
      <args> x167 x192 119 </args>
      <args> x168 x183 262 </args>
      <args> x168 x184 23 </args>
      <args> x168 x191 237 </args>
      <args> x168 x192 182 </args>
      <args> x169 x181 248 </args>
      <args> x169 x182 172 </args>
      <args> x169 x185 188 </args>
      <args> x169 x186 270 </args>
      <args> x169 x193 178 </args>
      <args> x169 x194 184 </args>
      <args> x170 x181 188 </args>
      <args> x170 x182 255 </args>
      <args> x170 x185 438 </args>
      <args> x170 x186 200 </args>
      <args> x170 x191 276 </args>
      <args> x170 x192 41 </args>
      <args> x170 x193 55 </args>
      <args> x170 x194 181 </args>
      <args> x172 x175 193 </args>
      <args> x172 x176 36 </args>
      <args> x174 x179 138 </args>
      <args> x174 x180 97 </args>
      <args> x176 x195 281 </args>
      <args> x176 x196 101 </args>
      <args> x178 x189 308 </args>
      <args> x180 x187 338 </args>
      <args> x180 x188 103 </args>
      <args> x181 x183 83 </args>
      <args> x181 x184 282 </args>
      <args> x181 x185 51 </args>
      <args> x181 x186 289 </args>
      <args> x181 x193 246 </args>
      <args> x181 x194 205 </args>
      <args> x182 x185 176 </args>
      <args> x182 x186 55 </args>
      <args> x182 x187 191 </args>
      <args> x182 x188 199 </args>
      <args> x182 x193 264 </args>
      <args> x182 x194 70 </args>
      <args> x183 x191 137 </args>
      <args> x183 x192 182 </args>
      <args> x184 x191 201 </args>
      <args> x184 x192 213 </args>
      <args> x185 x193 299 </args>
      <args> x185 x194 252 </args>
      <args> x186 x193 254 </args>
      <args> x186 x194 14 </args>
      <args> x186 x195 420 </args>
      <args> x186 x196 184 </args>
      <args> x190 x195 202 </args>
      <args> x190 x196 238 </args>
      <args> x192 x195 180 </args>
      <args> x192 x196 51 </args>
      <args> x194 x197 202 </args>
      <args> x194 x198 218 </args>
      <args> x196 x197 292 </args>
      <args> x196 x198 54 </args>
    </group>
  </constraints>
</instance>
